ticker,buy_date,pnl_pct,is_grid_trial,streak_day,buy_year,bucket
5269,2021-02-01,1.66,0,1,2021,1.第1天
2330,2021-02-01,2.49,0,1,2021,1.第1天
3529,2021-02-01,5.0,0,1,2021,1.第1天
3443,2021-02-22,-0.91,0,1,2021,1.第1天
6274,2021-02-22,-8.75,0,2,2021,2.第2天
8299,2021-02-22,-1.62,0,3,2021,3.第3天
2368,2021-03-08,-5.19,0,3,2021,3.第3天
2356,2021-03-08,-0.79,0,4,2021,4.第4-5天
2357,2021-03-08,-1.54,0,1,2021,1.第1天
3661,2021-03-15,0.68,0,1,2021,1.第1天
2324,2021-03-15,0.92,0,1,2021,1.第1天
3529,2021-03-15,1.2,0,1,2021,1.第1天
2317,2021-03-22,-2.13,0,1,2021,1.第1天
2308,2021-03-22,-1.12,0,1,2021,1.第1天
2383,2021-03-22,-1.77,0,1,2021,1.第1天
6531,2021-03-29,-2.72,0,0,2021,0.非同買日
3034,2021-03-29,2.06,0,0,2021,0.非同買日
3189,2021-03-29,10.78,0,0,2021,0.非同買日
2376,2021-04-12,2.75,0,2,2021,2.第2天
2303,2021-04-12,-2.27,0,0,2021,0.非同買日
2353,2021-04-12,-0.75,0,1,2021,1.第1天
2308,2021-04-19,0.4,0,1,2021,1.第1天
2376,2021-04-19,-3.76,0,1,2021,1.第1天
2353,2021-04-19,2.0,0,0,2021,0.非同買日
2303,2021-04-26,-3.49,0,1,2021,1.第1天
2376,2021-04-26,2.38,0,2,2021,2.第2天
3533,2021-04-26,-0.21,0,2,2021,2.第2天
3529,2021-05-03,-8.36,0,4,2021,4.第4-5天
3035,2021-05-03,-5.3,0,3,2021,3.第3天
2376,2021-05-03,-1.79,0,1,2021,1.第1天
3533,2021-05-10,-9.79,0,2,2021,2.第2天
2353,2021-05-10,-11.19,0,1,2021,1.第1天
2376,2021-05-10,-19.24,0,0,2021,0.非同買日
5269,2021-05-17,3.19,0,2,2021,2.第2天
3533,2021-05-17,1.15,0,0,2021,0.非同買日
3653,2021-05-17,4.92,0,0,2021,0.非同買日
5269,2021-05-24,8.67,0,1,2021,1.第1天
3653,2021-05-24,3.05,0,1,2021,1.第1天
2059,2021-05-24,-0.73,0,3,2021,3.第3天
5269,2021-05-31,-8.17,0,3,2021,3.第3天
3037,2021-05-31,-2.37,0,2,2021,2.第2天
2368,2021-05-31,3.36,0,1,2021,1.第1天
3653,2021-06-07,-3.32,0,2,2021,2.第2天
8046,2021-06-07,2.08,0,3,2021,3.第3天
3017,2021-06-07,-1.84,0,1,2021,1.第1天
2383,2021-06-21,-0.6,0,2,2021,2.第2天
3443,2021-06-21,-0.6,0,5,2021,4.第4-5天
2368,2021-06-21,7.55,0,1,2021,1.第1天
3035,2021-06-28,-0.86,0,1,2021,1.第1天
2308,2021-06-28,1.41,0,1,2021,1.第1天
2455,2021-06-28,-3.48,0,0,2021,0.非同買日
2308,2021-07-05,-0.76,0,2,2021,2.第2天
2455,2021-07-05,5.86,0,0,2021,0.非同買日
2368,2021-07-05,3.0,0,1,2021,1.第1天
2455,2021-07-12,-1.94,0,1,2021,1.第1天
8046,2021-07-12,0.8,0,1,2021,1.第1天
3443,2021-07-12,-3.82,0,2,2021,2.第2天
3443,2021-07-19,-5.71,0,1,2021,1.第1天
5269,2021-07-19,-1.13,0,0,2021,0.非同買日
4966,2021-07-19,2.15,0,0,2021,0.非同買日
3037,2021-07-26,-6.04,0,1,2021,1.第1天
3661,2021-07-26,-6.13,0,1,2021,1.第1天
3131,2021-07-26,-4.7,0,2,2021,2.第2天
6531,2021-08-02,-5.07,0,1,2021,1.第1天
4966,2021-08-02,-0.6,0,1,2021,1.第1天
3131,2021-08-02,2.46,0,7,2021,5.第6天以上
2303,2021-08-09,-3.81,0,3,2021,3.第3天
2059,2021-08-09,-2.45,0,0,2021,0.非同買日
2356,2021-08-16,-0.6,0,3,2021,3.第3天
3081,2021-08-16,-8.08,0,0,2021,0.非同買日
2059,2021-08-16,-2.21,0,0,2021,0.非同買日
3661,2021-08-23,6.35,0,3,2021,3.第3天
3653,2021-08-23,-2.94,0,1,2021,1.第1天
2324,2021-08-23,0.29,0,1,2021,1.第1天
3189,2021-08-30,-3.99,0,1,2021,1.第1天
5269,2021-08-30,10.39,0,2,2021,2.第2天
2303,2021-08-30,1.46,0,4,2021,4.第4-5天
8046,2021-09-06,-10.13,0,2,2021,2.第2天
3017,2021-09-06,-4.37,0,1,2021,1.第1天
2330,2021-09-06,-2.49,0,2,2021,2.第2天
3443,2021-09-13,2.41,0,2,2021,2.第2天
3044,2021-09-13,-1.45,0,1,2021,1.第1天
3017,2021-09-27,-5.9,0,3,2021,3.第3天
3653,2021-09-27,-0.6,0,1,2021,1.第1天
2356,2021-09-27,-0.98,0,4,2021,4.第4-5天
6282,2021-10-04,-5.09,0,2,2021,2.第2天
2382,2021-10-04,-0.34,0,1,2021,1.第1天
3661,2021-10-18,-2.41,0,3,2021,3.第3天
3653,2021-10-18,9.57,0,3,2021,3.第3天
2353,2021-10-18,3.33,0,3,2021,3.第3天
3189,2021-10-25,1.23,0,2,2021,2.第2天
3037,2021-10-25,13.27,0,1,2021,1.第1天
2353,2021-10-25,-0.6,0,1,2021,1.第1天
3443,2021-11-01,-1.25,0,1,2021,1.第1天
2313,2021-11-01,-4.0,0,2,2021,2.第2天
3653,2021-11-01,0.55,0,2,2021,2.第2天
2376,2021-11-08,3.5,0,1,2021,1.第1天
2357,2021-11-08,1.01,0,2,2021,2.第2天
2382,2021-11-08,0.99,0,1,2021,1.第1天
6669,2021-11-15,3.39,0,3,2021,3.第3天
2454,2021-11-15,-0.11,0,3,2021,3.第3天
5269,2021-11-22,-3.86,0,2,2021,2.第2天
2454,2021-11-22,-4.28,0,3,2021,3.第3天
3533,2021-11-22,-6.07,0,0,2021,0.非同買日
3533,2021-11-29,-4.03,0,4,2021,4.第4-5天
6414,2021-11-29,2.15,0,1,2021,1.第1天
3653,2021-11-29,3.04,0,1,2021,1.第1天
3034,2021-12-06,2.16,0,4,2021,4.第4-5天
2449,2021-12-06,-0.38,0,2,2021,2.第2天
8299,2021-12-13,-4.16,0,1,2021,1.第1天
3105,2021-12-13,-1.12,0,1,2021,1.第1天
3034,2021-12-13,-2.13,0,9,2021,5.第6天以上
3035,2021-12-20,11.31,0,0,2021,0.非同買日
3034,2021-12-20,0.15,0,0,2021,0.非同買日
2353,2021-12-20,-0.6,0,0,2021,0.非同買日
2357,2021-12-27,-0.33,0,1,2021,1.第1天
2324,2021-12-27,-0.19,0,2,2021,2.第2天
6515,2022-01-03,-5.12,0,3,2022,3.第3天
2368,2022-01-03,-2.5,0,1,2022,1.第1天
2308,2022-01-03,2.4,0,1,2022,1.第1天
2324,2022-01-10,-0.4,0,6,2022,5.第6天以上
2356,2022-01-10,-1.57,0,1,2022,1.第1天
2330,2022-01-17,-4.82,0,5,2022,4.第4-5天
2324,2022-01-17,-0.01,0,3,2022,3.第3天
3231,2022-01-17,2.04,0,2,2022,2.第2天
3231,2022-01-24,-0.91,0,4,2022,4.第4-5天
2360,2022-01-24,-3.11,0,1,2022,1.第1天
3044,2022-01-24,-0.98,0,6,2022,5.第6天以上
8210,2022-02-07,1.74,0,3,2022,3.第3天
3231,2022-02-07,0.66,0,1,2022,1.第1天
5269,2022-02-14,-0.6,0,1,2022,1.第1天
8299,2022-02-14,4.89,0,4,2022,4.第4-5天
2353,2022-02-21,-1.09,0,3,2022,3.第3天
2357,2022-02-21,-0.86,0,4,2022,4.第4-5天
2317,2022-02-21,-1.54,0,1,2022,1.第1天
3081,2022-03-07,-4.25,0,2,2022,2.第2天
8996,2022-03-07,9.47,0,0,2022,0.非同買日
6669,2022-03-14,-8.8,0,2,2022,2.第2天
2455,2022-03-14,-3.55,0,1,2022,1.第1天
3711,2022-03-14,-2.74,0,1,2022,1.第1天
2353,2022-03-21,0.88,0,2,2022,2.第2天
2368,2022-03-21,2.96,0,4,2022,4.第4-5天
3653,2022-03-28,0.86,0,3,2022,3.第3天
3035,2022-03-28,-0.12,0,3,2022,3.第3天
2368,2022-03-28,3.42,0,1,2022,1.第1天
2059,2022-04-11,-0.48,0,0,2022,0.非同買日
6414,2022-04-18,6.45,0,1,2022,1.第1天
3533,2022-04-18,2.02,0,0,2022,0.非同買日
2356,2022-04-18,-1.38,0,0,2022,0.非同買日
2395,2022-04-25,-2.99,0,1,2022,1.第1天
2317,2022-05-09,-1.55,0,7,2022,5.第6天以上
3443,2022-05-09,6.44,0,0,2022,0.非同買日
2356,2022-05-09,-0.79,0,0,2022,0.非同買日
6515,2022-05-16,-2.88,0,2,2022,2.第2天
2356,2022-05-16,-1.54,0,1,2022,1.第1天
3017,2022-05-23,4.73,0,1,2022,1.第1天
2317,2022-05-23,0.78,0,7,2022,5.第6天以上
3711,2022-05-30,-0.6,0,2,2022,2.第2天
4966,2022-05-30,-0.92,0,2,2022,2.第2天
2454,2022-05-30,2.46,0,2,2022,2.第2天
3105,2022-06-06,-5.27,0,1,2022,1.第1天
2317,2022-06-06,-1.89,0,1,2022,1.第1天
2345,2022-06-13,1.09,0,0,2022,0.非同買日
3533,2022-06-13,-0.47,0,0,2022,0.非同買日
3044,2022-06-13,1.52,0,0,2022,0.非同買日
2368,2022-06-27,-1.76,0,1,2022,1.第1天
2395,2022-06-27,-1.72,0,2,2022,2.第2天
6282,2022-07-11,-1.26,0,2,2022,2.第2天
3017,2022-07-11,-2.21,0,0,2022,0.非同買日
2308,2022-07-11,3.73,0,0,2022,0.非同買日
3017,2022-07-18,0.36,0,1,2022,1.第1天
2313,2022-07-18,1.24,0,3,2022,3.第3天
3380,2022-07-25,-1.56,0,1,2022,1.第1天
3711,2022-07-25,-0.01,0,5,2022,4.第4-5天
3711,2022-08-01,-0.94,0,1,2022,1.第1天
2382,2022-08-01,-0.47,0,1,2022,1.第1天
3081,2022-08-08,5.1,0,1,2022,1.第1天
3231,2022-08-08,1.2,0,2,2022,2.第2天
2345,2022-08-15,1.36,0,1,2022,1.第1天
2303,2022-08-15,-2.08,0,3,2022,3.第3天
2353,2022-08-22,-2.14,0,1,2022,1.第1天
2324,2022-08-22,-1.03,0,2,2022,2.第2天
3661,2022-08-29,-2.42,0,1,2022,1.第1天
3529,2022-08-29,-4.73,0,1,2022,1.第1天
2313,2022-08-29,1.32,0,0,2022,0.非同買日
2382,2022-09-05,-0.47,0,1,2022,1.第1天
2376,2022-09-12,-0.71,0,2,2022,2.第2天
2345,2022-09-12,0.1,0,3,2022,3.第3天
2376,2022-09-19,-6.13,0,1,2022,1.第1天
3533,2022-09-19,-1.34,0,0,2022,0.非同買日
2368,2022-09-26,-8.59,0,0,2022,0.非同買日
2353,2022-10-03,3.04,0,2,2022,2.第2天
2308,2022-10-17,-0.78,0,1,2022,1.第1天
3289,2022-10-17,1.85,0,4,2022,4.第4-5天
2421,2022-10-24,-6.44,0,2,2022,2.第2天
2303,2022-10-24,-3.88,0,3,2022,3.第3天
3587,2022-10-31,-2.77,0,1,2022,1.第1天
2356,2022-10-31,-2.84,0,1,2022,1.第1天
6643,2022-11-07,1.64,0,1,2022,1.第1天
2353,2022-11-07,-0.6,0,5,2022,4.第4-5天
3529,2022-11-14,7.1,0,3,2022,3.第3天
3035,2022-11-14,1.53,0,2,2022,2.第2天
3711,2022-11-21,1.09,0,4,2022,4.第4-5天
2357,2022-11-21,2.1,0,2,2022,2.第2天
5269,2022-11-28,-1.4,0,1,2022,1.第1天
3661,2022-11-28,3.53,0,1,2022,1.第1天
8046,2022-12-05,-10.84,0,3,2022,3.第3天
3037,2022-12-05,-10.18,0,1,2022,1.第1天
3587,2022-12-12,-1.5,0,0,2022,0.非同買日
3044,2022-12-12,-0.19,0,1,2022,1.第1天
3443,2022-12-19,-8.8,0,2,2022,2.第2天
3231,2022-12-19,-2.06,0,2,2022,2.第2天
2356,2022-12-26,-0.6,0,1,2022,1.第1天
2324,2022-12-26,-0.81,0,2,2022,2.第2天
3105,2023-01-09,6.69,0,2,2023,2.第2天
2455,2023-01-09,-0.35,0,2,2023,2.第2天
3105,2023-01-16,7.73,0,1,2023,1.第1天
5269,2023-01-16,8.97,0,2,2023,2.第2天
2303,2023-01-30,0.32,0,2,2023,2.第2天
8210,2023-01-30,1.94,0,6,2023,5.第6天以上
3529,2023-02-06,-2.03,0,1,2023,1.第1天
3661,2023-02-06,6.33,0,1,2023,1.第1天
2449,2023-02-13,0.76,0,2,2023,2.第2天
2353,2023-02-13,-0.21,0,1,2023,1.第1天
6531,2023-02-20,-5.39,0,1,2023,1.第1天
3034,2023-02-20,-0.23,0,1,2023,1.第1天
2449,2023-02-20,-0.72,0,2,2023,2.第2天
2449,2023-03-06,2.2,0,4,2023,4.第4-5天
2345,2023-03-06,-2.39,0,4,2023,4.第4-5天
2449,2023-03-13,1.69,0,9,2023,5.第6天以上
6531,2023-03-13,-1.27,0,1,2023,1.第1天
6531,2023-03-20,-0.9,0,2,2023,2.第2天
6274,2023-03-20,-1.3,0,2,2023,2.第2天
3653,2023-03-27,-4.37,0,1,2023,1.第1天
2356,2023-03-27,0.37,0,3,2023,3.第3天
2455,2023-04-10,-2.49,0,2,2023,2.第2天
3653,2023-04-10,0.73,0,1,2023,1.第1天
2345,2023-04-17,1.47,0,2,2023,2.第2天
3324,2023-04-17,-3.77,0,1,2023,1.第1天
6830,2023-04-24,-2.54,0,2,2023,2.第2天
2368,2023-04-24,-3.63,0,1,2023,1.第1天
3017,2023-05-08,-2.24,0,3,2023,3.第3天
3037,2023-05-08,-2.45,0,2,2023,2.第2天
2382,2023-05-15,2.36,0,5,2023,4.第4-5天
3661,2023-05-15,6.4,0,1,2023,1.第1天
3363,2023-05-22,-7.58,0,1,2023,1.第1天
2368,2023-05-22,-2.35,0,3,2023,3.第3天
3653,2023-05-29,-3.5,0,2,2023,2.第2天
2449,2023-05-29,-0.04,0,2,2023,2.第2天
2376,2023-06-05,5.51,0,1,2023,1.第1天
8210,2023-06-05,-0.17,0,1,2023,1.第1天
2376,2023-06-12,-0.8,0,2,2023,2.第2天
2455,2023-06-12,-0.6,0,1,2023,1.第1天
2382,2023-06-19,0.4,0,1,2023,1.第1天
3035,2023-06-19,0.67,0,2,2023,2.第2天
2317,2023-06-26,-1.03,0,1,2023,1.第1天
6669,2023-07-03,-0.6,0,1,2023,1.第1天
8996,2023-07-03,-7.41,0,2,2023,2.第2天
2383,2023-07-10,6.57,0,1,2023,1.第1天
6274,2023-07-10,9.98,0,2,2023,2.第2天
6274,2023-07-17,1.28,0,1,2023,1.第1天
2449,2023-07-17,-3.47,0,1,2023,1.第1天
8996,2023-07-24,-11.35,0,2,2023,2.第2天
2345,2023-07-24,-2.33,0,1,2023,1.第1天
3044,2023-07-31,-8.54,0,5,2023,4.第4-5天
6187,2023-07-31,-15.3,0,1,2023,1.第1天
2357,2023-08-07,1.68,0,7,2023,5.第6天以上
6830,2023-08-07,-3.86,0,2,2023,2.第2天
2324,2023-08-14,9.11,0,2,2023,2.第2天
3044,2023-08-21,1.82,0,1,2023,1.第1天
3533,2023-08-21,2.75,0,1,2023,1.第1天
3711,2023-08-28,0.24,0,3,2023,3.第3天
8299,2023-09-04,-0.95,0,4,2023,4.第4-5天
3035,2023-09-04,5.74,0,1,2023,1.第1天
8046,2023-09-11,1.98,0,1,2023,1.第1天
8299,2023-09-11,-0.15,0,0,2023,0.非同買日
6531,2023-09-18,-0.06,0,3,2023,3.第3天
2454,2023-09-18,-3.52,0,5,2023,4.第4-5天
6274,2023-09-25,-0.6,0,2,2023,2.第2天
4966,2023-09-25,-4.57,0,1,2023,1.第1天
2382,2023-10-02,-2.16,0,1,2023,1.第1天
6531,2023-10-02,-3.11,0,1,2023,1.第1天
3035,2023-10-16,-0.31,0,4,2023,4.第4-5天
2303,2023-10-16,2.14,0,3,2023,3.第3天
6139,2023-10-23,12.94,0,0,2023,0.非同買日
6139,2023-10-30,-6.58,0,1,2023,1.第1天
3661,2023-10-30,-3.3,0,2,2023,2.第2天
3105,2023-11-06,-2.52,0,3,2023,3.第3天
3034,2023-11-06,-4.31,0,4,2023,4.第4-5天
6669,2023-11-13,-4.18,0,1,2023,1.第1天
3044,2023-11-13,-1.1,0,2,2023,2.第2天
2313,2023-11-20,2.08,0,2,2023,2.第2天
6414,2023-11-20,-0.42,0,1,2023,1.第1天
2313,2023-11-27,6.68,0,1,2023,1.第1天
3034,2023-11-27,1.18,0,2,2023,2.第2天
3037,2023-12-04,-4.53,0,6,2023,5.第6天以上
8046,2023-12-04,-1.19,0,2,2023,2.第2天
6643,2023-12-11,2.48,0,2,2023,2.第2天
8299,2023-12-11,3.42,0,3,2023,3.第3天
3653,2023-12-18,-4.19,0,2,2023,2.第2天
2353,2023-12-18,13.97,0,1,2023,1.第1天
3231,2023-12-25,-0.5,0,1,2023,1.第1天
6669,2023-12-25,-0.6,0,1,2023,1.第1天
5269,2024-01-08,6.96,0,2,2024,2.第2天
6139,2024-01-08,-5.37,0,1,2024,1.第1天
2330,2024-01-08,-0.43,0,1,2024,1.第1天
6643,2024-01-15,10.01,0,3,2024,3.第3天
6531,2024-01-15,-1.52,0,5,2024,4.第4-5天
3231,2024-01-22,-1.02,0,2,2024,2.第2天
2059,2024-01-22,-3.83,0,3,2024,3.第3天
2421,2024-01-29,-1.02,0,1,2024,1.第1天
2330,2024-01-29,-3.67,0,2,2024,2.第2天
3081,2024-02-05,3.56,0,3,2024,3.第3天
2383,2024-02-05,8.89,0,6,2024,5.第6天以上
2376,2024-02-19,-5.75,0,3,2024,3.第3天
3044,2024-02-19,-2.38,0,4,2024,4.第4-5天
3131,2024-02-26,-2.72,0,3,2024,3.第3天
3653,2024-02-26,-0.16,0,2,2024,2.第2天
2455,2024-03-04,-0.87,0,2,2024,2.第2天
3017,2024-03-04,13.04,0,3,2024,3.第3天
3324,2024-03-11,7.16,0,1,2024,1.第1天
2454,2024-03-11,-1.41,0,11,2024,5.第6天以上
2317,2024-03-11,9.39,0,1,2024,1.第1天
3034,2024-03-18,-2.24,0,1,2024,1.第1天
5269,2024-03-18,-4.92,0,1,2024,1.第1天
3533,2024-03-25,0.12,0,1,2024,1.第1天
3037,2024-03-25,-3.86,0,6,2024,5.第6天以上
6213,2024-04-01,8.23,0,2,2024,2.第2天
2317,2024-04-01,5.02,0,1,2024,1.第1天
6139,2024-04-08,3.68,0,1,2024,1.第1天
3533,2024-04-08,-0.6,0,1,2024,1.第1天
6515,2024-04-15,-5.2,0,5,2024,4.第4-5天
3017,2024-04-15,2.95,0,2,2024,2.第2天
8996,2024-04-29,6.72,0,2,2024,2.第2天
3443,2024-04-29,0.5,0,2,2024,2.第2天
2317,2024-05-06,0.59,0,2,2024,2.第2天
2357,2024-05-06,1.62,0,1,2024,1.第1天
8996,2024-05-13,0.11,0,2,2024,2.第2天
8210,2024-05-13,-0.6,0,1,2024,1.第1天
2454,2024-05-20,-1.02,0,1,2024,1.第1天
3443,2024-05-20,-1.62,0,2,2024,2.第2天
2454,2024-05-27,-0.21,0,4,2024,4.第4-5天
2345,2024-05-27,1.92,0,4,2024,4.第4-5天
3013,2024-06-03,-3.95,0,2,2024,2.第2天
3443,2024-06-03,0.03,0,2,2024,2.第2天
3529,2024-06-17,1.05,0,1,2024,1.第1天
3035,2024-06-17,-0.6,0,1,2024,1.第1天
2368,2024-06-24,-2.3,0,1,2024,1.第1天
2449,2024-06-24,1.99,0,1,2024,1.第1天
3131,2024-07-01,-3.41,0,4,2024,4.第4-5天
2308,2024-07-01,-3.4,0,1,2024,1.第1天
2449,2024-07-08,0.9,0,2,2024,2.第2天
2317,2024-07-08,-1.91,0,1,2024,1.第1天
3013,2024-07-15,20.09,0,1,2024,1.第1天
3661,2024-07-15,-2.96,0,1,2024,1.第1天
2395,2024-07-22,-6.73,0,1,2024,1.第1天
3189,2024-07-29,-11.04,0,0,2024,0.非同買日
6187,2024-08-12,9.33,0,2,2024,2.第2天
3587,2024-08-12,-0.96,0,2,2024,2.第2天
3529,2024-08-19,-2.32,0,2,2024,2.第2天
3289,2024-08-19,2.36,0,2,2024,2.第2天
2357,2024-08-26,0.49,0,1,2024,1.第1天
2324,2024-08-26,-2.07,0,1,2024,1.第1天
3380,2024-09-02,-4.75,0,2,2024,2.第2天
2449,2024-09-02,-5.94,0,3,2024,3.第3天
8996,2024-09-09,-4.71,0,1,2024,1.第1天
6515,2024-09-09,3.05,0,1,2024,1.第1天
6187,2024-09-16,-0.81,0,4,2024,4.第4-5天
2345,2024-09-16,-5.84,0,3,2024,3.第3天
3583,2024-09-23,-0.49,0,2,2024,2.第2天
2330,2024-09-23,2.25,0,3,2024,3.第3天
3081,2024-09-30,16.39,0,1,2024,1.第1天
8046,2024-09-30,-4.78,0,1,2024,1.第1天
3363,2024-10-07,15.23,0,2,2024,2.第2天
6139,2024-10-07,-7.5,0,1,2024,1.第1天
6442,2024-10-14,-1.67,0,1,2024,1.第1天
2449,2024-10-14,3.67,0,1,2024,1.第1天
3529,2024-10-21,4.94,0,2,2024,2.第2天
6442,2024-10-21,12.55,0,2,2024,2.第2天
3037,2024-10-28,-3.29,0,1,2024,1.第1天
2317,2024-10-28,-2.22,0,3,2024,3.第3天
6442,2024-11-04,-2.51,0,2,2024,2.第2天
3661,2024-11-04,9.89,0,1,2024,1.第1天
2059,2024-11-11,-5.45,0,2,2024,2.第2天
2356,2024-11-11,-6.29,0,1,2024,1.第1天
2345,2024-11-18,4.94,0,1,2024,1.第1天
3706,2024-11-18,8.51,0,1,2024,1.第1天
3706,2024-11-25,-2.46,0,3,2024,3.第3天
2059,2024-11-25,-3.65,0,1,2024,1.第1天
2383,2024-12-02,5.32,0,1,2024,1.第1天
3324,2024-12-02,1.09,0,2,2024,2.第2天
2383,2024-12-09,3.38,0,4,2024,4.第4-5天
3661,2024-12-09,-0.6,0,1,2024,1.第1天
3661,2024-12-16,9.93,0,4,2024,4.第4-5天
2383,2024-12-16,0.22,0,9,2024,5.第6天以上
3034,2024-12-23,-0.8,0,2,2024,2.第2天
2330,2024-12-23,-0.14,0,1,2024,1.第1天
3044,2024-12-30,3.66,0,3,2024,3.第3天
8299,2024-12-30,0.54,0,0,2024,0.非同買日
8046,2025-01-06,-5.6,0,1,2025,1.第1天
6139,2025-01-06,-0.39,0,4,2025,4.第4-5天
6830,2025-01-13,-2.15,0,0,2025,0.非同買日
3081,2025-01-20,6.66,0,1,2025,1.第1天
6139,2025-01-20,3.11,0,1,2025,1.第1天
6139,2025-02-03,-3.18,0,2,2025,2.第2天
3034,2025-02-03,0.33,0,2,2025,2.第2天
2383,2025-02-10,-1.9,0,1,2025,1.第1天
3661,2025-02-10,2.26,0,0,2025,0.非同買日
2059,2025-02-17,5.92,0,2,2025,2.第2天
8210,2025-02-17,-0.26,0,1,2025,1.第1天
8299,2025-02-17,-0.6,0,2,2025,2.第2天
2395,2025-02-24,-1.92,0,5,2025,4.第4-5天
8996,2025-02-24,-4.08,0,1,2025,1.第1天
2059,2025-03-03,-2.59,0,2,2025,2.第2天
3324,2025-03-03,-2.08,0,0,2025,0.非同買日
3044,2025-03-03,-2.01,0,1,2025,1.第1天
8299,2025-03-10,-4.1,0,2,2025,2.第2天
2303,2025-03-10,-1.15,0,2,2025,2.第2天
2308,2025-03-17,-1.48,0,1,2025,1.第1天
8299,2025-03-17,-0.77,0,0,2025,0.非同買日
6274,2025-03-24,-2.01,0,1,2025,1.第1天
2383,2025-03-24,-0.1,0,2,2025,2.第2天
2303,2025-04-14,0.86,0,3,2025,3.第3天
2382,2025-04-21,0.69,0,1,2025,1.第1天
3231,2025-04-21,-1.08,0,0,2025,0.非同買日
2382,2025-04-28,-3.24,0,2,2025,2.第2天
3131,2025-04-28,-2.07,0,1,2025,1.第1天
2383,2025-05-05,-2.35,0,2,2025,2.第2天
3017,2025-05-05,2.37,0,2,2025,2.第2天
2383,2025-05-12,1.17,0,1,2025,1.第1天
2345,2025-05-12,5.89,0,2,2025,2.第2天
3017,2025-05-19,3.41,0,2,2025,2.第2天
8996,2025-05-19,-1.81,0,1,2025,1.第1天
3131,2025-05-26,1.47,0,3,2025,3.第3天
8210,2025-05-26,0.49,0,3,2025,3.第3天
6274,2025-06-02,7.11,0,1,2025,1.第1天
2368,2025-06-02,4.47,0,5,2025,4.第4-5天
6274,2025-06-09,4.19,0,3,2025,3.第3天
2368,2025-06-09,0.83,0,3,2025,3.第3天
3131,2025-06-16,-4.06,0,1,2025,1.第1天
3017,2025-06-16,-3.25,0,14,2025,5.第6天以上
6139,2025-06-23,4.02,0,3,2025,3.第3天
3231,2025-06-23,5.27,0,1,2025,1.第1天
3661,2025-06-30,2.45,0,2,2025,2.第2天
2360,2025-06-30,-1.72,0,0,2025,0.非同買日
3661,2025-07-07,3.88,0,2,2025,2.第2天
8046,2025-07-07,10.53,0,0,2025,0.非同買日
2308,2025-07-07,-0.38,0,1,2025,1.第1天
2308,2025-07-14,5.08,0,1,2025,1.第1天
3017,2025-07-14,1.68,0,1,2025,1.第1天
2059,2025-07-21,-0.6,0,5,2025,4.第4-5天
2308,2025-07-21,0.37,0,2,2025,2.第2天
2368,2025-07-28,1.85,0,3,2025,3.第3天
2449,2025-07-28,-1.03,0,1,2025,1.第1天
2317,2025-07-28,-3.14,0,5,2025,4.第4-5天
2308,2025-08-04,4.1,0,2,2025,2.第2天
2360,2025-08-04,-0.6,0,2,2025,2.第2天
2345,2025-08-11,1.84,0,1,2025,1.第1天
6669,2025-08-11,5.98,0,1,2025,1.第1天
6213,2025-08-18,-0.98,0,1,2025,1.第1天
2317,2025-08-18,-5.09,0,3,2025,3.第3天
3653,2025-08-25,7.45,0,1,2025,1.第1天
3706,2025-08-25,1.21,0,1,2025,1.第1天
2317,2025-08-25,-0.36,0,8,2025,5.第6天以上
6515,2025-09-01,3.02,0,2,2025,2.第2天
6274,2025-09-01,-6.57,0,2,2025,2.第2天
2360,2025-09-01,-2.91,0,1,2025,1.第1天
6139,2025-09-08,-0.19,0,2,2025,2.第2天
3363,2025-09-08,-2.42,0,2,2025,2.第2天
6187,2025-09-08,-7.72,0,2,2025,2.第2天
3324,2025-09-15,-2.16,0,1,2025,1.第1天
3037,2025-09-15,3.25,0,4,2025,4.第4-5天
8046,2025-09-22,-6.93,0,3,2025,3.第3天
3131,2025-09-22,-0.9,0,3,2025,3.第3天
3231,2025-09-22,-0.6,0,2,2025,2.第2天
8046,2025-10-13,4.6,0,1,2025,1.第1天
2308,2025-10-13,-2.05,0,1,2025,1.第1天
3013,2025-10-20,-4.36,0,3,2025,3.第3天
2313,2025-10-20,3.53,0,1,2025,1.第1天
2330,2025-10-20,-1.94,0,1,2025,1.第1天
8046,2025-10-27,3.68,0,2,2025,2.第2天
3017,2025-10-27,11.1,0,2,2025,2.第2天
2382,2025-10-27,-1.08,0,2,2025,2.第2天
2449,2025-11-03,-2.15,0,1,2025,1.第1天
8299,2025-11-03,-2.84,0,1,2025,1.第1天
6213,2025-11-03,-3.51,0,1,2025,1.第1天
8210,2025-11-10,-1.09,0,2,2025,2.第2天
3443,2025-11-10,-0.86,0,1,2025,1.第1天
6442,2025-11-17,-8.35,0,4,2025,4.第4-5天
2383,2025-11-17,-8.82,0,1,2025,1.第1天
3529,2025-11-17,-8.23,0,1,2025,1.第1天
3443,2025-11-24,8.94,0,3,2025,3.第3天
6442,2025-11-24,6.27,0,0,2025,0.非同買日
2454,2025-12-01,-3.69,0,2,2025,2.第2天
2356,2025-12-01,1.77,0,1,2025,1.第1天
3037,2025-12-08,2.56,0,6,2025,5.第6天以上
3105,2025-12-08,13.13,0,1,2025,1.第1天
2356,2025-12-08,-6.48,0,4,2025,4.第4-5天
6139,2025-12-15,-0.77,0,2,2025,2.第2天
2313,2025-12-15,3.66,0,1,2025,1.第1天
3105,2025-12-22,-2.16,0,2,2025,2.第2天
2313,2025-12-22,1.98,0,1,2025,1.第1天
3324,2025-12-22,2.31,0,2,2025,2.第2天
8996,2025-12-29,0.09,0,2,2025,2.第2天
2383,2025-12-29,-2.38,0,1,2025,1.第1天
8210,2025-12-29,1.32,0,1,2025,1.第1天
3131,2026-01-05,2.78,0,2,2026,2.第2天
6531,2026-01-05,-5.47,0,1,2026,1.第1天
3693,2026-01-12,-2.44,0,1,2026,1.第1天
2313,2026-01-12,3.71,0,2,2026,2.第2天
8046,2026-01-19,12.84,0,3,2026,3.第3天
3443,2026-01-19,-3.18,0,1,2026,1.第1天
3533,2026-01-19,-7.55,0,1,2026,1.第1天
8299,2026-01-26,9.46,0,1,2026,1.第1天
3533,2026-01-26,1.08,0,3,2026,3.第3天
6274,2026-01-26,4.64,0,3,2026,3.第3天
3653,2026-02-02,4.62,0,1,2026,1.第1天
2368,2026-02-02,12.21,0,4,2026,4.第4-5天
3037,2026-02-02,5.67,0,0,2026,0.非同買日
2383,2026-02-09,4.9,0,1,2026,1.第1天
8996,2026-02-09,1.99,0,1,2026,1.第1天
2368,2026-02-09,3.39,0,1,2026,1.第1天
2313,2026-02-23,1.58,0,3,2026,3.第3天
3037,2026-02-23,12.39,0,1,2026,1.第1天
2308,2026-02-23,9.3,0,2,2026,2.第2天
8046,2026-03-02,-17.32,0,1,2026,1.第1天
3017,2026-03-02,-1.44,0,3,2026,3.第3天
2308,2026-03-02,-12.46,0,1,2026,1.第1天
2395,2026-03-09,-0.88,0,4,2026,4.第4-5天
2357,2026-03-09,12.28,0,3,2026,3.第3天
2313,2026-03-16,3.45,0,2,2026,2.第2天
2376,2026-03-16,4.87,0,2,2026,2.第2天
3163,2026-03-16,-8.05,0,0,2026,0.非同買日
3533,2026-03-23,7.66,0,4,2026,4.第4-5天
3443,2026-03-23,-5.01,0,2,2026,2.第2天
6187,2026-03-23,14.37,0,0,2026,0.非同買日
3533,2026-03-30,-4.85,0,1,2026,1.第1天
8046,2026-03-30,-1.63,0,1,2026,1.第1天
2360,2026-03-30,-1.52,0,1,2026,1.第1天
8996,2026-04-13,-0.14,0,2,2026,2.第2天
3529,2026-04-13,6.01,0,2,2026,2.第2天
2455,2026-04-13,-6.7,0,3,2026,3.第3天
3105,2026-04-20,0.75,0,3,2026,3.第3天
8046,2026-04-20,0.28,0,1,2026,1.第1天
3653,2026-04-20,7.12,0,1,2026,1.第1天
2454,2026-04-27,5.12,0,3,2026,3.第3天
2383,2026-04-27,-6.69,0,2,2026,2.第2天
8046,2026-04-27,-0.27,0,0,2026,0.非同買日
2345,2026-05-04,-1.39,0,2,2026,2.第2天
2383,2026-05-04,3.48,0,2,2026,2.第2天
3189,2026-05-04,-9.68,0,1,2026,1.第1天
3443,2026-05-11,-7.54,0,1,2026,1.第1天
2059,2026-05-11,-5.46,0,2,2026,2.第2天
8210,2026-05-11,-2.84,0,2,2026,2.第2天
2313,2026-05-18,-2.13,0,1,2026,1.第1天
6139,2026-05-18,-0.74,0,1,2026,1.第1天
3189,2026-05-18,-0.8,0,1,2026,1.第1天
6274,2026-05-25,1.27,0,2,2026,2.第2天
2313,2026-05-25,-6.09,0,2,2026,2.第2天
2357,2026-05-25,-1.72,0,2,2026,2.第2天
3231,2026-06-01,10.83,0,4,2026,4.第4-5天
3706,2026-06-01,6.31,0,2,2026,2.第2天
8996,2026-06-08,0.22,0,1,2026,1.第1天
3653,2026-06-08,-1.12,0,1,2026,1.第1天
2059,2026-06-08,2.46,0,0,2026,0.非同買日
8996,2026-06-15,19.99,0,1,2026,1.第1天
2454,2026-06-15,-0.82,0,1,2026,1.第1天
6274,2026-06-15,5.73,0,1,2026,1.第1天
6274,2026-06-22,-7.66,0,3,2026,3.第3天
2382,2026-06-22,-2.69,0,1,2026,1.第1天
2059,2026-06-22,-1.19,0,1,2026,1.第1天
8046,2026-06-29,8.15,0,5,2026,4.第4-5天
6139,2026-06-29,-5.07,0,3,2026,3.第3天
3131,2026-06-29,3.03,0,1,2026,1.第1天
2449,2026-07-06,-13.48,0,1,2026,1.第1天
6282,2026-07-06,-1.93,0,2,2026,2.第2天
6213,2026-07-06,-1.23,0,0,2026,0.非同買日
3189,2026-07-13,2.56,0,3,2026,3.第3天
5269,2026-07-13,-0.27,0,1,2026,1.第1天
2382,2026-07-13,0.19,0,1,2026,1.第1天
2317,2026-07-27,-6.49,0,1,2026,1.第1天
3231,2026-07-27,-4.81,0,3,2026,3.第3天
3034,2026-07-27,-3.09,0,2,2026,2.第2天
3661,2021-09-13,6.22,0,0,2021,0.非同買日
3529,2021-10-04,16.77,0,1,2021,1.第1天
3035,2021-11-15,-4.6,0,1,2021,1.第1天
6515,2021-12-06,-6.6,0,0,2021,0.非同買日
8299,2021-12-27,-1.89,0,0,2021,0.非同買日
2360,2022-01-10,-6.11,0,0,2022,0.非同買日
2360,2022-02-07,-9.45,0,1,2022,1.第1天
4966,2022-02-14,-3.27,0,4,2022,4.第4-5天
2303,2022-03-21,-0.41,0,2,2022,2.第2天
2303,2022-05-16,1.11,0,2,2022,2.第2天
3529,2022-05-23,4.58,0,0,2022,0.非同買日
6414,2022-06-06,-0.6,0,1,2022,1.第1天
6414,2022-06-27,-4.58,0,1,2022,1.第1天
3338,2022-07-18,0.9,0,1,2022,1.第1天
2449,2022-07-25,1.08,0,1,2022,1.第1天
2454,2022-08-01,1.55,0,3,2022,3.第3天
3529,2022-08-08,14.66,0,3,2022,3.第3天
3034,2022-08-15,-0.41,0,1,2022,1.第1天
2449,2022-08-22,-3.83,0,2,2022,2.第2天
3289,2022-09-05,-1.19,0,0,2022,0.非同買日
3017,2022-09-12,0.73,0,1,2022,1.第1天
3017,2022-09-19,-2.79,0,1,2022,1.第1天
3289,2022-10-03,-8.13,0,0,2022,0.非同買日
2454,2022-10-17,1.12,0,3,2022,3.第3天
2454,2022-11-14,2.68,0,4,2022,4.第4-5天
3035,2022-11-28,5.01,0,1,2022,1.第1天
2357,2022-12-05,-5.87,0,0,2022,0.非同買日
3706,2022-12-19,-1.27,0,1,2022,1.第1天
2449,2023-03-20,-1.9,0,14,2023,5.第6天以上
2376,2023-04-10,-3.88,0,1,2023,1.第1天
2382,2023-04-24,4.78,0,2,2023,2.第2天
2360,2023-05-08,-2.42,0,2,2023,2.第2天
2357,2023-05-15,0.38,0,1,2023,1.第1天
2383,2023-05-22,6.43,0,1,2023,1.第1天
2455,2023-06-05,5.0,0,1,2023,1.第1天
2383,2023-06-12,1.93,0,1,2023,1.第1天
2360,2023-06-19,-4.07,0,1,2023,1.第1天
2449,2023-06-26,2.69,0,2,2023,2.第2天
3035,2023-07-03,10.52,0,1,2023,1.第1天
2353,2023-07-10,15.76,0,1,2023,1.第1天
2383,2023-07-17,16.19,0,1,2023,1.第1天
2421,2023-07-24,-8.56,0,0,2023,0.非同買日
6531,2023-07-31,-9.33,0,2,2023,2.第2天
2449,2023-08-07,-6.13,0,3,2023,3.第3天
2345,2023-08-14,16.83,0,2,2023,2.第2天
3587,2023-08-14,-0.08,0,0,2023,0.非同買日
3661,2023-08-21,10.65,0,2,2023,2.第2天
3533,2023-08-28,4.77,0,1,2023,1.第1天
3044,2023-08-28,-4.94,0,0,2023,0.非同買日
8046,2023-09-04,-0.2,0,2,2023,2.第2天
3034,2023-09-11,3.81,0,0,2023,0.非同買日
3034,2023-09-18,-2.26,0,5,2023,4.第4-5天
2368,2023-09-25,1.52,0,2,2023,2.第2天
3706,2023-10-02,-7.26,0,1,2023,1.第1天
3443,2023-10-16,-7.84,0,0,2023,0.非同買日
5269,2023-10-30,-8.73,0,0,2023,0.非同買日
8210,2023-11-06,5.73,0,2,2023,2.第2天
5269,2023-11-13,2.5,0,2,2023,2.第2天
2345,2023-11-20,-3.28,0,2,2023,2.第2天
8046,2023-11-27,4.18,0,2,2023,2.第2天
3711,2023-12-04,-3.27,0,1,2023,1.第1天
4966,2023-12-11,5.53,0,2,2023,2.第2天
2357,2023-12-18,9.38,0,1,2023,1.第1天
6531,2023-12-25,0.06,0,3,2023,3.第3天
3034,2024-01-15,-4.88,0,2,2024,2.第2天
2383,2024-01-22,-1.51,0,1,2024,1.第1天
3037,2024-01-29,-1.44,0,1,2024,1.第1天
3231,2024-02-05,4.19,0,2,2024,2.第2天
3034,2024-02-19,5.55,0,1,2024,1.第1天
2454,2024-02-26,2.52,0,2,2024,2.第2天
2454,2024-03-04,5.88,0,6,2024,5.第6天以上
2317,2024-03-18,6.35,0,0,2024,0.非同買日
6274,2024-03-25,7.98,0,3,2024,3.第3天
3324,2024-04-01,18.24,0,2,2024,2.第2天
3231,2024-04-08,-10.01,0,3,2024,3.第3天
3711,2024-04-15,-6.19,0,3,2024,3.第3天
2317,2024-04-29,5.05,0,2,2024,2.第2天
2360,2024-05-06,-3.43,0,2,2024,2.第2天
2454,2024-05-13,6.09,0,4,2024,4.第4-5天
2376,2024-05-20,-3.05,0,2,2024,2.第2天
2303,2024-05-27,-3.41,0,1,2024,1.第1天
6643,2024-06-03,-4.54,0,1,2024,1.第1天
3081,2024-06-17,9.51,0,1,2024,1.第1天
2455,2024-06-24,-7.8,0,0,2024,0.非同買日
3324,2024-07-01,2.57,0,2,2024,2.第2天
3105,2024-07-08,-3.66,0,2,2024,2.第2天
3037,2024-07-15,6.69,0,2,2024,2.第2天
3131,2024-07-22,2.91,0,2,2024,2.第2天
2303,2024-08-12,1.76,0,2,2024,2.第2天
2357,2024-08-19,3.58,0,5,2024,4.第4-5天
2353,2024-08-26,-3.37,0,1,2024,1.第1天
3081,2024-09-02,8.84,0,0,2024,0.非同買日
2324,2024-09-09,2.56,0,2,2024,2.第2天
3711,2024-09-16,1.34,0,1,2024,1.第1天
2376,2024-09-23,-1.93,0,1,2024,1.第1天
2376,2024-10-07,-1.9,0,3,2024,3.第3天
6669,2024-10-14,-1.35,0,3,2024,3.第3天
2382,2024-10-21,-0.28,0,3,2024,3.第3天
3533,2024-10-28,-4.85,0,0,2024,0.非同買日
2382,2024-11-04,3.05,0,1,2024,1.第1天
2360,2024-11-11,-8.45,0,1,2024,1.第1天
2395,2024-11-18,6.24,0,0,2024,0.非同買日
3363,2024-11-25,-7.84,0,1,2024,1.第1天
3017,2024-12-02,3.8,0,1,2024,1.第1天
2368,2024-12-09,17.19,0,1,2024,1.第1天
2308,2024-12-16,-3.86,0,2,2024,2.第2天
2376,2024-12-23,-1.5,0,1,2024,1.第1天
2368,2024-12-30,-2.46,0,0,2024,0.非同買日
5269,2025-01-06,-4.21,0,2,2025,2.第2天
3529,2025-01-20,-10.54,0,3,2025,3.第3天
2454,2025-02-03,-1.92,0,4,2025,4.第4-5天
5269,2025-02-10,-2.38,0,0,2025,0.非同買日
2317,2025-02-24,-6.0,0,1,2025,1.第1天
2376,2025-03-10,-4.69,0,1,2025,1.第1天
3044,2025-03-17,-0.36,0,0,2025,0.非同買日
3044,2025-03-24,-3.22,0,2,2025,2.第2天
6669,2025-04-14,-4.24,0,0,2025,0.非同買日
3529,2025-04-21,8.04,0,0,2025,0.非同買日
2317,2025-04-28,-0.6,0,2,2025,2.第2天
2345,2025-05-05,9.47,0,1,2025,1.第1天
2368,2025-05-12,-4.7,0,3,2025,3.第3天
3653,2025-05-19,-0.6,0,0,2025,0.非同買日
2383,2025-05-26,6.57,0,4,2025,4.第4-5天
3017,2025-06-02,7.78,0,4,2025,4.第4-5天
3017,2025-06-09,9.31,0,9,2025,5.第6天以上
3653,2025-06-16,-3.59,0,2,2025,2.第2天
6669,2025-06-23,1.57,0,2,2025,2.第2天
6515,2025-06-30,-2.57,0,0,2025,0.非同買日
8046,2025-07-14,16.37,0,0,2025,0.非同買日
2449,2025-07-21,-0.16,0,1,2025,1.第1天
2383,2025-08-04,3.43,0,3,2025,3.第3天
8996,2025-08-11,5.55,0,3,2025,3.第3天
3661,2025-08-18,-13.99,0,4,2025,4.第4-5天
8299,2025-09-15,10.33,0,0,2025,0.非同買日
6515,2025-10-13,4.88,0,2,2025,2.第2天
2368,2025-11-10,10.74,0,1,2025,1.第1天
2368,2025-11-24,14.5,0,0,2025,0.非同買日
3711,2025-12-01,5.16,0,1,2025,1.第1天
6282,2025-12-15,-1.53,0,1,2025,1.第1天
3189,2026-01-05,7.09,0,1,2026,1.第1天
8996,2026-01-12,-3.16,0,3,2026,3.第3天
6515,2026-03-09,22.95,0,0,2026,0.非同買日
6531,2026-06-01,-19.68,0,1,2026,1.第1天
2359,2022-03-07,-10.39,0,0,2022,0.非同買日
3163,2022-04-11,-5.78,0,0,2022,0.非同買日
6139,2022-04-11,-3.96,0,0,2022,0.非同買日
6442,2022-07-04,0.5,0,0,2022,0.非同買日
3653,2023-02-06,-4.71,0,3,2023,3.第3天
6230,2024-04-22,36.42,0,0,2024,0.非同買日
6830,2024-07-22,-0.24,0,0,2024,0.非同買日
6414,2026-07-20,15.11,0,0,2026,0.非同買日
2454,2021-02-01,4.34,0,0,2021,0.非同買日
2376,2021-02-22,-0.15,0,1,2021,1.第1天
3706,2021-02-22,0.22,0,3,2021,3.第3天
3189,2021-03-08,2.31,0,1,2021,1.第1天
2324,2021-03-08,0.73,0,2,2021,2.第2天
3231,2021-03-15,-0.45,0,0,2021,0.非同買日
3189,2021-03-15,-1.66,0,0,2021,0.非同買日
3017,2021-03-22,0.46,0,1,2021,1.第1天
2357,2021-03-22,-1.27,0,0,2021,0.非同買日
2454,2021-03-29,2.36,0,0,2021,0.非同買日
3711,2021-03-29,-1.97,0,1,2021,1.第1天
3711,2021-04-12,-2.81,0,1,2021,1.第1天
2324,2021-04-12,-2.43,0,0,2021,0.非同買日
3189,2021-04-19,-2.36,0,0,2021,0.非同買日
6274,2021-04-19,-2.18,0,1,2021,1.第1天
8299,2021-04-26,0.78,0,0,2021,0.非同買日
3037,2021-04-26,12.05,0,1,2021,1.第1天
4966,2021-05-03,-9.18,0,3,2021,3.第3天
2345,2021-05-03,-8.32,0,3,2021,3.第3天
4966,2021-05-10,-6.3,0,0,2021,0.非同買日
2059,2021-05-10,-3.12,0,1,2021,1.第1天
2368,2021-05-24,0.73,0,4,2021,4.第4-5天
3661,2021-05-24,1.47,0,0,2021,0.非同買日
3131,2021-05-31,-6.99,0,2,2021,2.第2天
8046,2021-05-31,-3.91,0,1,2021,1.第1天
4966,2021-06-07,-0.6,0,1,2021,1.第1天
3189,2021-06-07,-4.15,0,0,2021,0.非同買日
2455,2021-06-21,3.48,0,1,2021,1.第1天
8046,2021-06-21,9.24,0,2,2021,2.第2天
3131,2021-06-28,3.9,0,0,2021,0.非同買日
6213,2021-06-28,2.27,0,0,2021,0.非同買日
2383,2021-07-05,-3.27,0,0,2021,0.非同買日
6213,2021-07-05,1.08,0,1,2021,1.第1天
2345,2021-07-12,-2.63,0,2,2021,2.第2天
2313,2021-07-12,5.51,0,3,2021,3.第3天
2383,2021-07-19,-3.26,0,0,2021,0.非同買日
6213,2021-07-19,-6.31,0,0,2021,0.非同買日
5269,2021-07-26,0.19,0,0,2021,0.非同買日
4966,2021-07-26,-5.14,0,0,2021,0.非同買日
5269,2021-08-02,4.11,0,0,2021,0.非同買日
3037,2021-08-02,0.43,0,0,2021,0.非同買日
2395,2021-08-23,0.61,0,1,2021,1.第1天
2356,2021-08-23,-0.39,0,1,2021,1.第1天
2330,2021-08-30,0.72,0,5,2021,4.第4-5天
2356,2021-08-30,-0.6,0,3,2021,3.第3天
3189,2021-09-06,-12.97,0,0,2021,0.非同買日
3035,2021-09-13,1.68,0,0,2021,0.非同買日
2059,2021-09-13,0.17,0,0,2021,0.非同買日
2324,2021-09-27,-2.44,0,2,2021,2.第2天
2454,2021-10-25,-0.17,0,4,2021,4.第4-5天
3231,2021-10-25,-0.09,0,1,2021,1.第1天
3533,2021-11-01,-4.08,0,2,2021,2.第2天
2449,2021-11-01,0.15,0,1,2021,1.第1天
3044,2021-11-08,-4.77,0,1,2021,1.第1天
2324,2021-11-08,-1.62,0,2,2021,2.第2天
2382,2021-11-15,2.29,0,2,2021,2.第2天
4966,2021-11-22,-4.8,0,1,2021,1.第1天
8046,2021-11-29,3.49,0,1,2021,1.第1天
2353,2021-11-29,0.47,0,4,2021,4.第4-5天
2353,2021-12-06,-0.1,0,0,2021,0.非同買日
2376,2021-12-13,-5.26,0,0,2021,0.非同買日
6414,2021-12-20,-5.85,0,0,2021,0.非同買日
2357,2021-12-20,0.21,0,0,2021,0.非同買日
2330,2022-01-03,2.39,0,1,2022,1.第1天
3324,2022-01-10,-2.15,0,0,2022,0.非同買日
3231,2022-01-10,1.62,0,0,2022,0.非同買日
3711,2022-01-17,-3.36,0,2,2022,2.第2天
2356,2022-01-24,-1.57,0,1,2022,1.第1天
2382,2022-02-07,1.52,0,2,2022,2.第2天
6187,2022-02-14,2.83,0,2,2022,2.第2天
2382,2022-02-21,-1.02,0,2,2022,2.第2天
3044,2022-03-14,-0.21,0,2,2022,2.第2天
2324,2022-03-28,-1.69,0,2,2022,2.第2天
2353,2022-05-16,-0.08,0,2,2022,2.第2天
2317,2022-05-16,1.78,0,2,2022,2.第2天
2449,2022-05-30,0.5,0,2,2022,2.第2天
3711,2022-06-06,-1.07,0,0,2022,0.非同買日
3653,2022-06-27,-1.79,0,3,2022,3.第3天
2317,2022-07-25,-0.14,0,3,2022,3.第3天
3706,2022-08-01,-1.66,0,2,2022,2.第2天
2313,2022-08-08,0.38,0,1,2022,1.第1天
2455,2022-08-15,-0.18,0,2,2022,2.第2天
6643,2022-09-05,0.08,0,0,2022,0.非同買日
2308,2022-09-12,-1.33,0,2,2022,2.第2天
2308,2022-09-19,-1.34,0,1,2022,1.第1天
2368,2022-10-03,0.25,0,0,2022,0.非同買日
2454,2022-10-24,-2.12,0,2,2022,2.第2天
3034,2022-10-31,1.46,0,2,2022,2.第2天
3105,2022-11-07,5.38,0,1,2022,1.第1天
2303,2022-11-14,0.18,0,6,2022,5.第6天以上
6139,2022-11-21,0.33,0,3,2022,3.第3天
2356,2022-12-12,0.8,0,1,2022,1.第1天
6274,2023-01-09,-2.71,0,2,2023,2.第2天
6274,2023-01-16,1.41,0,1,2023,1.第1天
8210,2023-01-16,5.41,0,4,2023,4.第4-5天
6515,2023-01-30,-2.64,0,3,2023,3.第3天
2449,2023-02-06,0.28,0,2,2023,2.第2天
2324,2023-02-13,-1.44,0,1,2023,1.第1天
2356,2023-02-20,-0.04,0,1,2023,1.第1天
8046,2023-03-06,0.16,0,3,2023,3.第3天
4966,2023-03-13,1.59,0,1,2023,1.第1天
3443,2023-03-20,-1.45,0,2,2023,2.第2天
8046,2023-03-27,-5.3,0,6,2023,5.第6天以上
2368,2023-03-27,-1.92,0,1,2023,1.第1天
2324,2023-04-10,-0.21,0,2,2023,2.第2天
3017,2023-04-17,-3.78,0,0,2023,0.非同買日
2317,2023-06-19,-0.16,0,1,2023,1.第1天
2454,2023-10-30,-1.87,0,1,2023,1.第1天
2449,2023-11-13,-3.92,0,1,2023,1.第1天
3034,2023-12-18,-1.56,0,1,2023,1.第1天
2303,2023-12-25,5.94,0,1,2023,1.第1天
2376,2024-04-08,-6.45,0,2,2024,2.第2天
2330,2024-05-13,1.83,0,2,2024,2.第2天
2303,2024-05-20,2.96,0,2,2024,2.第2天
6414,2024-06-03,-2.68,0,1,2024,1.第1天
2308,2024-06-17,5.57,0,4,2024,4.第4-5天
2356,2024-07-01,-2.19,0,2,2024,2.第2天
2330,2025-01-06,-2.37,0,2,2025,2.第2天
2059,2025-02-10,4.78,0,0,2025,0.非同買日
3231,2025-06-16,-3.1,0,3,2025,3.第3天
2368,2025-06-30,-2.11,0,1,2025,1.第1天
3706,2025-07-21,2.7,0,3,2025,3.第3天
2345,2025-08-04,1.2,0,3,2025,3.第3天
2059,2025-08-11,1.06,0,1,2025,1.第1天
2059,2025-09-01,4.93,0,2,2025,2.第2天
2455,2025-09-08,-2.48,0,1,2025,1.第1天
2383,2025-09-15,-0.6,0,0,2025,0.非同買日
2357,2025-09-22,-0.6,0,1,2025,1.第1天
3443,2025-10-13,-2.25,0,4,2025,4.第4-5天
2356,2025-10-27,1.1,0,5,2025,4.第4-5天
3324,2025-11-03,-7.41,0,3,2025,3.第3天
6442,2025-11-10,0.79,0,1,2025,1.第1天
3189,2025-11-17,-5.52,0,2,2025,2.第2天
3711,2025-12-08,2.33,0,2,2025,2.第2天
2368,2025-12-22,2.15,0,2,2025,2.第2天
2330,2025-12-29,0.7,0,2,2025,2.第2天
6515,2026-01-05,7.36,0,1,2026,1.第1天
3189,2026-01-12,-5.54,0,2,2026,2.第2天
3189,2026-02-02,12.27,0,0,2026,0.非同買日
2454,2026-02-09,0.76,0,1,2026,1.第1天
2395,2026-02-23,5.08,0,2,2026,2.第2天
2317,2026-02-23,7.23,0,2,2026,2.第2天
2395,2026-03-02,-7.98,0,6,2026,5.第6天以上
2317,2026-03-02,-9.75,0,1,2026,1.第1天
3653,2026-03-09,8.94,0,1,2026,1.第1天
3131,2026-03-16,4.69,0,0,2026,0.非同買日
3583,2026-03-23,13.31,0,1,2026,1.第1天
8996,2026-03-30,0.85,0,3,2026,3.第3天
3105,2026-03-30,-4.16,0,0,2026,0.非同買日
2345,2026-04-13,7.59,0,2,2026,2.第2天
3443,2026-04-13,9.97,0,1,2026,1.第1天
2308,2026-04-20,5.42,0,1,2026,1.第1天
3661,2026-04-20,11.47,0,5,2026,4.第4-5天
6669,2026-04-27,-1.51,0,0,2026,0.非同買日
2368,2026-04-27,-4.8,0,0,2026,0.非同買日
2368,2026-05-04,-0.25,0,1,2026,1.第1天
3711,2026-05-04,-0.79,0,1,2026,1.第1天
3661,2026-05-11,-11.6,0,2,2026,2.第2天
2395,2026-05-11,-3.51,0,5,2026,4.第4-5天
2303,2026-05-18,-3.28,0,0,2026,0.非同買日
6531,2026-05-25,1.76,0,2,2026,2.第2天
2395,2026-06-01,-1.37,0,1,2026,1.第1天
2368,2026-06-08,3.79,0,0,2026,0.非同買日
3034,2026-06-15,3.42,0,3,2026,3.第3天
2376,2026-06-15,-1.17,0,2,2026,2.第2天
3189,2026-06-22,-7.72,0,0,2026,0.非同買日
6531,2026-06-22,-4.61,0,0,2026,0.非同買日
5269,2026-06-29,-0.94,0,1,2026,1.第1天
6139,2026-07-06,-7.64,0,0,2026,0.非同買日
3017,2026-07-06,-13.44,0,0,2026,0.非同買日
8046,2026-07-13,10.75,0,0,2026,0.非同買日
6669,2026-07-27,-8.04,0,0,2026,0.非同買日
2303,2021-09-06,-5.01,0,0,2021,0.非同買日
2454,2021-09-27,-5.37,0,2,2021,2.第2天
3035,2021-10-18,24.08,0,0,2021,0.非同買日
3529,2021-10-18,-0.37,0,1,2021,1.第1天
2449,2021-11-15,2.23,0,5,2021,4.第4-5天
6669,2021-11-22,-1.56,0,0,2021,0.非同買日
2454,2021-12-06,-1.51,0,0,2021,0.非同買日
2383,2021-12-13,-1.85,0,1,2021,1.第1天
6515,2021-12-27,2.27,0,0,2021,0.非同買日
3037,2021-12-27,-2.7,0,0,2021,0.非同買日
8046,2022-01-03,-2.3,0,1,2022,1.第1天
3044,2022-01-17,1.37,0,1,2022,1.第1天
2330,2022-01-24,-3.34,0,1,2022,1.第1天
2376,2022-02-07,-2.3,0,1,2022,1.第1天
3661,2022-02-14,3.07,0,0,2022,0.非同買日
8299,2022-02-21,-2.3,0,0,2022,0.非同買日
3035,2022-03-14,-11.37,0,0,2022,0.非同買日
2313,2022-03-21,13.11,0,2,2022,2.第2天
5269,2022-03-21,1.57,0,0,2022,0.非同買日
3661,2022-03-28,0.78,0,1,2022,1.第1天
2059,2022-05-09,4.79,0,1,2022,1.第1天
3533,2022-05-09,8.45,0,0,2022,0.非同買日
8996,2022-05-23,7.16,0,0,2022,0.非同買日
3324,2022-05-23,0.76,0,0,2022,0.非同買日
2308,2022-05-30,-0.39,0,3,2022,3.第3天
2454,2022-06-06,-2.58,0,0,2022,0.非同買日
2345,2022-06-27,-12.95,0,0,2022,0.非同買日
2368,2022-07-18,3.7,0,1,2022,1.第1天
4966,2022-07-18,-2.74,0,1,2022,1.第1天
6213,2022-07-25,-4.72,0,1,2022,1.第1天
2303,2022-08-01,1.25,0,2,2022,2.第2天
2308,2022-08-08,2.97,0,2,2022,2.第2天
6643,2022-08-15,-4.08,0,0,2022,0.非同買日
2395,2022-08-22,-6.82,0,4,2022,4.第4-5天
3035,2022-08-22,-0.07,0,0,2022,0.非同買日
2383,2022-09-05,-0.89,0,0,2022,0.非同買日
3653,2022-09-05,2.68,0,0,2022,0.非同買日
2353,2022-09-12,-2.39,0,1,2022,1.第1天
8210,2022-09-19,-5.1,0,0,2022,0.非同買日
6669,2022-10-03,-2.2,0,0,2022,0.非同買日
2059,2022-10-03,-6.67,0,0,2022,0.非同買日
8299,2022-10-17,-3.7,0,0,2022,0.非同買日
2308,2022-10-24,-4.67,0,2,2022,2.第2天
3035,2022-10-31,4.3,0,0,2022,0.非同買日
2454,2022-11-07,11.75,0,1,2022,1.第1天
2330,2022-11-14,7.67,0,2,2022,2.第2天
3661,2022-11-21,-0.6,0,0,2022,0.非同買日
3081,2022-11-28,7.61,0,0,2022,0.非同買日
3189,2022-11-28,12.85,0,1,2022,1.第1天
3324,2022-12-05,-3.72,0,1,2022,1.第1天
3711,2022-12-05,-3.45,0,1,2022,1.第1天
2357,2022-12-12,-3.88,0,0,2022,0.非同買日
2324,2022-12-12,3.48,0,0,2022,0.非同買日
2395,2022-12-19,-1.18,0,0,2022,0.非同買日
2357,2022-12-26,-1.33,0,1,2022,1.第1天
2395,2022-12-26,-1.48,0,0,2022,0.非同買日
2360,2023-01-09,-7.02,0,4,2023,4.第4-5天
8299,2023-01-30,-0.87,0,6,2023,5.第6天以上
3231,2023-02-06,-1.38,0,6,2023,5.第6天以上
3034,2023-02-13,6.46,0,0,2023,0.非同買日
2353,2023-02-20,-1.37,0,1,2023,1.第1天
3034,2023-03-06,0.82,0,2,2023,2.第2天
8046,2023-03-13,-1.91,0,4,2023,4.第4-5天
3034,2023-03-13,-0.13,0,2,2023,2.第2天
2356,2023-03-20,7.24,0,1,2023,1.第1天
2324,2023-03-27,2.21,0,1,2023,1.第1天
3034,2023-04-17,-5.37,0,0,2023,0.非同買日
2368,2023-04-17,-1.57,0,0,2023,0.非同買日
6282,2023-04-24,-6.06,0,0,2023,0.非同買日
2395,2023-05-08,0.57,0,8,2023,5.第6天以上
2324,2023-05-15,2.47,0,6,2023,5.第6天以上
8996,2023-05-22,9.77,0,1,2023,1.第1天
5269,2023-05-29,-11.69,0,2,2023,2.第2天
8210,2023-05-29,14.16,0,1,2023,1.第1天
8299,2023-05-29,-1.91,0,2,2023,2.第2天
2421,2023-06-05,-3.76,0,1,2023,1.第1天
6830,2023-06-05,5.32,0,4,2023,4.第4-5天
2382,2023-06-12,15.58,0,2,2023,2.第2天
2308,2023-06-12,11.09,0,1,2023,1.第1天
2454,2023-06-19,-3.96,0,1,2023,1.第1天
2059,2023-06-26,15.16,0,0,2023,0.非同買日
6669,2023-06-26,21.31,0,0,2023,0.非同買日
2353,2023-06-26,-2.83,0,0,2023,0.非同買日
6139,2023-07-03,-2.11,0,1,2023,1.第1天
3661,2023-07-03,-0.34,0,1,2023,1.第1天
3035,2023-07-10,25.09,0,0,2023,0.非同買日
6669,2023-07-10,20.31,0,0,2023,0.非同買日
3189,2023-07-17,-0.6,0,1,2023,1.第1天
3035,2023-07-17,17.63,0,0,2023,0.非同買日
8210,2023-07-24,-15.23,0,0,2023,0.非同買日
2059,2023-07-24,-9.02,0,0,2023,0.非同買日
3131,2023-07-31,-17.12,0,1,2023,1.第1天
2455,2023-07-31,-3.97,0,2,2023,2.第2天
2454,2023-08-07,-4.4,0,5,2023,4.第4-5天
2345,2023-08-07,-1.87,0,1,2023,1.第1天
2317,2023-08-14,-4.66,0,0,2023,0.非同買日
2382,2023-08-14,4.18,0,0,2023,0.非同買日
3583,2023-08-21,-6.4,0,1,2023,1.第1天
3587,2023-08-21,5.47,0,1,2023,1.第1天
2376,2023-08-28,-6.94,0,0,2023,0.非同買日
3587,2023-08-28,-3.54,0,0,2023,0.非同買日
6274,2023-09-04,-0.6,0,1,2023,1.第1天
3034,2023-09-04,3.76,0,3,2023,3.第3天
6414,2023-09-11,0.87,0,0,2023,0.非同買日
2454,2023-09-11,8.87,0,0,2023,0.非同買日
3189,2023-09-18,-3.23,0,2,2023,2.第2天
5269,2023-09-18,-8.46,0,0,2023,0.非同買日
2345,2023-09-25,3.22,0,1,2023,1.第1天
6213,2023-09-25,5.09,0,2,2023,2.第2天
6213,2023-10-02,-0.39,0,3,2023,3.第3天
3231,2023-10-02,-12.06,0,1,2023,1.第1天
6643,2023-10-16,-3.24,0,0,2023,0.非同買日
2454,2023-10-16,-2.85,0,0,2023,0.非同買日
2313,2023-10-30,0.14,0,0,2023,0.非同買日
2454,2023-11-06,2.11,0,2,2023,2.第2天
2303,2023-11-06,-1.5,0,4,2023,4.第4-5天
2330,2023-11-13,0.45,0,5,2023,4.第4-5天
6282,2023-11-20,6.58,0,1,2023,1.第1天
3324,2023-11-20,-7.47,0,0,2023,0.非同買日
3583,2023-11-27,1.21,0,0,2023,0.非同買日
8996,2023-11-27,-0.4,0,0,2023,0.非同買日
2360,2023-12-04,-3.59,0,1,2023,1.第1天
3131,2023-12-04,-2.05,0,0,2023,0.非同買日
3037,2023-12-11,-1.72,0,2,2023,2.第2天
3189,2023-12-11,-5.71,0,3,2023,3.第3天
2330,2023-12-18,-1.28,0,3,2023,3.第3天
2353,2023-12-25,6.1,0,0,2023,0.非同買日
6643,2024-01-08,10.3,0,0,2024,0.非同買日
6531,2024-01-08,10.58,0,0,2024,0.非同買日
2368,2024-01-15,-7.73,0,1,2024,1.第1天
3131,2024-01-15,9.13,0,1,2024,1.第1天
3017,2024-01-22,2.01,0,2,2024,2.第2天
2376,2024-01-22,-1.43,0,2,2024,2.第2天
2313,2024-01-29,0.24,0,2,2024,2.第2天
2455,2024-01-29,2.05,0,2,2024,2.第2天
6274,2024-02-05,9.14,0,2,2024,2.第2天
3044,2024-02-05,9.2,0,1,2024,1.第1天
5269,2024-02-19,11.55,0,1,2024,1.第1天
8996,2024-02-19,-5.93,0,0,2024,0.非同買日
3034,2024-02-26,0.76,0,1,2024,1.第1天
6414,2024-02-26,2.12,0,3,2024,3.第3天
8299,2024-03-04,-5.04,0,1,2024,1.第1天
8996,2024-03-04,5.28,0,1,2024,1.第1天
2449,2024-03-11,2.16,0,0,2024,0.非同買日
8996,2024-03-11,3.68,0,1,2024,1.第1天
3533,2024-03-18,5.07,0,0,2024,0.非同買日
8996,2024-03-18,18.7,0,1,2024,1.第1天
2421,2024-03-25,6.13,0,3,2024,3.第3天
2317,2024-03-25,2.82,0,0,2024,0.非同買日
3037,2024-04-01,2.49,0,2,2024,2.第2天
6139,2024-04-01,12.58,0,0,2024,0.非同買日
2421,2024-04-08,-8.1,0,1,2024,1.第1天
6139,2024-04-15,-6.33,0,0,2024,0.非同買日
3131,2024-04-15,0.38,0,0,2024,0.非同買日
6274,2024-04-29,-1.95,0,5,2024,4.第4-5天
2383,2024-04-29,4.17,0,1,2024,1.第1天
3533,2024-05-06,1.09,0,2,2024,2.第2天
2303,2024-05-06,0.75,0,2,2024,2.第2天
2303,2024-05-13,0.73,0,1,2024,1.第1天
2313,2024-05-20,-2.65,0,1,2024,1.第1天
8210,2024-05-27,-8.03,0,1,2024,1.第1天
8996,2024-05-27,-4.49,0,0,2024,0.非同買日
2395,2024-06-03,-3.76,0,1,2024,1.第1天
3034,2024-06-17,-1.4,0,2,2024,2.第2天
2308,2024-06-24,3.1,0,0,2024,0.非同買日
6531,2024-06-24,-0.73,0,1,2024,1.第1天
3034,2024-07-01,-1.88,0,1,2024,1.第1天
2382,2024-07-08,1.42,0,1,2024,1.第1天
2308,2024-07-08,2.62,0,3,2024,3.第3天
3533,2024-07-15,-12.04,0,2,2024,2.第2天
3081,2024-07-15,-10.02,0,1,2024,1.第1天
3583,2024-08-12,11.75,0,2,2024,2.第2天
3231,2024-08-12,-2.54,0,1,2024,1.第1天
2303,2024-08-19,-2.2,0,2,2024,2.第2天
2345,2024-08-19,-1.73,0,2,2024,2.第2天
3034,2024-08-26,-2.23,0,1,2024,1.第1天
2059,2024-08-26,-4.61,0,0,2024,0.非同買日
3363,2024-09-02,-12.0,0,1,2024,1.第1天
3163,2024-09-02,-4.69,0,1,2024,1.第1天
6187,2024-09-09,19.54,0,0,2024,0.非同買日
6274,2024-09-09,2.48,0,0,2024,0.非同買日
2324,2024-09-16,-2.78,0,3,2024,3.第3天
2357,2024-09-16,7.62,0,3,2024,3.第3天
2317,2024-09-23,3.54,0,2,2024,2.第2天
3013,2024-09-23,3.22,0,1,2024,1.第1天
3231,2024-10-07,6.22,0,1,2024,1.第1天
3081,2024-10-07,11.1,0,0,2024,0.非同買日
3017,2024-10-14,4.01,0,2,2024,2.第2天
2382,2024-10-14,8.34,0,3,2024,3.第3天
3443,2024-10-21,-0.99,0,1,2024,1.第1天
3189,2024-10-21,-3.18,0,1,2024,1.第1天
3231,2024-10-28,1.59,0,0,2024,0.非同買日
2454,2024-10-28,-3.58,0,1,2024,1.第1天
3231,2024-11-04,4.54,0,2,2024,2.第2天
2317,2024-11-04,2.19,0,1,2024,1.第1天
2382,2024-11-11,-9.16,0,6,2024,5.第6天以上
6187,2024-11-11,-11.06,0,2,2024,2.第2天
3231,2024-11-25,-10.18,0,2,2024,2.第2天
6442,2024-11-25,-8.8,0,1,2024,1.第1天
2454,2024-12-02,0.54,0,1,2024,1.第1天
3044,2024-12-02,-1.11,0,1,2024,1.第1天
6442,2024-12-09,1.01,0,1,2024,1.第1天
2059,2024-12-09,-5.96,0,5,2024,4.第4-5天
6274,2024-12-16,-3.06,0,1,2024,1.第1天
2368,2024-12-16,-4.52,0,0,2024,0.非同買日
8299,2024-12-23,8.21,0,0,2024,0.非同買日
3044,2024-12-23,-0.35,0,0,2024,0.非同買日
8046,2024-12-30,12.79,0,0,2024,0.非同買日
2383,2024-12-30,-0.44,0,0,2024,0.非同買日
2356,2025-01-06,-3.82,0,2,2025,2.第2天
3231,2025-01-20,-11.64,0,1,2025,1.第1天
3661,2025-01-20,-7.35,0,1,2025,1.第1天
2357,2025-02-03,2.47,0,1,2025,1.第1天
2324,2025-02-03,1.41,0,2,2025,2.第2天
2357,2025-02-10,1.18,0,0,2025,0.非同買日
3443,2025-02-17,-0.6,0,1,2025,1.第1天
2357,2025-02-17,1.88,0,1,2025,1.第1天
2454,2025-02-24,-2.53,0,1,2025,1.第1天
2313,2025-02-24,-6.87,0,0,2025,0.非同買日
2359,2025-03-03,-6.26,0,1,2025,1.第1天
2303,2025-03-03,2.71,0,0,2025,0.非同買日
2356,2025-03-10,-4.94,0,0,2025,0.非同買日
3017,2025-03-10,-1.13,0,0,2025,0.非同買日
3105,2025-03-24,-10.24,0,0,2025,0.非同買日
3035,2025-03-24,-3.86,0,0,2025,0.非同買日
2059,2025-04-21,6.96,0,0,2025,0.非同買日
2308,2025-04-28,4.51,0,1,2025,1.第1天
2330,2025-04-28,3.95,0,2,2025,2.第2天
2382,2025-05-05,4.24,0,2,2025,2.第2天
3231,2025-05-05,4.2,0,2,2025,2.第2天
6669,2025-05-12,-0.38,0,1,2025,1.第1天
3661,2025-05-12,2.35,0,1,2025,1.第1天
2421,2025-05-19,2.37,0,1,2025,1.第1天
3706,2025-05-19,5.08,0,0,2025,0.非同買日
3231,2025-05-26,-1.46,0,1,2025,1.第1天
6139,2025-05-26,0.0,0,1,2025,1.第1天
3653,2025-06-02,5.05,0,1,2025,1.第1天
2382,2025-06-02,1.24,0,2,2025,2.第2天
6515,2025-06-09,2.95,0,3,2025,3.第3天
6187,2025-06-09,5.89,0,4,2025,4.第4-5天
3044,2025-06-16,5.22,0,1,2025,1.第1天
3661,2025-06-23,8.71,0,1,2025,1.第1天
6187,2025-06-23,7.66,0,1,2025,1.第1天
3044,2025-06-30,-2.0,0,0,2025,0.非同買日
2368,2025-07-07,3.57,0,0,2025,0.非同買日
3037,2025-07-07,5.0,0,0,2025,0.非同買日
6531,2025-07-14,-3.05,0,0,2025,0.非同買日
8210,2025-07-14,1.09,0,1,2025,1.第1天
6139,2025-07-21,-0.02,0,3,2025,3.第3天
3037,2025-07-28,0.9,0,1,2025,1.第1天
6274,2025-07-28,-1.92,0,2,2025,2.第2天
3017,2025-08-04,14.94,0,1,2025,1.第1天
2360,2025-08-11,1.32,0,2,2025,2.第2天
3037,2025-08-18,-6.55,0,1,2025,1.第1天
6274,2025-08-18,-9.44,0,0,2025,0.非同買日
3443,2025-08-25,2.08,0,1,2025,1.第1天
2449,2025-08-25,16.27,0,2,2025,2.第2天
6442,2025-09-01,2.1,0,0,2025,0.非同買日
3013,2025-09-08,-7.45,0,2,2025,2.第2天
2382,2025-09-15,1.2,0,1,2025,1.第1天
3081,2025-09-22,-5.97,0,1,2025,1.第1天
3017,2025-10-13,-1.46,0,2,2025,2.第2天
3587,2025-10-20,-4.97,0,1,2025,1.第1天
6442,2025-10-20,1.26,0,2,2025,2.第2天
3693,2025-10-27,15.34,0,0,2025,0.非同買日
2345,2025-11-03,-3.37,0,3,2025,3.第3天
6669,2025-11-10,3.22,0,1,2025,1.第1天
3653,2025-11-17,1.35,0,0,2025,0.非同買日
6515,2025-11-24,2.41,0,0,2025,0.非同買日
3081,2025-11-24,18.79,0,1,2025,1.第1天
3037,2025-12-01,11.26,0,1,2025,1.第1天
3653,2025-12-01,7.21,0,0,2025,0.非同買日
3706,2025-12-08,-6.85,0,4,2025,4.第4-5天
2345,2025-12-15,-3.88,0,0,2025,0.非同買日
2383,2025-12-15,-0.91,0,0,2025,0.非同買日
6274,2025-12-22,9.91,0,2,2025,2.第2天
2059,2025-12-29,-8.65,0,2,2025,2.第2天
3711,2026-01-05,6.76,0,1,2026,1.第1天
3711,2026-01-12,5.02,0,2,2026,2.第2天
2313,2026-01-19,22.61,0,0,2026,0.非同買日
3037,2026-01-19,9.97,0,0,2026,0.非同買日
3037,2026-01-26,2.83,0,0,2026,0.非同買日
2313,2026-01-26,-3.41,0,0,2026,0.非同買日
6515,2026-02-02,15.56,0,0,2026,0.非同買日
2345,2026-02-09,6.64,0,2,2026,2.第2天
2324,2026-03-09,0.67,0,1,2026,1.第1天
6531,2026-03-16,-1.54,0,1,2026,1.第1天
2383,2026-03-23,-0.95,0,0,2026,0.非同買日
6531,2026-05-18,-23.28,0,0,2026,0.非同買日
2360,2026-05-25,4.25,0,1,2026,1.第1天
3017,2026-06-01,-8.27,0,2,2026,2.第2天
6213,2026-06-29,15.39,0,0,2026,0.非同買日
3711,2026-07-13,-8.91,0,0,2026,0.非同買日
2360,2026-07-27,-13.14,0,0,2026,0.非同買日
3034,2021-02-01,27.99,0,0,2021,0.非同買日
2330,2021-08-09,-2.94,0,0,2021,0.非同買日
6442,2022-04-11,11.24,0,0,2022,0.非同買日
3289,2022-04-11,-7.11,0,0,2022,0.非同買日
8996,2022-06-13,-8.88,0,0,2022,0.非同買日
2368,2022-06-13,-7.07,0,0,2022,0.非同買日
5443,2024-07-22,-9.52,0,0,2024,0.非同買日
6442,2024-09-30,21.46,0,0,2024,0.非同買日
6531,2024-09-30,1.04,0,0,2024,0.非同買日
3693,2024-11-18,3.57,0,0,2024,0.非同買日
3338,2024-11-18,5.47,0,0,2024,0.非同買日
6117,2025-03-17,-1.06,0,0,2025,0.非同買日
3163,2025-03-17,9.18,0,0,2025,0.非同買日
2356,2021-02-22,4.41,0,2,2021,2.第2天
2357,2021-02-22,3.0,0,2,2021,2.第2天
3189,2021-02-22,-2.62,0,1,2021,1.第1天
3231,2021-03-08,0.34,0,2,2021,2.第2天
8299,2021-03-08,-3.01,0,0,2021,0.非同買日
3034,2021-03-15,1.7,0,0,2021,0.非同買日
2376,2021-03-15,-1.65,0,0,2021,0.非同買日
2382,2021-03-15,-0.93,0,0,2021,0.非同買日
2353,2021-03-22,2.54,0,1,2021,1.第1天
2376,2021-03-22,-1.93,0,0,2021,0.非同買日
3231,2021-03-22,-2.33,0,0,2021,0.非同買日
2303,2021-03-29,1.11,0,0,2021,0.非同買日
8299,2021-03-29,-2.0,0,0,2021,0.非同買日
2308,2021-03-29,-0.6,0,0,2021,0.非同買日
2357,2021-04-12,-1.66,0,0,2021,0.非同買日
2382,2021-04-19,-0.09,0,1,2021,1.第1天
2356,2021-04-19,-0.05,0,1,2021,1.第1天
2345,2021-04-19,-1.51,0,1,2021,1.第1天
2454,2021-04-26,0.33,0,0,2021,0.非同買日
3711,2021-04-26,3.61,0,1,2021,1.第1天
3034,2021-04-26,0.69,0,0,2021,0.非同買日
3533,2021-05-03,-8.02,0,2,2021,2.第2天
6669,2021-05-03,2.14,0,2,2021,2.第2天
2308,2021-05-03,-8.06,0,1,2021,1.第1天
2357,2021-05-10,-5.61,0,0,2021,0.非同買日
2449,2021-05-10,-10.12,0,1,2021,1.第1天
8299,2021-05-10,-18.13,0,0,2021,0.非同買日
3533,2021-05-24,2.09,0,0,2021,0.非同買日
8046,2021-05-24,-1.99,0,0,2021,0.非同買日
2345,2021-05-24,-3.02,0,1,2021,1.第1天
6187,2021-05-31,-1.71,0,2,2021,2.第2天
3034,2021-05-31,-7.3,0,1,2021,1.第1天
3711,2021-05-31,-1.04,0,4,2021,4.第4-5天
3037,2021-06-07,-0.99,0,0,2021,0.非同買日
3131,2021-06-07,-2.3,0,0,2021,0.非同買日
3529,2021-06-21,0.13,0,1,2021,1.第1天
3017,2021-06-21,-0.6,0,0,2021,0.非同買日
6274,2021-06-28,6.24,0,0,2021,0.非同買日
3105,2021-06-28,-1.91,0,0,2021,0.非同買日
3044,2021-06-28,0.14,0,0,2021,0.非同買日
3653,2021-07-05,0.49,0,0,2021,0.非同買日
8299,2021-07-05,-1.39,0,1,2021,1.第1天
3105,2021-07-05,-0.82,0,1,2021,1.第1天
6669,2021-07-12,3.6,0,2,2021,2.第2天
3035,2021-07-12,2.55,0,0,2021,0.非同買日
3661,2021-07-19,-1.19,0,0,2021,0.非同買日
3037,2021-07-19,-3.75,0,0,2021,0.非同買日
3711,2021-07-19,1.09,0,1,2021,1.第1天
2303,2021-07-26,-4.12,0,1,2021,1.第1天
2368,2021-07-26,-5.32,0,1,2021,1.第1天
6274,2021-07-26,-4.31,0,1,2021,1.第1天
3653,2021-08-02,-4.23,0,0,2021,0.非同買日
3034,2021-08-02,3.26,0,0,2021,0.非同買日
3529,2021-08-23,0.92,0,1,2021,1.第1天
2382,2021-08-30,0.04,0,2,2021,2.第2天
6274,2021-08-30,0.73,0,1,2021,1.第1天
4966,2021-09-06,-2.72,0,1,2021,1.第1天
4966,2021-10-18,5.4,0,0,2021,0.非同買日
2313,2021-10-18,3.83,0,0,2021,0.非同買日
2317,2021-10-25,-0.6,0,2,2021,2.第2天
2345,2021-11-01,2.75,0,1,2021,1.第1天
2356,2021-11-15,0.15,0,6,2021,5.第6天以上
2455,2021-11-22,1.78,0,0,2021,0.非同買日
8046,2021-11-22,0.29,0,1,2021,1.第1天
3324,2021-11-29,1.77,0,1,2021,1.第1天
2308,2021-12-06,-0.6,0,0,2021,0.非同買日
3587,2021-12-13,-0.6,0,0,2021,0.非同買日
2455,2021-12-27,-2.94,0,0,2021,0.非同買日
3044,2021-12-27,-1.0,0,1,2021,1.第1天
2324,2022-01-03,0.42,0,1,2022,1.第1天
2382,2022-01-24,-1.76,0,2,2022,2.第2天
3017,2022-02-14,-2.95,0,0,2022,0.非同買日
3037,2022-02-14,6.71,0,0,2022,0.非同買日
3711,2022-03-21,-0.12,0,1,2022,1.第1天
3044,2022-03-21,0.15,0,1,2022,1.第1天
2303,2022-03-28,1.07,0,2,2022,2.第2天
2317,2022-05-30,3.0,0,2,2022,2.第2天
2303,2022-06-06,0.17,0,1,2022,1.第1天
8996,2022-06-27,-1.03,0,0,2022,0.非同買日
2308,2022-06-27,-2.1,0,0,2022,0.非同買日
6515,2022-07-18,2.93,0,1,2022,1.第1天
6139,2022-07-25,-0.6,0,2,2022,2.第2天
3711,2022-08-08,-1.62,0,4,2022,4.第4-5天
3706,2022-08-08,0.79,0,2,2022,2.第2天
4966,2022-10-17,-3.68,0,1,2022,1.第1天
8046,2022-10-31,2.22,0,0,2022,0.非同買日
2303,2022-11-07,2.88,0,1,2022,1.第1天
2357,2022-11-28,-0.41,0,0,2022,0.非同買日
2376,2023-01-09,0.28,0,2,2023,2.第2天
3711,2023-01-09,-1.09,0,2,2023,2.第2天
3661,2023-01-16,-0.37,0,2,2023,2.第2天
2376,2023-01-30,-2.68,0,2,2023,2.第2天
2353,2023-01-30,0.0,0,5,2023,4.第4-5天
3706,2023-02-06,0.51,0,3,2023,3.第3天
2454,2023-03-06,-2.63,0,1,2023,1.第1天
2324,2023-03-06,-0.8,0,2,2023,2.第2天
3231,2023-03-13,1.91,0,1,2023,1.第1天
2376,2023-04-17,-0.97,0,1,2023,1.第1天
3324,2023-05-08,-0.2,0,1,2023,1.第1天
3017,2023-05-22,1.85,0,1,2023,1.第1天
2449,2023-06-12,4.53,0,1,2023,1.第1天
6515,2023-07-03,6.9,0,2,2023,2.第2天
2313,2024-02-05,-1.43,0,1,2024,1.第1天
2313,2024-03-11,-1.57,0,1,2024,1.第1天
2313,2024-04-08,-2.62,0,1,2024,1.第1天
3587,2024-04-15,3.49,0,0,2024,0.非同買日
2324,2024-04-29,-4.15,0,2,2024,2.第2天
2330,2024-06-03,0.34,0,1,2024,1.第1天
2313,2024-06-24,0.93,0,0,2024,0.非同買日
2345,2024-07-01,-1.68,0,1,2024,1.第1天
2303,2024-07-08,-1.68,0,4,2024,4.第4-5天
2345,2024-10-21,-2.83,0,2,2024,2.第2天
2324,2024-11-11,0.33,0,2,2024,2.第2天
2455,2024-12-09,-3.57,0,2,2024,2.第2天
2308,2024-12-30,-4.6,0,1,2024,1.第1天
3034,2025-03-24,-0.24,0,0,2025,0.非同買日
2376,2025-06-09,-2.49,0,3,2025,3.第3天
2421,2025-06-16,-1.56,0,1,2025,1.第1天
6274,2025-06-30,-2.13,0,0,2025,0.非同買日
2449,2025-07-07,-2.44,0,0,2025,0.非同買日
2454,2025-07-14,1.2,0,0,2025,0.非同買日
2376,2025-07-21,-1.45,0,5,2025,4.第4-5天
8299,2025-07-28,1.48,0,1,2025,1.第1天
3044,2025-08-04,0.65,0,2,2025,2.第2天
6282,2025-08-04,2.89,0,2,2025,2.第2天
2421,2025-08-11,-0.97,0,3,2025,3.第3天
2317,2025-08-11,-0.35,0,5,2025,4.第4-5天
2368,2025-08-18,-7.87,0,1,2025,1.第1天
3189,2025-08-25,5.87,0,1,2025,1.第1天
2449,2025-09-01,-3.73,0,0,2025,0.非同買日
2449,2025-09-08,1.46,0,0,2025,0.非同買日
2317,2025-09-15,-2.44,0,1,2025,1.第1天
6442,2025-10-13,-12.62,0,1,2025,1.第1天
3443,2025-11-03,0.97,0,2,2025,2.第2天
6274,2025-11-17,-6.27,0,1,2025,1.第1天
2360,2025-11-24,-1.83,0,0,2025,0.非同買日
6414,2025-12-08,-0.09,0,1,2025,1.第1天
3017,2025-12-22,1.09,0,2,2025,2.第2天
3443,2026-01-05,6.69,0,1,2026,1.第1天
2455,2026-01-12,-1.83,0,1,2026,1.第1天
2308,2026-01-12,-0.13,0,2,2026,2.第2天
3081,2026-01-26,9.63,0,0,2026,0.非同買日
8996,2026-02-02,9.05,0,0,2026,0.非同買日
3363,2026-02-02,-4.18,0,1,2026,1.第1天
3711,2026-02-09,7.76,0,2,2026,2.第2天
2330,2026-02-09,4.88,0,1,2026,1.第1天
3587,2026-02-23,2.97,0,2,2026,2.第2天
3081,2026-02-23,5.67,0,0,2026,0.非同買日
2382,2026-03-02,-7.2,0,1,2026,1.第1天
3231,2026-03-02,-7.96,0,1,2026,1.第1天
3034,2026-03-09,1.89,0,1,2026,1.第1天
3189,2026-03-16,7.81,0,0,2026,0.非同買日
3583,2026-03-16,2.34,0,1,2026,1.第1天
2368,2026-03-23,-4.73,0,0,2026,0.非同買日
3017,2026-03-23,4.63,0,0,2026,0.非同買日
6139,2026-03-23,8.71,0,1,2026,1.第1天
3711,2026-03-30,-7.63,0,0,2026,0.非同買日
2313,2026-03-30,0.54,0,0,2026,0.非同買日
6442,2026-03-30,-4.37,0,0,2026,0.非同買日
2376,2026-04-13,5.05,0,4,2026,4.第4-5天
3583,2026-04-13,-0.88,0,0,2026,0.非同買日
3131,2026-04-13,-8.16,0,1,2026,1.第1天
3017,2026-04-20,7.59,0,1,2026,1.第1天
6442,2026-04-20,-6.05,0,1,2026,1.第1天
2376,2026-04-20,1.54,0,9,2026,5.第6天以上
3189,2026-04-27,-1.95,0,0,2026,0.非同買日
3661,2026-04-27,-4.3,0,0,2026,0.非同買日
8210,2026-04-27,-4.44,0,0,2026,0.非同買日
8299,2026-05-04,14.98,0,1,2026,1.第1天
3017,2026-05-04,-16.1,0,1,2026,1.第1天
5269,2026-05-04,-4.17,0,3,2026,3.第3天
2303,2026-05-11,2.96,0,1,2026,1.第1天
2383,2026-05-11,1.04,0,1,2026,1.第1天
2317,2026-05-11,-0.99,0,6,2026,5.第6天以上
2376,2026-05-18,-9.17,0,1,2026,1.第1天
6515,2026-05-18,-11.86,0,0,2026,0.非同買日
2421,2026-05-25,-0.9,0,3,2026,3.第3天
5269,2026-05-25,-3.19,0,3,2026,3.第3天
2421,2026-06-01,0.91,0,2,2026,2.第2天
5269,2026-06-01,3.0,0,1,2026,1.第1天
6515,2026-06-15,-5.36,0,0,2026,0.非同買日
2353,2026-06-15,-6.39,0,1,2026,1.第1天
3131,2026-06-22,-0.32,0,0,2026,0.非同買日
3037,2026-06-22,-7.92,0,1,2026,1.第1天
2395,2026-06-22,-5.77,0,1,2026,1.第1天
3189,2026-06-29,8.97,0,0,2026,0.非同買日
5269,2026-07-06,-0.27,0,0,2026,0.非同買日
2395,2026-07-06,5.39,0,0,2026,0.非同買日
2324,2026-07-13,-1.95,0,0,2026,0.非同買日
6139,2026-07-13,0.75,0,0,2026,0.非同買日
2330,2026-07-13,-0.6,0,0,2026,0.非同買日
2324,2026-07-27,-7.15,0,0,2026,0.非同買日
2376,2026-07-27,-7.0,0,0,2026,0.非同買日
3081,2026-07-27,-15.19,0,0,2026,0.非同買日
3661,2021-06-07,-7.95,0,0,2021,0.非同買日
3037,2021-06-21,-2.12,0,0,2021,0.非同買日
2368,2021-07-12,-6.19,0,0,2021,0.非同買日
2303,2021-08-23,6.53,0,2,2021,2.第2天
2383,2021-08-23,1.8,0,0,2021,0.非同買日
3044,2021-08-30,0.26,0,1,2021,1.第1天
2455,2021-09-06,-7.15,0,0,2021,0.非同買日
6531,2021-09-06,-2.77,0,0,2021,0.非同買日
6213,2021-09-13,13.5,0,0,2021,0.非同買日
3324,2021-09-13,-2.07,0,0,2021,0.非同買日
6531,2021-09-27,-7.89,0,1,2021,1.第1天
3661,2021-09-27,-11.73,0,1,2021,1.第1天
3443,2021-09-27,-8.49,0,0,2021,0.非同買日
2376,2021-10-18,-2.46,0,0,2021,0.非同買日
2395,2021-10-25,3.79,0,2,2021,2.第2天
3035,2021-10-25,18.6,0,0,2021,0.非同買日
3037,2021-11-01,-0.07,0,0,2021,0.非同買日
8046,2021-11-01,3.66,0,0,2021,0.非同買日
2345,2021-11-08,-1.3,0,0,2021,0.非同買日
3131,2021-11-08,-0.47,0,0,2021,0.非同買日
2059,2021-11-08,5.4,0,1,2021,1.第1天
2368,2021-11-15,-7.17,0,0,2021,0.非同買日
3533,2021-11-15,5.66,0,0,2021,0.非同買日
2303,2021-11-22,-4.13,0,0,2021,0.非同買日
3037,2021-11-29,-0.6,0,0,2021,0.非同買日
6669,2021-11-29,-3.03,0,0,2021,0.非同買日
3706,2021-12-06,4.94,0,0,2021,0.非同買日
3711,2021-12-06,-3.88,0,0,2021,0.非同買日
6669,2021-12-13,-5.66,0,0,2021,0.非同買日
3037,2021-12-13,-1.73,0,0,2021,0.非同買日
2449,2021-12-27,0.42,0,1,2021,1.第1天
6213,2022-01-03,-7.3,0,0,2022,0.非同買日
6187,2022-01-03,12.03,0,0,2022,0.非同買日
2368,2022-01-17,2.19,0,1,2022,1.第1天
2353,2022-01-17,-3.7,0,1,2022,1.第1天
3017,2022-01-17,5.87,0,1,2022,1.第1天
2324,2022-01-24,-1.77,0,0,2022,0.非同買日
2345,2022-01-24,-3.4,0,0,2022,0.非同買日
3661,2022-02-07,13.53,0,2,2022,2.第2天
2313,2022-02-07,1.13,0,1,2022,1.第1天
3324,2022-02-07,-1.24,0,0,2022,0.非同買日
3706,2022-02-14,1.01,0,0,2022,0.非同買日
3017,2022-02-21,0.31,0,0,2022,0.非同買日
3037,2022-02-21,3.17,0,0,2022,0.非同買日
3035,2022-02-21,24.56,0,0,2022,0.非同買日
6515,2022-03-14,12.48,0,0,2022,0.非同買日
5269,2022-03-14,0.78,0,1,2022,1.第1天
2308,2022-03-14,0.75,0,0,2022,0.非同買日
2324,2022-03-21,0.89,0,0,2022,0.非同買日
2357,2022-03-28,-3.36,0,4,2022,4.第4-5天
3017,2022-03-28,-5.61,0,0,2022,0.非同買日
2368,2022-05-16,-4.64,0,0,2022,0.非同買日
2345,2022-05-16,-7.77,0,0,2022,0.非同買日
3037,2022-05-16,0.1,0,2,2022,2.第2天
2383,2022-05-23,2.48,0,0,2022,0.非同買日
2330,2022-05-30,-1.87,0,2,2022,2.第2天
2376,2022-05-30,-2.37,0,2,2022,2.第2天
3653,2022-06-06,2.99,0,1,2022,1.第1天
4966,2022-06-06,-6.79,0,1,2022,1.第1天
2382,2022-06-27,-2.57,0,1,2022,1.第1天
2059,2022-07-18,4.76,0,1,2022,1.第1天
2345,2022-07-18,-6.41,0,0,2022,0.非同買日
2395,2022-07-25,1.73,0,1,2022,1.第1天
2356,2022-07-25,1.11,0,3,2022,3.第3天
2360,2022-08-01,-1.45,0,1,2022,1.第1天
2421,2022-08-01,3.43,0,1,2022,1.第1天
6515,2022-08-01,0.68,0,1,2022,1.第1天
2324,2022-08-08,-3.4,0,1,2022,1.第1天
3529,2022-08-15,0.47,0,0,2022,0.非同買日
3081,2022-08-15,6.23,0,1,2022,1.第1天
3661,2022-08-15,0.18,0,0,2022,0.非同買日
3081,2022-08-22,-3.65,0,0,2022,0.非同買日
8046,2022-08-22,-9.9,0,0,2022,0.非同買日
3533,2022-08-22,-1.4,0,0,2022,0.非同買日
8996,2022-09-12,-4.88,0,0,2022,0.非同買日
3661,2022-09-12,-5.53,0,0,2022,0.非同買日
3587,2022-09-12,3.5,0,1,2022,1.第1天
8996,2022-10-17,-12.36,0,0,2022,0.非同買日
3189,2022-10-17,-1.56,0,0,2022,0.非同買日
4966,2022-10-24,-15.69,0,0,2022,0.非同買日
8046,2022-10-24,1.32,0,1,2022,1.第1天
3189,2022-10-24,1.34,0,0,2022,0.非同買日
3037,2022-10-31,2.2,0,0,2022,0.非同買日
3189,2022-10-31,-1.07,0,0,2022,0.非同買日
2324,2022-11-07,1.95,0,2,2022,2.第2天
6515,2022-11-14,4.18,0,1,2022,1.第1天
3037,2022-11-14,-1.54,0,0,2022,0.非同買日
3324,2022-11-21,-1.58,0,0,2022,0.非同買日
6274,2022-11-21,1.4,0,1,2022,1.第1天
3533,2022-11-21,0.43,0,0,2022,0.非同買日
3653,2022-11-28,6.81,0,1,2022,1.第1天
3044,2022-11-28,1.36,0,0,2022,0.非同買日
2313,2022-12-05,-4.86,0,0,2022,0.非同買日
3653,2022-12-05,-6.16,0,0,2022,0.非同買日
6531,2022-12-05,-10.68,0,0,2022,0.非同買日
2382,2022-12-12,-0.74,0,0,2022,0.非同買日
2303,2023-01-09,0.3,0,2,2023,2.第2天
2353,2023-01-09,-1.62,0,3,2023,3.第3天
2353,2023-01-16,2.28,0,3,2023,3.第3天
6213,2023-01-30,3.71,0,2,2023,2.第2天
2449,2023-01-30,4.25,0,1,2023,1.第1天
2382,2023-02-06,1.09,0,1,2023,1.第1天
3017,2023-02-13,-2.01,0,1,2023,1.第1天
2383,2023-02-13,-1.12,0,0,2023,0.非同買日
2382,2023-02-13,1.83,0,0,2023,0.非同買日
2324,2023-02-20,2.14,0,1,2023,1.第1天
3711,2023-03-06,-2.42,0,1,2023,1.第1天
2303,2023-03-13,-4.01,0,1,2023,1.第1天
2356,2023-03-13,3.76,0,1,2023,1.第1天
6669,2023-03-20,13.54,0,5,2023,4.第4-5天
6643,2023-03-20,-0.91,0,1,2023,1.第1天
3324,2023-03-27,5.22,0,0,2023,0.非同買日
3017,2023-03-27,-4.95,0,0,2023,0.非同買日
3324,2023-04-10,1.84,0,0,2023,0.非同買日
6669,2023-04-10,-5.81,0,0,2023,0.非同買日
3661,2023-04-10,1.29,0,0,2023,0.非同買日
4966,2023-04-17,-7.28,0,1,2023,1.第1天
2357,2023-04-17,-1.48,0,1,2023,1.第1天
3131,2023-04-24,2.2,0,1,2023,1.第1天
3044,2023-05-08,-7.37,0,2,2023,2.第2天
3653,2023-05-08,-4.64,0,3,2023,3.第3天
2324,2023-05-08,4.65,0,1,2023,1.第1天
6414,2023-05-15,4.97,0,2,2023,2.第2天
2395,2023-05-15,3.39,0,13,2023,5.第6天以上
2357,2023-05-22,-1.57,0,2,2023,2.第2天
2395,2023-05-22,-0.35,0,2,2023,2.第2天
2454,2023-05-29,2.23,0,2,2023,2.第2天
3289,2023-05-29,2.17,0,1,2023,1.第1天
6669,2023-06-05,-5.57,0,2,2023,2.第2天
3324,2023-06-05,3.31,0,1,2023,1.第1天
2454,2023-06-05,0.45,0,2,2023,2.第2天
8299,2023-06-12,-2.45,0,1,2023,1.第1天
2357,2023-06-12,-4.73,0,3,2023,3.第3天
3583,2023-06-19,-1.86,0,1,2023,1.第1天
8210,2023-06-19,8.02,0,0,2023,0.非同買日
3289,2023-06-26,10.69,0,0,2023,0.非同買日
2357,2023-06-26,-3.23,0,1,2023,1.第1天
3189,2023-06-26,-0.17,0,0,2023,0.非同買日
2449,2023-07-03,-0.43,0,2,2023,2.第2天
2317,2023-07-03,-4.4,0,1,2023,1.第1天
2376,2023-07-10,6.67,0,0,2023,0.非同買日
2368,2023-07-10,13.19,0,1,2023,1.第1天
3661,2023-07-10,0.98,0,0,2023,0.非同買日
6187,2023-07-17,6.76,0,0,2023,0.非同買日
2382,2023-07-17,26.03,0,0,2023,0.非同買日
3338,2023-07-17,30.65,0,1,2023,1.第1天
6669,2023-07-24,-10.94,0,0,2023,0.非同買日
2383,2023-07-24,15.43,0,0,2023,0.非同買日
3017,2023-07-24,-6.96,0,0,2023,0.非同買日
6230,2023-07-31,-8.45,0,1,2023,1.第1天
6282,2023-07-31,-2.21,0,1,2023,1.第1天
2454,2023-07-31,1.71,0,1,2023,1.第1天
3324,2023-08-07,-9.24,0,1,2023,1.第1天
2313,2023-08-07,-4.34,0,1,2023,1.第1天
2353,2023-08-07,-0.6,0,4,2023,4.第4-5天
2345,2023-08-21,3.69,0,0,2023,0.非同買日
2353,2023-08-21,-6.36,0,7,2023,5.第6天以上
2449,2023-08-21,16.56,0,1,2023,1.第1天
3653,2023-08-28,2.57,0,0,2023,0.非同買日
5269,2023-08-28,4.72,0,1,2023,1.第1天
3189,2023-09-04,-0.6,0,3,2023,3.第3天
2383,2023-09-04,-1.05,0,4,2023,4.第4-5天
2313,2023-09-04,5.42,0,1,2023,1.第1天
3363,2023-09-11,2.56,0,0,2023,0.非同買日
4966,2023-09-18,-9.8,0,0,2023,0.非同買日
3529,2023-09-18,-10.38,0,0,2023,0.非同買日
2313,2023-09-18,-5.6,0,0,2023,0.非同買日
3529,2023-09-25,-1.07,0,0,2023,0.非同買日
8046,2023-09-25,-1.15,0,0,2023,0.非同買日
3661,2023-09-25,3.38,0,1,2023,1.第1天
2383,2023-10-02,-4.58,0,4,2023,4.第4-5天
8299,2023-10-02,-0.49,0,1,2023,1.第1天
3324,2023-10-02,-4.21,0,1,2023,1.第1天
2455,2023-10-16,-7.79,0,1,2023,1.第1天
2449,2023-10-16,0.5,0,0,2023,0.非同買日
8299,2023-10-16,-2.25,0,0,2023,0.非同買日
2449,2023-11-06,3.33,0,2,2023,2.第2天
2357,2023-11-06,-0.74,0,1,2023,1.第1天
2455,2023-11-06,2.72,0,2,2023,2.第2天
2357,2023-11-13,5.06,0,1,2023,1.第1天
3706,2023-11-13,3.16,0,2,2023,2.第2天
2324,2023-11-13,1.55,0,1,2023,1.第1天
2383,2023-11-20,-4.55,0,1,2023,1.第1天
6274,2023-11-20,-9.92,0,0,2023,0.非同買日
8996,2023-11-20,2.02,0,0,2023,0.非同買日
2455,2023-11-27,2.74,0,0,2023,0.非同買日
8996,2023-12-04,-2.95,0,1,2023,1.第1天
3105,2023-12-04,-2.65,0,1,2023,1.第1天
3189,2023-12-04,-0.11,0,1,2023,1.第1天
8046,2023-12-11,-0.99,0,2,2023,2.第2天
3711,2023-12-11,-0.22,0,2,2023,2.第2天
2059,2023-12-11,-3.2,0,3,2023,3.第3天
4966,2023-12-18,-0.19,0,1,2023,1.第1天
3044,2023-12-18,-6.6,0,0,2023,0.非同買日
2303,2023-12-18,-1.38,0,0,2023,0.非同買日
2357,2023-12-25,2.25,0,0,2023,0.非同買日
5269,2023-12-25,-1.16,0,1,2023,1.第1天
2421,2023-12-25,3.19,0,0,2023,0.非同買日
3035,2024-01-08,8.5,0,0,2024,0.非同買日
3529,2024-01-08,3.83,0,1,2024,1.第1天
3231,2024-01-08,3.82,0,0,2024,0.非同買日
2303,2024-01-15,-4.9,0,1,2024,1.第1天
3587,2024-01-15,0.79,0,1,2024,1.第1天
6187,2024-01-15,16.29,0,1,2024,1.第1天
3035,2024-01-22,-6.7,0,1,2024,1.第1天
2382,2024-01-22,-3.74,0,2,2024,2.第2天
2356,2024-01-22,-0.95,0,2,2024,2.第2天
3338,2024-01-29,1.76,0,1,2024,1.第1天
2317,2024-01-29,-1.57,0,3,2024,3.第3天
6669,2024-01-29,2.81,0,1,2024,1.第1天
6414,2024-02-05,1.92,0,3,2024,3.第3天
8996,2024-02-05,0.31,0,0,2024,0.非同買日
4966,2024-02-19,-11.39,0,0,2024,0.非同買日
2059,2024-02-19,9.38,0,0,2024,0.非同買日
6274,2024-02-19,4.55,0,0,2024,0.非同買日
2455,2024-02-26,7.41,0,1,2024,1.第1天
5269,2024-02-26,5.59,0,0,2024,0.非同買日
3324,2024-02-26,20.97,0,0,2024,0.非同買日
2449,2024-03-04,11.83,0,1,2024,1.第1天
6414,2024-03-04,-4.23,0,2,2024,2.第2天
3529,2024-03-04,-7.02,0,2,2024,2.第2天
2395,2024-03-11,-4.76,0,1,2024,1.第1天
2303,2024-03-11,-0.21,0,0,2024,0.非同買日
2449,2024-03-18,-2.84,0,0,2024,0.非同買日
3711,2024-03-18,-0.91,0,0,2024,0.非同買日
3037,2024-03-18,5.25,0,1,2024,1.第1天
3706,2024-03-25,-1.66,0,0,2024,0.非同買日
6139,2024-03-25,23.77,0,1,2024,1.第1天
2308,2024-03-25,-5.67,0,0,2024,0.非同買日
6414,2024-04-01,-5.32,0,0,2024,0.非同買日
2382,2024-04-01,2.57,0,0,2024,0.非同買日
3013,2024-04-01,12.91,0,0,2024,0.非同買日
6187,2024-04-08,-10.88,0,1,2024,1.第1天
6274,2024-04-08,-3.47,0,1,2024,1.第1天
3034,2024-04-15,-5.42,0,0,2024,0.非同買日
8210,2024-04-15,-5.49,0,0,2024,0.非同買日
3533,2024-04-29,0.42,0,1,2024,1.第1天
3131,2024-04-29,-7.7,0,0,2024,0.非同買日
6515,2024-05-06,-4.54,0,1,2024,1.第1天
2383,2024-05-06,-3.86,0,0,2024,0.非同買日
3017,2024-05-06,-6.0,0,0,2024,0.非同買日
3706,2024-05-13,1.51,0,1,2024,1.第1天
2357,2024-05-13,7.93,0,0,2024,0.非同買日
2382,2024-05-13,2.12,0,1,2024,1.第1天
3338,2024-05-20,2.72,0,1,2024,1.第1天
3044,2024-05-20,-4.12,0,0,2024,0.非同買日
2368,2024-05-20,-2.04,0,0,2024,0.非同買日
2317,2024-05-27,-5.17,0,1,2024,1.第1天
3017,2024-05-27,3.58,0,0,2024,0.非同買日
2360,2024-05-27,-3.65,0,1,2024,1.第1天
2345,2024-06-03,0.16,0,1,2024,1.第1天
5269,2024-06-03,-1.56,0,0,2024,0.非同買日
6643,2024-06-17,-5.53,0,0,2024,0.非同買日
2317,2024-06-17,2.38,0,0,2024,0.非同買日
2455,2024-06-17,6.88,0,0,2024,0.非同買日
3289,2024-06-24,9.59,0,0,2024,0.非同買日
2383,2024-06-24,1.25,0,0,2024,0.非同買日
3380,2024-07-01,1.67,0,2,2024,2.第2天
3105,2024-07-01,1.39,0,0,2024,0.非同買日
6669,2024-07-08,-9.39,0,1,2024,1.第1天
2345,2024-07-08,-4.31,0,1,2024,1.第1天
2455,2024-07-15,-7.55,0,1,2024,1.第1天
3189,2024-07-15,-2.67,0,0,2024,0.非同買日
2368,2024-07-15,-11.05,0,1,2024,1.第1天
2308,2024-08-12,0.77,0,2,2024,2.第2天
6274,2024-08-12,3.48,0,1,2024,1.第1天
3131,2024-08-12,17.01,0,0,2024,0.非同買日
4966,2024-08-19,0.42,0,1,2024,1.第1天
2317,2024-08-19,-3.26,0,2,2024,2.第2天
2059,2024-08-19,0.19,0,0,2024,0.非同買日
5269,2024-08-26,-0.31,0,0,2024,0.非同買日
2376,2024-08-26,-5.07,0,0,2024,0.非同買日
2360,2024-08-26,0.92,0,1,2024,1.第1天
2455,2024-09-02,-9.88,0,0,2024,0.非同買日
2383,2024-09-02,-1.13,0,0,2024,0.非同買日
2357,2024-09-02,-5.6,0,1,2024,1.第1天
3163,2024-09-09,-9.75,0,0,2024,0.非同買日
2360,2024-09-09,15.2,0,0,2024,0.非同買日
2357,2024-09-09,1.45,0,0,2024,0.非同買日
2330,2024-09-16,2.55,0,3,2024,3.第3天
6515,2024-09-16,-11.02,0,0,2024,0.非同買日
2360,2024-09-16,-4.17,0,0,2024,0.非同買日
2357,2024-09-23,-2.96,0,0,2024,0.非同買日
2345,2024-09-23,-4.2,0,1,2024,1.第1天
3289,2024-09-23,-6.29,0,0,2024,0.非同買日
3529,2024-10-07,3.21,0,0,2024,0.非同買日
3583,2024-10-07,-0.6,0,1,2024,1.第1天
3324,2024-10-07,2.63,0,0,2024,0.非同買日
5269,2024-10-14,-9.88,0,2,2024,2.第2天
2360,2024-10-14,3.11,0,1,2024,1.第1天
2345,2024-10-14,3.33,0,1,2024,1.第1天
3231,2024-10-21,2.1,0,3,2024,3.第3天
3037,2024-10-21,8.92,0,1,2024,1.第1天
2308,2024-10-28,-4.16,0,1,2024,1.第1天
2357,2024-10-28,-0.43,0,1,2024,1.第1天
2356,2024-11-04,17.03,0,1,2024,1.第1天
2357,2024-11-04,2.4,0,1,2024,1.第1天
3443,2024-11-04,1.82,0,1,2024,1.第1天
2317,2024-11-11,-6.47,0,4,2024,4.第4-5天
3017,2024-11-11,-7.69,0,2,2024,2.第2天
2455,2024-11-25,2.66,0,0,2024,0.非同買日
2345,2024-11-25,9.34,0,0,2024,0.非同買日
2383,2024-11-25,4.81,0,0,2024,0.非同買日
2345,2024-12-02,-0.46,0,0,2024,0.非同買日
3533,2024-12-02,0.18,0,0,2024,0.非同買日
2059,2024-12-02,4.72,0,0,2024,0.非同買日
2308,2024-12-09,4.56,0,2,2024,2.第2天
6531,2024-12-09,-3.1,0,2,2024,2.第2天
3443,2024-12-16,-1.69,0,1,2024,1.第1天
6669,2024-12-16,5.37,0,0,2024,0.非同買日
5269,2024-12-16,5.19,0,0,2024,0.非同買日
3653,2024-12-23,2.06,0,1,2024,1.第1天
2382,2024-12-23,-0.94,0,1,2024,1.第1天
2353,2024-12-23,3.06,0,0,2024,0.非同買日
3653,2024-12-30,-5.78,0,0,2024,0.非同買日
2353,2024-12-30,-1.61,0,0,2024,0.非同買日
3324,2025-01-06,-4.79,0,1,2025,1.第1天
2376,2025-01-06,-9.63,0,2,2025,2.第2天
2357,2025-01-06,-3.76,0,2,2025,2.第2天
2454,2025-01-20,3.19,0,1,2025,1.第1天
2383,2025-01-20,-8.84,0,4,2025,4.第4-5天
5269,2025-01-20,-5.31,0,0,2025,0.非同買日
2395,2025-02-03,8.56,0,0,2025,0.非同買日
6531,2025-02-10,3.73,0,1,2025,1.第1天
3363,2025-02-10,1.47,0,0,2025,0.非同買日
3189,2025-02-17,3.38,0,2,2025,2.第2天
2376,2025-02-17,1.12,0,1,2025,1.第1天
2313,2025-02-17,1.0,0,2,2025,2.第2天
3037,2025-02-24,-10.12,0,0,2025,0.非同買日
3533,2025-02-24,-10.83,0,0,2025,0.非同買日
3131,2025-02-24,-11.6,0,0,2025,0.非同買日
2383,2025-03-03,-7.9,0,0,2025,0.非同買日
3105,2025-03-10,-7.44,0,1,2025,1.第1天
2382,2025-03-10,-2.88,0,0,2025,0.非同買日
2376,2025-03-24,-2.65,0,0,2025,0.非同買日
2303,2025-03-24,-1.04,0,0,2025,0.非同買日
6531,2025-04-28,-2.9,0,1,2025,1.第1天
6515,2025-04-28,-2.44,0,1,2025,1.第1天
2313,2025-04-28,5.04,0,4,2025,4.第4-5天
2360,2025-05-05,0.98,0,0,2025,0.非同買日
2059,2025-05-05,2.96,0,0,2025,0.非同買日
3443,2025-05-05,2.52,0,0,2025,0.非同買日
2455,2025-05-12,-0.12,0,2,2025,2.第2天
2317,2025-05-12,0.05,0,2,2025,2.第2天
2382,2025-05-12,2.29,0,2,2025,2.第2天
2353,2025-05-19,-3.88,0,1,2025,1.第1天
2360,2025-05-19,1.67,0,0,2025,0.非同買日
6282,2025-05-19,-2.93,0,1,2025,1.第1天
6515,2025-05-26,-0.13,0,1,2025,1.第1天
3706,2025-05-26,-6.29,0,1,2025,1.第1天
2368,2025-05-26,4.31,0,1,2025,1.第1天
6515,2025-06-02,4.05,0,0,2025,0.非同買日
2383,2025-06-02,7.53,0,0,2025,0.非同買日
8210,2025-06-02,3.25,0,1,2025,1.第1天
3044,2025-06-09,1.46,0,1,2025,1.第1天
3231,2025-06-09,4.22,0,1,2025,1.第1天
2357,2025-06-16,-0.6,0,0,2025,0.非同買日
2382,2025-06-16,-1.99,0,0,2025,0.非同買日
3044,2025-06-23,1.66,0,0,2025,0.非同買日
6515,2025-06-23,5.08,0,1,2025,1.第1天
2360,2025-06-23,24.08,0,0,2025,0.非同買日
3034,2025-06-30,-1.33,0,0,2025,0.非同買日
3017,2025-06-30,1.94,0,1,2025,1.第1天
2324,2025-07-07,-1.62,0,0,2025,0.非同買日
3189,2025-07-07,2.94,0,0,2025,0.非同買日
6139,2025-07-14,10.32,0,0,2025,0.非同買日
3131,2025-07-14,0.02,0,0,2025,0.非同買日
8046,2025-07-21,9.16,0,0,2025,0.非同買日
6442,2025-07-21,14.1,0,1,2025,1.第1天
6669,2025-07-28,1.12,0,3,2025,3.第3天
2324,2025-07-28,-1.26,0,1,2025,1.第1天
2382,2025-08-04,2.59,0,2,2025,2.第2天
2313,2025-08-11,9.49,0,2,2025,2.第2天
6669,2025-08-18,-13.37,0,1,2025,1.第1天
3363,2025-08-18,-3.22,0,1,2025,1.第1天
6139,2025-08-25,9.21,0,3,2025,3.第3天
3529,2025-08-25,9.27,0,1,2025,1.第1天
3529,2025-09-01,3.12,0,0,2025,0.非同買日
2395,2025-09-01,-2.33,0,0,2025,0.非同買日
8299,2025-09-08,22.45,0,1,2025,1.第1天
2360,2025-09-08,-3.74,0,0,2025,0.非同買日
3017,2025-09-15,-3.45,0,0,2025,0.非同買日
2421,2025-09-15,-2.82,0,0,2025,0.非同買日
8299,2025-09-22,-9.77,0,1,2025,1.第1天
3037,2025-09-22,-6.56,0,0,2025,0.非同買日
6515,2025-09-22,11.46,0,0,2025,0.非同買日
2059,2025-10-13,0.47,0,0,2025,0.非同買日
3189,2025-10-13,12.43,0,1,2025,1.第1天
3189,2025-10-20,-2.24,0,0,2025,0.非同買日
8210,2025-10-20,12.39,0,0,2025,0.非同買日
3711,2025-10-20,0.64,0,1,2025,1.第1天
6669,2025-10-27,5.78,0,0,2025,0.非同買日
2317,2025-10-27,1.42,0,1,2025,1.第1天
6515,2025-10-27,-2.0,0,0,2025,0.非同買日
2330,2025-11-03,-2.9,0,1,2025,1.第1天
8210,2025-11-03,3.48,0,1,2025,1.第1天
8299,2025-11-10,0.97,0,0,2025,0.非同買日
3661,2025-11-10,-3.41,0,0,2025,0.非同買日
2449,2025-11-10,-2.2,0,1,2025,1.第1天
3661,2025-11-17,-10.51,0,0,2025,0.非同買日
2449,2025-11-17,-5.25,0,0,2025,0.非同買日
3163,2025-11-24,33.64,0,1,2025,1.第1天
6274,2025-11-24,4.04,0,0,2025,0.非同買日
3105,2025-12-01,7.16,0,0,2025,0.非同買日
2308,2025-12-01,0.01,0,1,2025,1.第1天
3131,2025-12-01,-1.28,0,0,2025,0.非同買日
2454,2025-12-08,-3.7,0,1,2025,1.第1天
3653,2025-12-08,-4.05,0,0,2025,0.非同買日
6515,2025-12-15,-8.27,0,0,2025,0.非同買日
2454,2025-12-15,-2.0,0,1,2025,1.第1天
3443,2025-12-15,-9.18,0,0,2025,0.非同買日
2383,2025-12-22,4.06,0,4,2025,4.第4-5天
3533,2025-12-22,-2.11,0,2,2025,2.第2天
3037,2025-12-29,3.68,0,1,2025,1.第1天
8299,2025-12-29,9.05,0,1,2025,1.第1天
6274,2025-12-29,-5.94,0,0,2025,0.非同買日
2454,2026-01-05,-3.99,0,1,2026,1.第1天
6139,2026-01-05,-3.27,0,1,2026,1.第1天
2356,2026-01-12,1.68,0,1,2026,1.第1天
6531,2026-01-19,-8.13,0,1,2026,1.第1天
6282,2026-01-19,0.77,0,1,2026,1.第1天
3189,2026-01-19,1.12,0,0,2026,0.非同買日
6515,2026-01-26,-1.82,0,0,2026,0.非同買日
2454,2026-01-26,-4.25,0,1,2026,1.第1天
3017,2026-02-02,6.74,0,1,2026,1.第1天
2449,2026-02-09,7.93,0,2,2026,2.第2天
6442,2026-02-23,15.03,0,1,2026,1.第1天
6187,2026-03-02,-6.58,0,1,2026,1.第1天
3529,2026-03-16,1.15,0,0,2026,0.非同買日
3583,2026-05-25,-5.92,0,1,2026,1.第1天
3661,2026-06-01,-12.27,0,1,2026,1.第1天
2303,2026-06-15,12.4,0,0,2026,0.非同買日
3037,2026-06-29,-6.42,0,0,2026,0.非同買日
6669,2026-07-06,-2.08,0,0,2026,0.非同買日
3443,2021-02-01,2.57,0,0,2021,0.非同買日
6442,2021-02-01,2.1,0,0,2021,0.非同買日
3163,2021-04-12,1.54,0,0,2021,0.非同買日
3289,2021-04-12,-3.59,0,0,2021,0.非同買日
2449,2022-05-09,2.65,0,0,2022,0.非同買日
3693,2022-06-13,-5.43,0,0,2022,0.非同買日
3693,2022-08-29,9.39,0,0,2022,0.非同買日
3034,2022-12-26,12.54,0,0,2022,0.非同買日
3533,2023-11-27,-2.14,0,0,2023,0.非同買日
6213,2024-09-30,-3.76,0,0,2024,0.非同買日
3529,2024-09-30,20.95,0,0,2024,0.非同買日
3324,2024-09-30,11.09,0,0,2024,0.非同買日
2353,2025-02-03,-2.78,0,0,2025,0.非同買日
3380,2025-02-03,2.09,0,0,2025,0.非同買日
6230,2025-03-17,-3.11,0,0,2025,0.非同買日
6274,2025-03-17,-0.6,0,0,2025,0.非同買日
6830,2026-03-09,-10.11,0,0,2026,0.非同買日
2455,2026-05-18,0.56,0,0,2026,0.非同買日
8996,2026-06-29,-4.64,0,0,2026,0.非同買日
6230,2022-08-29,-3.31,0,0,2022,0.非同買日
3653,2022-10-03,1.85,0,0,2022,0.非同買日
2376,2021-03-08,14.3,0,0,2021,0.非同買日
3289,2022-06-13,-5.79,0,0,2022,0.非同買日
3706,2021-01-11,-1.75,0,2,2021,2.第2天
3044,2021-01-11,-2.2,0,3,2021,3.第3天
3037,2021-01-11,2.23,0,1,2021,1.第1天
3324,2021-01-18,-3.24,0,5,2021,4.第4-5天
3711,2021-01-18,3.36,0,2,2021,2.第2天
2449,2021-01-18,4.77,0,10,2021,5.第6天以上
2317,2021-01-25,-0.6,0,5,2021,4.第4-5天
2382,2021-01-25,-0.83,0,1,2021,1.第1天
3231,2021-01-25,3.07,0,2,2021,2.第2天
8046,2021-05-17,-0.1,0,1,2021,1.第1天
2345,2021-05-17,7.59,0,1,2021,1.第1天
4966,2021-08-16,0.31,0,1,2021,1.第1天
2360,2021-10-04,5.81,0,2,2021,2.第2天
2356,2022-04-11,1.6,0,0,2022,0.非同買日
2313,2022-04-18,0.79,0,2,2022,2.第2天
3034,2022-04-18,-0.6,0,1,2022,1.第1天
2313,2022-07-11,-0.03,0,1,2022,1.第1天
2357,2022-07-11,0.53,0,1,2022,1.第1天
2357,2022-09-05,-6.76,0,1,2022,1.第1天
3189,2022-10-03,4.25,0,1,2022,1.第1天
8299,2022-12-12,-0.03,0,2,2022,2.第2天
2303,2023-08-28,2.95,0,1,2023,1.第1天
2313,2023-10-23,1.29,0,1,2023,1.第1天
2395,2024-04-22,0.75,0,0,2024,0.非同買日
2308,2024-07-29,4.05,0,0,2024,0.非同買日
6515,2024-07-29,2.85,0,0,2024,0.非同買日
2368,2025-03-17,-2.85,0,1,2025,1.第1天
3231,2025-04-14,1.85,0,2,2025,2.第2天
2317,2025-04-21,1.22,0,1,2025,1.第1天
3131,2025-11-24,4.41,0,1,2025,1.第1天
6187,2026-06-08,-1.98,0,0,2026,0.非同買日
2313,2026-07-06,-5.25,0,1,2026,1.第1天
3443,2021-08-16,3.02,0,1,2021,1.第1天
5269,2021-12-27,-3.07,0,1,2021,1.第1天
3661,2022-01-10,-2.86,0,1,2022,1.第1天
2382,2022-05-23,4.14,0,1,2022,1.第1天
8046,2023-08-28,5.08,0,1,2023,1.第1天
6669,2023-10-23,3.99,0,0,2023,0.非同買日
3035,2023-10-30,1.23,0,1,2023,1.第1天
8046,2024-03-18,-1.78,0,1,2024,1.第1天
3587,2024-07-29,-10.16,0,0,2024,0.非同買日
3034,2024-09-30,-2.13,0,1,2024,1.第1天
2395,2024-10-28,0.02,0,1,2024,1.第1天
3034,2024-11-18,-0.7,0,1,2024,1.第1天
6282,2025-03-17,1.97,0,2,2025,2.第2天
2454,2025-04-14,-4.5,0,2,2025,2.第2天
6230,2022-07-04,-5.22,0,0,2022,0.非同買日
3231,2026-07-20,20.18,0,0,2026,0.非同買日
6643,2026-07-20,-15.02,0,0,2026,0.非同買日
2383,2021-01-11,-3.07,0,2,2021,2.第2天
3189,2021-01-11,-0.15,0,1,2021,1.第1天
2395,2021-01-18,0.61,0,5,2021,4.第4-5天
2303,2021-01-18,4.31,0,1,2021,1.第1天
2376,2021-01-25,-1.09,0,2,2021,2.第2天
2324,2021-01-25,1.26,0,3,2021,3.第3天
2454,2021-03-15,-0.49,0,2,2021,2.第2天
2360,2021-05-17,2.16,0,3,2021,3.第3天
2368,2021-05-17,4.66,0,1,2021,1.第1天
6531,2021-05-24,9.12,0,1,2021,1.第1天
3529,2021-08-02,-2.07,0,2,2021,2.第2天
3044,2021-10-04,-2.35,0,0,2021,0.非同買日
5269,2021-10-18,12.59,0,1,2021,1.第1天
3231,2022-07-11,-2.63,0,1,2022,1.第1天
2059,2022-08-29,0.47,0,0,2022,0.非同買日
2324,2022-10-31,-0.36,0,2,2022,2.第2天
3706,2026-06-29,5.04,0,1,2026,1.第1天
2313,2026-07-13,4.9,0,1,2026,1.第1天
3105,2026-07-27,-18.52,0,1,2026,1.第1天
5269,2021-08-16,-3.43,0,1,2021,1.第1天
2449,2022-03-14,-1.06,0,1,2022,1.第1天
2449,2022-03-21,-0.25,0,1,2022,1.第1天
6515,2022-06-27,-13.42,0,1,2022,1.第1天
2330,2022-07-11,6.61,0,3,2022,3.第3天
2357,2022-08-22,-5.1,0,2,2022,2.第2天
3711,2022-09-19,-4.14,0,0,2022,0.非同買日
3105,2022-10-17,-5.51,0,1,2022,1.第1天
2382,2022-12-26,-0.04,0,1,2022,1.第1天
8046,2023-04-24,2.73,0,2,2023,2.第2天
4966,2023-08-28,6.95,0,1,2023,1.第1天
3231,2023-10-23,0.69,0,1,2023,1.第1天
3189,2023-12-25,-2.39,0,1,2023,1.第1天
3034,2024-01-08,6.16,0,2,2024,2.第2天
3189,2024-01-08,-1.31,0,1,2024,1.第1天
3037,2024-03-11,5.02,0,1,2024,1.第1天
3587,2024-03-25,2.7,0,3,2024,3.第3天
3131,2024-04-01,4.54,0,2,2024,2.第2天
2059,2024-07-29,-7.54,0,0,2024,0.非同買日
2356,2024-08-26,-1.79,0,1,2024,1.第1天
6139,2024-09-09,-12.55,0,1,2024,1.第1天
6414,2024-09-09,0.97,0,1,2024,1.第1天
2382,2024-09-23,2.11,0,1,2024,1.第1天
2449,2024-09-30,-1.48,0,0,2024,0.非同買日
8996,2024-11-18,6.42,0,0,2024,0.非同買日
8046,2024-11-18,1.81,0,1,2024,1.第1天
3037,2024-12-23,-3.33,0,1,2024,1.第1天
2454,2025-03-17,3.24,0,2,2025,2.第2天
3380,2025-03-17,-1.05,0,2,2025,2.第2天
3324,2025-04-14,-7.04,0,2,2025,2.第2天
2376,2025-04-14,-0.6,0,2,2025,2.第2天
2376,2025-10-27,-3.39,0,1,2025,1.第1天
2308,2026-07-13,-8.49,0,1,2026,1.第1天
6230,2022-04-25,2.61,0,0,2022,0.非同買日
2359,2024-07-22,-12.45,0,0,2024,0.非同買日
6117,2022-07-04,0.4,0,0,2022,0.非同買日
3443,2021-01-11,-1.46,0,1,2021,1.第1天
2454,2021-01-11,-1.18,0,4,2021,4.第4-5天
3529,2021-01-11,2.0,0,2,2021,2.第2天
3105,2021-01-18,4.44,0,2,2021,2.第2天
2330,2021-01-18,5.95,0,0,2021,0.非同買日
2317,2021-01-18,-0.16,0,0,2021,0.非同買日
3706,2021-01-25,-0.77,0,2,2021,2.第2天
2357,2021-01-25,0.43,0,3,2021,3.第3天
2353,2021-01-25,8.89,0,1,2021,1.第1天
3105,2021-03-08,-0.34,0,2,2021,2.第2天
2345,2021-03-15,0.73,0,0,2021,0.非同買日
2454,2021-05-17,2.56,0,1,2021,1.第1天
3189,2021-05-17,3.59,0,1,2021,1.第1天
3443,2021-05-24,-2.15,0,5,2021,4.第4-5天
3587,2021-05-24,1.94,0,1,2021,1.第1天
2303,2021-05-24,4.71,0,1,2021,1.第1天
2356,2021-11-29,0.16,0,1,2021,1.第1天
2395,2021-12-06,1.64,0,1,2021,1.第1天
2382,2022-03-14,-0.6,0,1,2022,1.第1天
3231,2022-04-18,-1.28,0,0,2022,0.非同買日
2357,2022-04-18,0.66,0,0,2022,0.非同買日
2324,2022-05-09,0.94,0,0,2022,0.非同買日
3105,2022-06-27,-4.4,0,2,2022,2.第2天
2330,2022-06-27,-2.09,0,1,2022,1.第1天
3189,2022-07-11,-4.68,0,1,2022,1.第1天
2303,2022-09-12,-0.6,0,1,2022,1.第1天
2368,2022-09-19,5.72,0,0,2022,0.非同買日
3711,2022-10-17,-2.29,0,2,2022,2.第2天
3711,2022-10-24,-1.62,0,4,2022,4.第4-5天
3044,2022-10-31,2.97,0,2,2022,2.第2天
2353,2022-12-12,-1.23,0,0,2022,0.非同買日
3661,2022-12-19,-9.13,0,2,2022,2.第2天
3044,2022-12-26,-1.01,0,1,2022,1.第1天
3037,2023-04-24,-0.95,0,1,2023,1.第1天
2308,2023-09-25,-4.59,0,2,2023,2.第2天
2303,2024-04-08,1.5,0,1,2024,1.第1天
2330,2024-12-02,2.76,0,1,2024,1.第1天
8299,2025-07-14,1.52,0,1,2025,1.第1天
3706,2026-02-23,1.39,0,2,2026,2.第2天
6515,2026-06-08,-3.62,0,0,2026,0.非同買日
2395,2026-06-15,0.12,0,2,2026,2.第2天
2317,2026-06-15,1.07,0,2,2026,2.第2天
8046,2021-08-23,8.01,0,1,2021,1.第1天
3653,2021-09-13,-0.43,0,0,2021,0.非同買日
8299,2021-10-04,-3.75,0,0,2021,0.非同買日
3661,2021-12-20,5.25,0,0,2021,0.非同買日
3706,2022-01-17,-2.08,0,1,2022,1.第1天
2383,2022-02-07,-0.6,0,2,2022,2.第2天
3661,2022-03-14,-12.75,0,1,2022,1.第1天
2313,2022-03-14,2.49,0,1,2022,1.第1天
2353,2022-04-18,-5.15,0,0,2022,0.非同買日
6139,2022-05-09,0.57,0,0,2022,0.非同買日
2330,2022-05-16,0.93,0,1,2022,1.第1天
3105,2022-05-16,1.43,0,2,2022,2.第2天
3044,2022-05-23,-0.6,0,0,2022,0.非同買日
3189,2022-06-27,-14.42,0,2,2022,2.第2天
4966,2022-07-11,-12.81,0,1,2022,1.第1天
2353,2022-07-11,-0.83,0,3,2022,3.第3天
2356,2022-09-05,1.13,0,0,2022,0.非同買日
2330,2022-09-12,-1.93,0,1,2022,1.第1天
6414,2022-09-12,-3.91,0,2,2022,2.第2天
3706,2022-10-03,-1.34,0,0,2022,0.非同買日
6274,2022-10-17,-0.48,0,2,2022,2.第2天
3105,2022-10-24,-2.98,0,2,2022,2.第2天
3231,2022-10-31,-3.27,0,1,2022,1.第1天
6274,2022-12-19,-8.76,0,1,2022,1.第1天
2317,2022-12-19,-1.09,0,0,2022,0.非同買日
2376,2022-12-26,5.08,0,0,2022,0.非同買日
2317,2022-12-26,-2.47,0,0,2022,0.非同買日
2357,2023-01-16,3.47,0,2,2023,2.第2天
8210,2023-03-27,-0.12,0,1,2023,1.第1天
2059,2023-05-15,0.62,0,1,2023,1.第1天
3035,2023-08-14,16.73,0,0,2023,0.非同買日
3653,2023-08-14,0.08,0,0,2023,0.非同買日
6643,2023-08-21,0.53,0,1,2023,1.第1天
2059,2023-09-25,6.88,0,3,2023,3.第3天
8996,2023-09-25,4.33,0,1,2023,1.第1天
3533,2023-10-30,2.87,0,0,2023,0.非同買日
2345,2023-10-30,4.89,0,0,2023,0.非同買日
2455,2023-12-25,-1.85,0,2,2023,2.第2天
3443,2024-01-08,5.07,0,2,2024,2.第2天
3189,2024-01-15,-1.72,0,1,2024,1.第1天
3044,2024-01-29,9.96,0,2,2024,2.第2天
3338,2024-04-08,1.21,0,1,2024,1.第1天
8299,2024-04-29,0.38,0,1,2024,1.第1天
3653,2024-05-20,8.23,0,2,2024,2.第2天
3661,2024-05-20,1.5,0,1,2024,1.第1天
2353,2024-07-01,-1.23,0,1,2024,1.第1天
2330,2024-08-12,2.89,0,2,2024,2.第2天
2356,2024-09-16,-0.26,0,1,2024,1.第1天
8299,2024-11-18,5.96,0,0,2024,0.非同買日
2303,2024-12-02,-2.83,0,1,2024,1.第1天
3661,2024-12-02,17.4,0,3,2024,3.第3天
2356,2025-01-20,-8.46,0,1,2025,1.第1天
3044,2025-02-03,-0.35,0,1,2025,1.第1天
3231,2025-02-10,8.0,0,1,2025,1.第1天
2376,2025-02-10,1.94,0,1,2025,1.第1天
6442,2025-02-24,-11.79,0,0,2025,0.非同買日
3711,2025-03-17,1.3,0,1,2025,1.第1天
2382,2025-04-14,1.15,0,0,2025,0.非同買日
2356,2025-04-14,-4.89,0,0,2025,0.非同買日
2353,2025-04-21,4.45,0,0,2025,0.非同買日
2059,2025-07-07,0.87,0,0,2025,0.非同買日
3131,2025-11-03,-8.75,0,1,2025,1.第1天
3693,2025-12-08,-11.57,0,1,2025,1.第1天
2059,2026-02-23,12.2,0,1,2026,1.第1天
6643,2026-03-02,-8.79,0,2,2026,2.第2天
2368,2026-03-09,17.3,0,0,2026,0.非同買日
2308,2021-08-16,-4.87,0,0,2021,0.非同買日
3583,2023-10-23,-4.92,0,0,2023,0.非同買日
3289,2023-10-23,8.2,0,0,2023,0.非同買日
3081,2021-02-01,-3.75,0,0,2021,0.非同買日
2376,2021-08-09,-6.92,0,0,2021,0.非同買日
2317,2021-08-09,-3.26,0,0,2021,0.非同買日
6282,2021-08-09,-3.46,0,0,2021,0.非同買日
2360,2021-08-16,-1.71,0,0,2021,0.非同買日
2313,2021-12-20,1.25,0,0,2021,0.非同買日
3587,2021-12-20,3.69,0,0,2021,0.非同買日
6187,2024-07-29,10.45,0,0,2024,0.非同買日
3035,2022-06-13,-17.97,0,0,2022,0.非同買日
2308,2023-11-27,0.03,0,0,2023,0.非同買日
2353,2023-02-06,0.79,0,1,2023,1.第1天
3711,2023-01-16,3.34,0,3,2023,3.第3天
3189,2021-10-18,12.75,0,0,2021,0.非同買日
3443,2024-05-13,8.71,0,1,2024,1.第1天
3711,2021-08-02,-0.6,0,0,2021,0.非同買日
3583,2022-01-10,-14.72,0,0,2022,0.非同買日
6139,2022-01-10,-6.03,0,0,2022,0.非同買日
2376,2023-04-24,-5.02,0,1,2023,1.第1天
3653,2021-02-22,-6.37,0,0,2021,0.非同買日
6187,2021-02-22,-6.54,0,1,2021,1.第1天
3034,2021-03-22,-0.41,0,0,2021,0.非同買日
2356,2021-03-22,-0.23,0,0,2021,0.非同買日
2324,2021-04-19,0.3,0,0,2021,0.非同買日
2368,2021-04-19,0.85,0,0,2021,0.非同買日
6643,2021-04-26,-1.79,0,1,2021,1.第1天
6187,2021-04-26,-0.6,0,0,2021,0.非同買日
3037,2021-05-24,-1.08,0,0,2021,0.非同買日
2454,2021-05-31,-4.19,0,2,2021,2.第2天
2455,2021-06-07,0.68,0,1,2021,1.第1天
2395,2021-06-28,1.46,0,0,2021,0.非同買日
3231,2021-06-28,0.05,0,0,2021,0.非同買日
3035,2021-07-05,6.85,0,0,2021,0.非同買日
6139,2021-07-12,1.53,0,0,2021,0.非同買日
2357,2021-09-27,-4.1,0,0,2021,0.非同買日
2313,2021-11-22,-2.89,0,1,2021,1.第1天
3017,2021-05-24,9.39,0,0,2021,0.非同買日
3661,2021-05-31,-3.16,0,0,2021,0.非同買日
3529,2021-06-07,14.31,0,0,2021,0.非同買日
3037,2021-07-05,5.8,0,0,2021,0.非同買日
3653,2021-07-12,0.76,0,1,2021,1.第1天
3189,2021-08-23,10.45,0,0,2021,0.非同買日
3443,2021-08-23,3.52,0,0,2021,0.非同買日
2317,2021-08-30,1.23,0,2,2021,2.第2天
3529,2021-08-30,3.76,0,0,2021,0.非同買日
3044,2021-09-27,-5.7,0,0,2021,0.非同買日
2308,2021-10-18,-2.79,0,0,2021,0.非同買日
6531,2021-10-25,16.56,0,0,2021,0.非同買日
6515,2021-10-25,-1.05,0,1,2021,1.第1天
2455,2021-11-01,-8.85,0,0,2021,0.非同買日
2376,2021-11-01,11.05,0,0,2021,0.非同買日
2454,2021-11-08,-3.24,0,1,2021,1.第1天
3711,2021-11-08,-0.6,0,1,2021,1.第1天
3653,2021-11-15,-2.78,0,1,2021,1.第1天
3044,2021-11-15,3.19,0,0,2021,0.非同買日
2383,2021-11-22,19.45,0,1,2021,1.第1天
3105,2021-11-29,-3.19,0,1,2021,1.第1天
2308,2021-12-13,-2.81,0,0,2021,0.非同買日
3035,2021-12-13,11.19,0,1,2021,1.第1天
2454,2021-12-27,-0.16,0,0,2021,0.非同買日
3529,2021-12-27,0.1,0,0,2021,0.非同買日
3324,2022-01-17,-7.25,0,1,2022,1.第1天
3081,2022-01-17,-2.28,0,0,2022,0.非同買日
3587,2022-02-21,-2.93,0,1,2022,1.第1天
8046,2022-02-21,0.52,0,0,2022,0.非同買日
2455,2022-03-21,-1.86,0,0,2022,0.非同買日
2308,2022-03-21,0.93,0,1,2022,1.第1天
3529,2022-05-16,8.85,0,0,2022,0.非同買日
4966,2022-05-16,2.51,0,0,2022,0.非同買日
2303,2022-05-30,1.35,0,2,2022,2.第2天
2360,2022-05-30,2.42,0,1,2022,1.第1天
2313,2022-06-06,-1.11,0,0,2022,0.非同買日
5269,2022-06-06,-2.76,0,0,2022,0.非同買日
6282,2022-06-27,-3.93,0,0,2022,0.非同買日
3443,2022-07-18,1.06,0,0,2022,0.非同買日
3653,2022-07-18,8.39,0,0,2022,0.非同買日
3443,2022-07-25,-8.56,0,1,2022,1.第1天
3653,2022-07-25,-3.04,0,1,2022,1.第1天
2449,2022-08-01,-1.74,0,0,2022,0.非同買日
2308,2022-08-01,1.71,0,0,2022,0.非同買日
3034,2022-08-08,-4.86,0,1,2022,1.第1天
2357,2022-08-08,-8.14,0,1,2022,1.第1天
8046,2022-08-15,3.63,0,0,2022,0.非同買日
3035,2022-08-15,5.54,0,0,2022,0.非同買日
2360,2022-09-12,0.69,0,0,2022,0.非同買日
3533,2022-09-12,1.95,0,0,2022,0.非同買日
2353,2022-10-17,-1.95,0,0,2022,0.非同買日
2317,2022-10-17,-2.49,0,0,2022,0.非同買日
3034,2022-10-24,-2.62,0,0,2022,0.非同買日
2449,2022-10-31,1.83,0,1,2022,1.第1天
3711,2022-10-31,4.47,0,0,2022,0.非同買日
2356,2022-11-07,7.34,0,1,2022,1.第1天
8046,2022-11-14,-1.35,0,0,2022,0.非同買日
2368,2022-11-21,3.44,0,1,2022,1.第1天
2376,2022-11-21,-0.14,0,0,2022,0.非同買日
2308,2022-11-21,-0.77,0,0,2022,0.非同買日
2421,2022-12-05,-9.38,0,1,2022,1.第1天
3105,2022-12-05,-8.22,0,0,2022,0.非同買日
2330,2023-01-09,4.36,0,2,2023,2.第2天
3529,2023-01-16,6.31,0,0,2023,0.非同買日
6830,2023-01-16,15.1,0,1,2023,1.第1天
3706,2023-01-30,3.34,0,2,2023,2.第2天
2324,2023-02-06,0.68,0,1,2023,1.第1天
2455,2023-02-13,2.7,0,0,2023,0.非同買日
3443,2023-02-20,17.88,0,0,2023,0.非同買日
6643,2023-02-20,1.6,0,0,2023,0.非同買日
5269,2023-02-20,4.21,0,1,2023,1.第1天
3037,2023-03-06,-5.62,0,3,2023,3.第3天
2382,2023-03-06,-0.72,0,1,2023,1.第1天
3324,2023-03-20,25.95,0,2,2023,2.第2天
3711,2023-03-20,-1.05,0,2,2023,2.第2天
3231,2023-03-27,-0.12,0,0,2023,0.非同買日
2421,2023-03-27,0.53,0,1,2023,1.第1天
6515,2023-04-10,-3.98,0,0,2023,0.非同買日
8299,2023-04-10,1.76,0,0,2023,0.非同買日
3533,2023-04-10,0.15,0,1,2023,1.第1天
3289,2023-04-17,-8.69,0,0,2023,0.非同買日
2395,2023-04-17,-5.36,0,0,2023,0.非同買日
2313,2023-05-08,-3.67,0,3,2023,3.第3天
2356,2023-05-08,-6.06,0,2,2023,2.第2天
3363,2023-05-15,21.1,0,1,2023,1.第1天
5269,2023-05-15,7.11,0,0,2023,0.非同買日
6282,2023-05-22,0.2,0,3,2023,3.第3天
2454,2023-05-22,4.05,0,2,2023,2.第2天
6643,2023-05-29,0.1,0,0,2023,0.非同買日
2421,2023-05-29,-1.83,0,0,2023,0.非同買日
3189,2023-06-05,-6.86,0,3,2023,3.第3天
2308,2023-06-05,4.54,0,1,2023,1.第1天
2303,2023-06-12,1.67,0,2,2023,2.第2天
3443,2023-06-19,-5.57,0,1,2023,1.第1天
2308,2023-06-19,-7.88,0,1,2023,1.第1天
6187,2023-06-19,-6.04,0,1,2023,1.第1天
3189,2023-07-03,-1.87,0,2,2023,2.第2天
8210,2023-07-03,-1.95,0,0,2023,0.非同買日
3583,2023-07-17,2.87,0,0,2023,0.非同買日
2376,2023-07-17,20.06,0,0,2023,0.非同買日
3583,2023-07-31,-18.92,0,1,2023,1.第1天
2383,2023-07-31,5.64,0,0,2023,0.非同買日
2383,2023-08-07,-8.17,0,0,2023,0.非同買日
3583,2023-08-07,-10.11,0,1,2023,1.第1天
2421,2023-08-21,-12.78,0,0,2023,0.非同買日
6213,2023-08-21,0.25,0,1,2023,1.第1天
2353,2023-09-04,-1.66,0,1,2023,1.第1天
2449,2023-09-04,-1.87,0,0,2023,0.非同買日
8299,2023-09-18,-3.14,0,0,2023,0.非同買日
8046,2023-09-18,-1.87,0,0,2023,0.非同買日
8210,2023-09-25,2.83,0,1,2023,1.第1天
3706,2023-09-25,5.35,0,0,2023,0.非同買日
2449,2023-10-02,1.17,0,1,2023,1.第1天
6187,2023-10-02,6.62,0,1,2023,1.第1天
2317,2023-10-16,-3.85,0,0,2023,0.非同買日
2330,2023-10-16,-0.78,0,0,2023,0.非同買日
2324,2023-11-06,0.4,0,1,2023,1.第1天
3017,2023-11-06,0.51,0,1,2023,1.第1天
2356,2023-11-13,-3.79,0,1,2023,1.第1天
2313,2023-11-13,5.96,0,0,2023,0.非同買日
2357,2023-11-20,-4.16,0,0,2023,0.非同買日
3017,2023-11-20,-10.1,0,1,2023,1.第1天
3034,2023-12-04,-1.37,0,0,2023,0.非同買日
3044,2023-12-04,-2.61,0,0,2023,0.非同買日
3661,2023-12-11,-1.02,0,1,2023,1.第1天
6515,2023-12-11,-3.8,0,0,2023,0.非同買日
2317,2023-12-18,0.86,0,0,2023,0.非同買日
3587,2023-12-18,-4.77,0,0,2023,0.非同買日
4966,2023-12-25,-6.76,0,0,2023,0.非同買日
3131,2023-12-25,-1.98,0,0,2023,0.非同買日
6414,2024-01-08,-1.52,0,0,2024,0.非同買日
2382,2024-01-15,11.25,0,0,2024,0.非同買日
2383,2024-01-15,12.44,0,0,2024,0.非同買日
3706,2024-01-22,-4.67,0,3,2024,3.第3天
8299,2024-01-22,-2.09,0,2,2024,2.第2天
3231,2024-01-29,6.23,0,0,2024,0.非同買日
3017,2024-01-29,23.58,0,1,2024,1.第1天
2376,2024-02-05,9.28,0,0,2024,0.非同買日
3324,2024-02-05,9.31,0,0,2024,0.非同買日
6274,2024-02-26,-3.66,0,0,2024,0.非同買日
2360,2024-02-26,2.34,0,0,2024,0.非同買日
2317,2024-03-04,2.2,0,1,2024,1.第1天
3711,2024-03-04,8.18,0,2,2024,2.第2天
2308,2024-03-11,-2.21,0,0,2024,0.非同買日
2382,2024-03-11,1.59,0,1,2024,1.第1天
3044,2024-03-18,-1.96,0,0,2024,0.非同買日
6274,2024-03-18,3.4,0,0,2024,0.非同買日
3324,2024-03-25,2.38,0,0,2024,0.非同買日
2353,2024-03-25,-1.03,0,0,2024,0.非同買日
2421,2024-04-01,-1.71,0,0,2024,0.非同買日
3231,2024-04-01,7.11,0,0,2024,0.非同買日
3653,2024-04-29,-6.08,0,0,2024,0.非同買日
8210,2024-04-29,-5.06,0,0,2024,0.非同買日
3034,2024-05-06,-7.33,0,0,2024,0.非同買日
2345,2024-05-06,-1.57,0,1,2024,1.第1天
2376,2024-05-13,3.21,0,1,2024,1.第1天
2353,2024-05-13,0.44,0,0,2024,0.非同買日
2383,2024-05-20,-0.02,0,0,2024,0.非同買日
2353,2024-05-20,20.52,0,0,2024,0.非同買日
3711,2024-05-27,-4.8,0,1,2024,1.第1天
3324,2024-05-27,-2.25,0,1,2024,1.第1天
3706,2024-06-03,-5.75,0,0,2024,0.非同買日
3289,2024-06-03,6.0,0,1,2024,1.第1天
2356,2024-06-24,-1.99,0,0,2024,0.非同買日
2395,2024-06-24,-2.45,0,0,2024,0.非同買日
3583,2024-07-01,13.35,0,1,2024,1.第1天
3289,2024-07-01,-3.78,0,0,2024,0.非同買日
6442,2024-07-08,17.77,0,1,2024,1.第1天
6643,2024-07-08,8.3,0,0,2024,0.非同買日
2449,2024-08-12,3.6,0,0,2024,0.非同買日
2357,2024-08-12,4.38,0,0,2024,0.非同買日
2449,2024-08-19,-2.61,0,0,2024,0.非同買日
3533,2024-08-19,-1.89,0,0,2024,0.非同買日
3044,2024-08-26,0.37,0,0,2024,0.非同買日
3189,2024-08-26,3.47,0,0,2024,0.非同買日
6274,2024-09-16,-1.68,0,0,2024,0.非同買日
6643,2024-09-16,-10.13,0,1,2024,1.第1天
3034,2024-10-21,-4.14,0,3,2024,3.第3天
5269,2024-10-21,-1.2,0,1,2024,1.第1天
3017,2024-11-04,4.42,0,2,2024,2.第2天
2395,2024-11-04,0.02,0,1,2024,1.第1天
6669,2024-11-25,-13.7,0,0,2024,0.非同買日
2395,2024-11-25,-4.58,0,0,2024,0.非同買日
3443,2024-12-09,10.76,0,1,2024,1.第1天
6669,2024-12-09,0.0,0,0,2024,0.非同買日
3363,2024-12-16,-0.39,0,0,2024,0.非同買日
2345,2024-12-16,3.05,0,0,2024,0.非同買日
3131,2025-01-20,-10.87,0,0,2025,0.非同買日
8046,2025-01-20,-3.99,0,0,2025,0.非同買日
3583,2025-02-17,1.06,0,1,2025,1.第1天
6643,2025-02-17,4.82,0,0,2025,0.非同買日
2303,2025-04-28,-0.27,0,2,2025,2.第2天
3017,2025-04-28,3.85,0,0,2025,0.非同買日
5269,2025-05-05,2.46,0,0,2025,0.非同買日
8996,2025-05-26,-3.62,0,1,2025,1.第1天
3037,2025-05-26,-3.47,0,0,2025,0.非同買日
2330,2025-06-09,2.31,0,4,2025,4.第4-5天
2345,2025-06-09,6.15,0,1,2025,1.第1天
2360,2025-06-16,2.08,0,1,2025,1.第1天
3711,2025-06-16,0.77,0,0,2025,0.非同買日
6531,2025-06-30,-5.42,0,0,2025,0.非同買日
2324,2025-06-30,-0.08,0,0,2025,0.非同買日
3653,2025-08-11,5.59,0,1,2025,1.第1天
3037,2025-08-11,-0.95,0,1,2025,1.第1天
2345,2025-08-18,-12.01,0,0,2025,0.非同買日
2383,2025-08-18,-12.4,0,0,2025,0.非同買日
8996,2025-08-25,-7.88,0,0,2025,0.非同買日
2313,2025-08-25,-1.12,0,1,2025,1.第1天
2455,2025-09-01,0.35,0,0,2025,0.非同買日
3711,2025-09-01,9.28,0,1,2025,1.第1天
2059,2025-09-08,5.27,0,0,2025,0.非同買日
2308,2025-09-08,14.46,0,0,2025,0.非同買日
6282,2025-09-15,-8.93,0,0,2025,0.非同買日
3035,2025-09-22,-3.25,0,1,2025,1.第1天
2455,2025-09-22,-8.61,0,0,2025,0.非同買日
6669,2025-10-20,3.89,0,1,2025,1.第1天
3529,2025-10-20,-8.57,0,0,2025,0.非同買日
6442,2025-10-27,8.51,0,1,2025,1.第1天
6274,2025-10-27,14.08,0,1,2025,1.第1天
8996,2025-11-03,-6.16,0,1,2025,1.第1天
3711,2025-11-03,-7.67,0,1,2025,1.第1天
2345,2025-12-01,-5.96,0,1,2025,1.第1天
6669,2025-12-01,3.89,0,0,2025,0.非同買日
2449,2025-12-08,-3.43,0,1,2025,1.第1天
6669,2025-12-08,-7.9,0,0,2025,0.非同買日
2308,2025-12-22,0.34,0,1,2025,1.第1天
6531,2025-12-22,2.26,0,2,2025,2.第2天
2455,2025-12-29,-5.07,0,0,2025,0.非同買日
2449,2025-12-29,6.7,0,1,2025,1.第1天
3706,2026-01-05,-4.3,0,2,2026,2.第2天
2308,2026-01-05,3.83,0,2,2026,2.第2天
3189,2026-01-26,14.46,0,0,2026,0.非同買日
2308,2026-01-26,-5.04,0,0,2026,0.非同買日
2455,2026-02-09,7.45,0,5,2026,4.第4-5天
3081,2026-02-09,8.03,0,1,2026,1.第1天
2383,2026-02-23,8.77,0,0,2026,0.非同買日
2345,2026-02-23,0.47,0,0,2026,0.非同買日
6669,2026-04-20,22.13,0,2,2026,2.第2天
3081,2026-04-20,-11.72,0,1,2026,1.第1天
6442,2026-05-25,-8.56,0,1,2026,1.第1天
6414,2026-05-25,2.68,0,5,2026,4.第4-5天
2356,2026-06-01,-10.9,0,0,2026,0.非同買日
3189,2026-06-01,-10.36,0,1,2026,1.第1天
3044,2026-06-15,8.2,0,1,2026,1.第1天
2324,2026-06-15,-1.52,0,1,2026,1.第1天
3324,2026-06-22,-10.31,0,0,2026,0.非同買日
2359,2021-04-12,4.98,0,0,2021,0.非同買日
2059,2021-04-12,8.95,0,0,2021,0.非同買日
2359,2021-08-02,-5.18,0,0,2021,0.非同買日
8996,2021-08-02,-7.33,0,0,2021,0.非同買日
6515,2021-10-18,2.13,0,0,2021,0.非同買日
3706,2022-06-27,-5.26,0,0,2022,0.非同買日
6230,2022-09-05,-5.88,0,0,2022,0.非同買日
3013,2022-12-12,14.55,0,0,2022,0.非同買日
3693,2022-12-12,8.53,0,0,2022,0.非同買日
6213,2023-08-28,8.02,0,0,2023,0.非同買日
2059,2024-01-08,16.24,0,0,2024,0.非同買日
3583,2022-01-03,-4.31,0,0,2022,0.非同買日
3013,2021-03-08,-3.74,0,0,2021,0.非同買日
3338,2021-03-08,1.72,0,0,2021,0.非同買日
2383,2021-11-29,-4.5,0,0,2021,0.非同買日
8210,2022-01-10,-2.24,0,0,2022,0.非同買日
2421,2022-01-10,1.57,0,0,2022,0.非同買日
3693,2023-04-24,-10.49,0,0,2023,0.非同買日
3081,2021-07-19,-2.38,0,1,2021,1.第1天
2454,2024-09-02,-7.9,0,1,2024,1.第1天
3044,2022-04-18,-0.6,0,0,2022,0.非同買日
5269,2021-01-11,-1.92,0,2,2021,2.第2天
3711,2021-01-11,9.52,0,1,2021,1.第1天
3706,2021-01-18,-0.93,0,0,2021,0.非同買日
3017,2021-01-18,-1.41,0,0,2021,0.非同買日
2059,2021-01-25,1.7,0,3,2021,3.第3天
2345,2021-01-25,-0.77,0,2,2021,2.第2天
3017,2021-03-15,0.65,0,0,2021,0.非同買日
2308,2021-03-15,1.73,0,0,2021,0.非同買日
3105,2021-04-19,-2.69,0,1,2021,1.第1天
3706,2021-05-10,-5.91,0,0,2021,0.非同買日
2395,2021-05-10,-8.63,0,1,2021,1.第1天
2395,2021-05-17,-0.6,0,0,2021,0.非同買日
3034,2021-05-24,-0.7,0,2,2021,2.第2天
3189,2021-06-21,8.94,0,0,2021,0.非同買日
2376,2021-07-05,0.74,0,1,2021,1.第1天
2376,2021-07-26,-2.07,0,1,2021,1.第1天
2317,2021-07-26,-0.15,0,0,2021,0.非同買日
3017,2021-08-02,3.11,0,0,2021,0.非同買日
2357,2021-08-23,-0.29,0,2,2021,2.第2天
3037,2022-03-28,2.5,0,0,2022,0.非同買日
2368,2026-03-16,0.28,0,0,2026,0.非同買日
2345,2026-03-23,7.02,0,0,2026,0.非同買日
3013,2026-03-30,-4.97,0,0,2026,0.非同買日
3034,2026-03-30,-0.47,0,0,2026,0.非同買日
2360,2026-04-13,6.8,0,0,2026,0.非同買日
3017,2026-04-27,-0.6,0,0,2026,0.非同買日
3711,2026-04-27,-2.0,0,0,2026,0.非同買日
2330,2026-05-04,-1.69,0,1,2026,1.第1天
2313,2026-05-04,-7.45,0,2,2026,2.第2天
3583,2026-05-11,10.88,0,1,2026,1.第1天
3711,2026-05-11,1.44,0,1,2026,1.第1天
3231,2026-06-22,-3.66,0,0,2026,0.非同買日
5269,2026-06-22,-2.31,0,1,2026,1.第1天
3661,2021-06-21,6.59,0,0,2021,0.非同買日
4966,2021-08-23,3.02,0,2,2021,2.第2天
3037,2021-10-18,15.97,0,0,2021,0.非同買日
3034,2021-10-18,2.74,0,0,2021,0.非同買日
6531,2021-12-27,-3.98,0,1,2021,1.第1天
3653,2022-01-03,-2.55,0,0,2022,0.非同買日
4966,2022-01-17,-1.36,0,2,2022,2.第2天
5269,2022-01-24,-2.77,0,0,2022,0.非同買日
3035,2022-02-07,15.77,0,2,2022,2.第2天
2454,2022-02-07,-0.15,0,1,2022,1.第1天
2317,2022-03-28,-1.54,0,0,2022,0.非同買日
6531,2022-06-27,-10.65,0,1,2022,1.第1天
3034,2022-07-11,-0.6,0,2,2022,2.第2天
6531,2022-07-11,2.87,0,1,2022,1.第1天
3443,2022-08-22,-5.01,0,0,2022,0.非同買日
6515,2022-10-03,-4.77,0,0,2022,0.非同買日
3533,2022-10-24,6.39,0,1,2022,1.第1天
3105,2022-10-31,8.36,0,2,2022,2.第2天
2330,2022-10-31,-0.6,0,1,2022,1.第1天
8996,2022-11-07,1.78,0,1,2022,1.第1天
2353,2022-12-26,1.11,0,0,2022,0.非同買日
2330,2023-02-13,-5.01,0,0,2023,0.非同買日
2360,2023-04-24,7.85,0,0,2023,0.非同買日
2308,2023-05-15,1.06,0,1,2023,1.第1天
2313,2023-06-26,2.01,0,1,2023,1.第1天
3035,2023-06-26,12.2,0,0,2023,0.非同買日
6531,2023-07-10,-1.99,0,1,2023,1.第1天
3289,2023-07-10,2.86,0,0,2023,0.非同買日
2368,2023-07-24,-10.62,0,0,2023,0.非同買日
3324,2023-07-24,-15.16,0,0,2023,0.非同買日
2356,2023-08-21,-6.44,0,1,2023,1.第1天
2317,2023-08-28,-1.98,0,0,2023,0.非同買日
3231,2023-09-04,-9.43,0,1,2023,1.第1天
2356,2023-09-25,4.93,0,1,2023,1.第1天
2353,2023-10-02,-2.74,0,1,2023,1.第1天
6531,2023-10-30,10.12,0,1,2023,1.第1天
3443,2023-10-30,3.38,0,0,2023,0.非同買日
3017,2023-12-11,-3.34,0,1,2023,1.第1天
3131,2024-02-19,19.39,0,0,2024,0.非同買日
3037,2024-02-19,1.21,0,1,2024,1.第1天
8299,2024-04-15,-11.2,0,0,2024,0.非同買日
3189,2024-04-29,-3.75,0,2,2024,2.第2天
2353,2024-04-29,3.32,0,1,2024,1.第1天
2360,2024-06-17,0.04,0,1,2024,1.第1天
2449,2024-06-17,14.89,0,0,2024,0.非同買日
2360,2024-07-15,-2.68,0,0,2024,0.非同買日
3587,2024-07-15,-4.56,0,1,2024,1.第1天
6139,2024-08-12,6.36,0,2,2024,2.第2天
3044,2024-08-12,0.68,0,1,2024,1.第1天
6274,2024-09-02,2.28,0,0,2024,0.非同買日
3711,2024-09-23,-4.4,0,0,2024,0.非同買日
6442,2024-10-07,16.3,0,1,2024,1.第1天
2317,2024-10-07,0.16,0,0,2024,0.非同買日
3711,2024-10-14,2.86,0,1,2024,1.第1天
3034,2024-10-14,2.08,0,1,2024,1.第1天
2330,2024-11-11,-6.1,0,2,2024,2.第2天
3034,2024-11-11,-1.5,0,1,2024,1.第1天
3587,2024-12-23,-1.78,0,1,2024,1.第1天
2454,2024-12-30,-3.52,0,0,2024,0.非同買日
3533,2024-12-30,-4.18,0,0,2024,0.非同買日
6515,2025-01-06,0.74,0,1,2025,1.第1天
2324,2025-01-06,-3.15,0,1,2025,1.第1天
3035,2025-01-20,-2.61,0,1,2025,1.第1天
3017,2025-02-10,3.84,0,0,2025,0.非同買日
2382,2025-02-10,2.75,0,0,2025,0.非同買日
2308,2025-02-24,-1.98,0,0,2025,0.非同買日
2324,2025-03-17,-3.71,0,0,2025,0.非同買日
8210,2025-03-17,-2.49,0,0,2025,0.非同買日
2313,2025-03-24,-6.1,0,1,2025,1.第1天
2330,2025-03-24,-2.64,0,1,2025,1.第1天
3034,2025-04-14,-2.38,0,0,2025,0.非同買日
2383,2025-04-14,-0.6,0,0,2025,0.非同買日
2330,2025-05-12,2.21,0,2,2025,2.第2天
6442,2025-05-12,1.23,0,0,2025,0.非同買日
2303,2025-06-02,-2.72,0,0,2025,0.非同買日
6139,2025-06-02,8.51,0,0,2025,0.非同買日
2308,2025-06-23,2.63,0,1,2025,1.第1天
3711,2025-06-23,-0.26,0,0,2025,0.非同買日
2353,2025-07-14,3.19,0,0,2025,0.非同買日
3661,2025-07-21,2.03,0,0,2025,0.非同買日
2368,2025-07-21,3.14,0,0,2025,0.非同買日
2357,2025-07-28,-0.15,0,3,2025,3.第3天
2356,2025-07-28,-0.83,0,2,2025,2.第2天
3443,2025-08-04,-2.19,0,2,2025,2.第2天
2324,2025-08-04,-2.59,0,2,2025,2.第2天
3711,2025-08-25,4.42,0,1,2025,1.第1天
6531,2025-08-25,4.97,0,1,2025,1.第1天
3131,2025-10-13,-6.62,0,0,2025,0.非同買日
2303,2025-10-13,0.82,0,1,2025,1.第1天
3013,2025-11-10,-7.44,0,1,2025,1.第1天
6531,2025-11-10,1.34,0,0,2025,0.非同買日
3324,2025-11-17,-14.56,0,1,2025,1.第1天
3131,2025-11-17,-6.55,0,0,2025,0.非同買日
6139,2025-11-24,-0.37,0,0,2025,0.非同買日
6274,2025-12-15,3.98,0,0,2025,0.非同買日
6414,2025-12-15,2.12,0,0,2025,0.非同買日
3105,2026-01-12,-9.13,0,0,2026,0.非同買日
6515,2026-01-12,-0.88,0,0,2026,0.非同買日
3035,2026-01-19,0.85,0,1,2026,1.第1天
8299,2026-01-19,4.17,0,0,2026,0.非同買日
3443,2026-02-02,-6.34,0,0,2026,0.非同買日
2353,2026-02-02,-3.16,0,0,2026,0.非同買日
3081,2026-03-02,-2.41,0,1,2026,1.第1天
2455,2026-03-16,-3.85,0,0,2026,0.非同買日
3131,2026-03-23,16.14,0,0,2026,0.非同買日
3037,2026-04-13,7.66,0,0,2026,0.非同買日
3034,2026-07-06,-9.8,0,0,2026,0.非同買日
2059,2026-07-27,3.73,0,0,2026,0.非同買日
6643,2024-09-30,3.15,0,0,2024,0.非同買日
6117,2025-05-19,3.11,0,0,2025,0.非同買日
6669,2024-04-15,-4.91,0,0,2024,0.非同買日
2395,2021-08-09,-2.61,0,0,2021,0.非同買日
6117,2021-08-09,-9.18,0,0,2021,0.非同買日
8996,2022-08-29,19.41,0,0,2022,0.非同買日
3289,2022-08-29,9.65,0,0,2022,0.非同買日
3231,2022-09-19,-1.68,0,0,2022,0.非同買日
2059,2022-12-12,-1.71,0,0,2022,0.非同買日
6213,2024-10-28,-1.86,0,0,2024,0.非同買日
2324,2024-10-28,0.91,0,0,2024,0.非同買日
2421,2025-03-10,-2.48,0,0,2025,0.非同買日
2324,2021-03-29,1.69,0,0,2021,0.非同買日
3706,2023-10-23,5.76,0,0,2023,0.非同買日
5443,2023-10-23,6.67,0,0,2023,0.非同買日
6213,2021-12-20,4.43,0,0,2021,0.非同買日
2368,2021-12-20,5.88,0,0,2021,0.非同買日
8210,2025-04-21,-5.97,0,0,2025,0.非同買日
6139,2025-04-21,2.81,0,0,2025,0.非同買日
6442,2022-06-13,1.5,0,0,2022,0.非同買日
6415,2021-02-01,1.32,0,2,2021,2.第2天
2492,2021-02-22,-3.27,0,2,2021,2.第2天
6488,2021-02-22,-4.16,0,1,2021,1.第1天
6488,2021-03-15,-0.73,0,1,2021,1.第1天
5434,2021-03-22,-1.34,0,3,2021,3.第3天
3413,2021-04-12,-6.94,0,0,2021,0.非同買日
6488,2021-04-19,3.59,0,1,2021,1.第1天
6415,2021-05-24,0.44,0,3,2021,3.第3天
6415,2021-05-31,-3.97,0,1,2021,1.第1天
6415,2021-06-28,3.21,0,4,2021,4.第4-5天
8086,2021-06-28,-1.23,0,2,2021,2.第2天
3413,2021-07-05,-1.21,0,3,2021,3.第3天
3532,2021-07-05,4.44,0,2,2021,2.第2天
6202,2021-07-12,6.69,0,2,2021,2.第2天
6223,2021-08-02,-2.66,0,4,2021,4.第4-5天
5347,2021-08-09,0.1,0,1,2021,1.第1天
8081,2021-08-16,-2.77,0,3,2021,3.第3天
6488,2021-08-30,-1.28,0,2,2021,2.第2天
6488,2021-09-06,-4.57,0,2,2021,2.第2天
5434,2021-09-13,0.1,0,1,2021,1.第1天
6412,2021-11-08,-0.2,0,2,2021,2.第2天
2436,2021-11-15,-0.14,0,3,2021,3.第3天
6196,2021-12-20,0.03,0,2,2021,2.第2天
6196,2022-01-10,-3.31,0,1,2022,1.第1天
2337,2022-02-21,-1.71,0,4,2022,4.第4-5天
3532,2022-03-21,3.43,0,1,2022,1.第1天
4958,2022-03-21,0.32,0,6,2022,5.第6天以上
4958,2022-03-28,-2.82,0,2,2022,2.第2天
2412,2022-04-11,-1.75,0,4,2022,4.第4-5天
3374,2022-04-18,-0.22,0,1,2022,1.第1天
3374,2022-04-25,-1.32,0,1,2022,1.第1天
6770,2022-05-16,0.96,0,3,2022,3.第3天
3680,2022-05-30,0.37,0,1,2022,1.第1天
2404,2022-06-13,-0.06,0,1,2022,1.第1天
1513,2022-06-27,-1.5,0,2,2022,2.第2天
4979,2022-07-04,-9.63,0,3,2022,3.第3天
2412,2022-07-04,0.58,0,4,2022,4.第4-5天
4979,2022-07-11,8.61,0,1,2022,1.第1天
1513,2022-07-11,-0.96,0,1,2022,1.第1天
2492,2022-07-25,-1.09,0,1,2022,1.第1天
1513,2022-08-01,-2.95,0,5,2022,4.第4-5天
3680,2022-08-08,-2.98,0,3,2022,3.第3天
1513,2022-08-15,-4.75,0,2,2022,2.第2天
1513,2022-08-22,-0.6,0,1,2022,1.第1天
6533,2022-08-29,0.73,0,4,2022,4.第4-5天
6533,2022-09-05,-4.17,0,2,2022,2.第2天
2301,2022-09-05,-1.04,0,1,2022,1.第1天
6533,2022-09-12,5.74,0,2,2022,2.第2天
6285,2022-09-12,-5.17,0,1,2022,1.第1天
2337,2022-10-17,-2.43,0,4,2022,4.第4-5天
6223,2022-12-05,-4.41,0,4,2022,4.第4-5天
8050,2022-12-12,-0.13,0,1,2022,1.第1天
6412,2022-12-12,0.75,0,1,2022,1.第1天
6488,2023-01-30,-1.16,0,8,2023,5.第6天以上
3680,2023-03-20,3.39,0,1,2023,1.第1天
8086,2023-04-17,-0.39,0,5,2023,4.第4-5天
1503,2023-05-08,-4.71,0,1,2023,1.第1天
1503,2023-05-22,1.58,0,2,2023,2.第2天
3680,2023-06-26,-2.35,0,2,2023,2.第2天
4979,2023-07-24,-4.85,0,1,2023,1.第1天
6412,2023-08-07,9.34,0,2,2023,2.第2天
2337,2023-08-28,10.89,0,2,2023,2.第2天
2458,2023-09-11,3.36,0,4,2023,4.第4-5天
1560,2023-10-02,-3.7,0,4,2023,4.第4-5天
2385,2023-10-23,-0.2,0,1,2023,1.第1天
6412,2023-11-06,2.84,0,2,2023,2.第2天
6415,2023-11-20,-1.32,0,2,2023,2.第2天
1519,2023-12-04,10.8,0,3,2023,3.第3天
6239,2023-12-11,9.1,0,2,2023,2.第2天
6415,2023-12-25,4.12,0,1,2023,1.第1天
2458,2023-12-25,0.32,0,1,2023,1.第1天
1519,2024-01-29,11.59,0,1,2024,1.第1天
2385,2024-03-11,6.42,0,3,2024,3.第3天
5347,2024-03-18,7.58,0,1,2024,1.第1天
2412,2024-04-22,-1.39,0,1,2024,1.第1天
6415,2024-05-27,-2.26,0,1,2024,1.第1天
5483,2024-06-24,3.13,0,1,2024,1.第1天
2412,2024-07-29,-0.6,0,3,2024,3.第3天
6415,2024-08-26,-0.7,0,5,2024,4.第4-5天
6214,2024-09-16,0.17,0,3,2024,3.第3天
4979,2024-09-30,6.62,0,1,2024,1.第1天
6438,2024-10-07,1.37,0,1,2024,1.第1天
4979,2024-11-25,-0.01,0,1,2024,1.第1天
6206,2025-02-10,10.31,0,2,2025,2.第2天
3227,2025-02-17,0.97,0,3,2025,3.第3天
1519,2025-02-24,-6.01,0,4,2025,4.第4-5天
2404,2025-03-31,-0.38,0,0,2025,0.非同買日
6223,2025-06-09,5.49,0,1,2025,1.第1天
6223,2025-06-30,-1.76,0,3,2025,3.第3天
6770,2025-07-07,-8.35,0,1,2025,1.第1天
6196,2025-07-14,0.9,0,4,2025,4.第4-5天
8086,2025-07-28,-1.12,0,2,2025,2.第2天
8086,2025-08-04,-3.59,0,1,2025,1.第1天
2404,2025-08-25,5.61,0,2,2025,2.第2天
6223,2025-09-08,-0.92,0,1,2025,1.第1天
6488,2025-09-22,-3.52,0,6,2025,5.第6天以上
6770,2025-10-27,1.77,0,2,2025,2.第2天
6223,2025-10-27,2.21,0,1,2025,1.第1天
1519,2025-11-03,-0.72,0,3,2025,3.第3天
4991,2025-12-22,9.04,0,2,2025,2.第2天
4979,2025-12-29,9.31,0,1,2025,1.第1天
3680,2026-01-05,2.08,0,2,2026,2.第2天
2337,2026-01-12,-2.38,0,2,2026,2.第2天
6415,2026-02-02,-1.28,0,1,2026,1.第1天
4979,2026-03-02,-10.05,0,1,2026,1.第1天
4979,2026-04-20,-11.69,0,3,2026,3.第3天
4991,2026-04-20,-4.85,0,2,2026,2.第2天
2492,2026-05-25,11.61,0,5,2026,4.第4-5天
2492,2026-06-01,1.07,0,10,2026,5.第6天以上
2492,2026-06-15,19.86,0,1,2026,1.第1天
2404,2026-06-15,-7.8,0,2,2026,2.第2天
2492,2026-06-22,-4.95,0,1,2026,1.第1天
6488,2026-06-22,-13.97,0,2,2026,2.第2天
2412,2026-07-20,-0.96,0,2,2026,2.第2天
6257,2023-09-04,-1.29,0,1,2023,1.第1天
6510,2023-10-16,-4.54,0,2,2023,2.第2天
6415,2023-11-13,15.97,0,1,2023,1.第1天
1513,2023-11-27,5.67,0,2,2023,2.第2天
2492,2023-12-04,-4.84,0,1,2023,1.第1天
1519,2024-02-26,-2.45,0,1,2024,1.第1天
2385,2023-02-13,1.72,0,3,2023,3.第3天
5434,2023-03-06,-5.44,0,4,2023,4.第4-5天
1519,2023-07-17,-11.11,0,5,2023,4.第4-5天
2492,2023-11-06,-5.83,0,7,2023,5.第6天以上
1503,2022-06-20,0.06,0,0,2022,0.非同買日
4958,2021-03-22,-1.38,0,5,2021,4.第4-5天
2436,2021-03-29,5.33,0,1,2021,1.第1天
2436,2021-04-19,6.37,0,1,2021,1.第1天
5483,2021-06-28,0.18,0,1,2021,1.第1天
2412,2021-08-09,-0.18,0,2,2021,2.第2天
6214,2021-09-13,-1.96,0,2,2021,2.第2天
2412,2021-10-04,-0.6,0,1,2021,1.第1天
2492,2021-11-22,-2.77,0,1,2021,1.第1天
2412,2021-12-06,-0.6,0,3,2021,3.第3天
6533,2021-12-27,-0.78,0,2,2021,2.第2天
6269,2022-01-03,-0.6,0,2,2022,2.第2天
5388,2022-01-17,2.11,0,2,2022,2.第2天
2337,2022-08-01,-3.75,0,1,2022,1.第1天
6285,2022-08-08,1.0,0,5,2022,4.第4-5天
6770,2022-10-24,-2.36,0,1,2022,1.第1天
6488,2022-11-14,6.16,0,1,2022,1.第1天
3227,2022-11-21,-0.39,0,3,2022,3.第3天
6415,2023-01-16,10.7,0,2,2023,2.第2天
5434,2023-02-20,-0.04,0,2,2023,2.第2天
3680,2023-03-27,-3.11,0,4,2023,4.第4-5天
6719,2023-04-17,4.92,0,2,2023,2.第2天
4979,2023-10-30,3.13,0,3,2023,3.第3天
3532,2024-04-29,-5.25,0,2,2024,2.第2天
5347,2024-05-20,1.51,0,2,2024,2.第2天
6488,2024-07-01,-1.48,0,1,2024,1.第1天
2404,2025-04-21,2.57,0,0,2025,0.非同買日
3005,2025-04-28,-1.06,0,2,2025,2.第2天
1519,2025-06-16,12.02,0,1,2025,1.第1天
6196,2025-06-30,-1.91,0,4,2025,4.第4-5天
2301,2025-07-07,1.58,0,3,2025,3.第3天
5483,2025-09-22,-5.01,0,1,2025,1.第1天
2301,2026-02-23,3.44,0,3,2026,3.第3天
3413,2022-01-10,4.87,0,1,2022,1.第1天
6285,2022-06-27,-9.79,0,4,2022,4.第4-5天
2412,2023-08-28,-0.17,0,1,2023,1.第1天
5347,2023-11-20,1.57,0,1,2023,1.第1天
6510,2023-11-27,-2.47,0,1,2023,1.第1天
6488,2023-12-04,-0.6,0,1,2023,1.第1天
2385,2024-01-08,-0.32,0,4,2024,4.第4-5天
1560,2024-01-15,-0.85,0,3,2024,3.第3天
2385,2024-03-04,8.82,0,3,2024,3.第3天
2492,2024-04-01,-5.41,0,1,2024,1.第1天
1560,2024-06-03,-3.68,0,1,2024,1.第1天
3680,2024-08-19,-1.73,0,2,2024,2.第2天
3680,2024-09-16,3.04,0,3,2024,3.第3天
6770,2025-12-22,-2.56,0,4,2025,4.第4-5天
8050,2022-08-22,8.38,0,1,2022,1.第1天
6412,2022-10-17,2.03,0,1,2022,1.第1天
6285,2023-09-18,0.08,0,1,2023,1.第1天
6182,2022-05-30,-7.49,0,2,2022,2.第2天
5227,2022-09-26,23.7,0,0,2022,0.非同買日
2412,2022-12-12,-0.16,0,2,2022,2.第2天
6488,2023-01-16,5.34,0,6,2023,5.第6天以上
3005,2023-04-17,-2.98,0,3,2023,3.第3天
2385,2023-11-13,1.4,0,3,2023,3.第3天
6415,2025-04-14,-0.13,0,0,2025,0.非同買日
6239,2021-03-15,0.87,0,1,2021,1.第1天
6239,2021-03-22,-2.5,0,3,2021,3.第3天
3227,2021-03-29,5.32,0,1,2021,1.第1天
8086,2021-04-12,-5.48,0,0,2021,0.非同買日
6415,2021-04-19,-5.8,0,1,2021,1.第1天
2436,2021-04-26,-2.96,0,0,2021,0.非同買日
6182,2021-04-26,-3.81,0,0,2021,0.非同買日
6488,2021-05-31,-3.32,0,3,2021,3.第3天
2337,2021-06-07,-2.67,0,1,2021,1.第1天
6269,2021-07-05,-1.32,0,0,2021,0.非同買日
3532,2021-07-12,8.6,0,1,2021,1.第1天
2337,2021-08-02,-0.26,0,2,2021,2.第2天
6415,2021-08-09,-1.58,0,0,2021,0.非同買日
5483,2021-08-30,-0.34,0,1,2021,1.第1天
5483,2021-09-06,-5.94,0,2,2021,2.第2天
6412,2021-11-01,2.88,0,1,2021,1.第1天
3005,2021-11-08,-0.23,0,1,2021,1.第1天
6412,2021-11-15,0.68,0,3,2021,3.第3天
5434,2021-12-20,-0.93,0,1,2021,1.第1天
6196,2022-01-03,-2.01,0,0,2022,0.非同買日
2412,2022-04-18,0.17,0,1,2022,1.第1天
4958,2022-05-23,3.05,0,7,2022,5.第6天以上
3374,2022-06-06,-1.27,0,6,2022,5.第6天以上
6285,2022-07-18,0.37,0,1,2022,1.第1天
8114,2022-08-01,9.68,0,2,2022,2.第2天
5347,2022-08-15,-1.87,0,3,2022,3.第3天
5434,2022-08-15,-0.6,0,1,2022,1.第1天
2301,2022-09-19,-2.05,0,0,2022,0.非同買日
6533,2022-10-31,1.53,0,1,2022,1.第1天
5347,2022-11-14,7.28,0,4,2022,4.第4-5天
1513,2022-12-05,-3.67,0,2,2022,2.第2天
1513,2022-12-26,0.15,0,1,2022,1.第1天
8086,2023-01-30,-3.09,0,2,2023,2.第2天
1513,2023-04-10,12.62,0,1,2023,1.第1天
1513,2023-06-19,2.5,0,2,2023,2.第2天
8081,2023-08-07,3.48,0,2,2023,2.第2天
3227,2023-09-11,-1.37,0,1,2023,1.第1天
5388,2023-09-25,-5.95,0,3,2023,3.第3天
2404,2023-10-23,-0.81,0,1,2023,1.第1天
2458,2023-10-30,-2.29,0,1,2023,1.第1天
2301,2024-01-08,-7.11,0,1,2024,1.第1天
8086,2024-02-19,0.42,0,2,2024,2.第2天
6415,2024-04-15,-7.62,0,1,2024,1.第1天
6214,2024-05-06,4.51,0,2,2024,2.第2天
6269,2024-05-13,-2.86,0,1,2024,1.第1天
2458,2024-05-27,-0.02,0,1,2024,1.第1天
5483,2024-06-03,-0.83,0,2,2024,2.第2天
6415,2024-06-17,-4.38,0,2,2024,2.第2天
5434,2024-07-01,-2.92,0,5,2024,4.第4-5天
4755,2024-07-08,-3.92,0,1,2024,1.第1天
3680,2024-09-23,-4.11,0,1,2024,1.第1天
6415,2025-02-24,-3.71,0,2,2025,2.第2天
2301,2025-05-05,-1.79,0,2,2025,2.第2天
1513,2025-05-19,-0.6,0,2,2025,2.第2天
2404,2025-06-02,-0.06,0,3,2025,3.第3天
4755,2025-06-30,-0.16,0,5,2025,4.第4-5天
6488,2025-07-28,-2.3,0,1,2025,1.第1天
3005,2025-08-18,0.58,0,2,2025,2.第2天
1560,2025-09-08,-3.34,0,3,2025,3.第3天
6239,2025-09-15,-4.55,0,1,2025,1.第1天
4979,2025-09-22,-4.92,0,2,2025,2.第2天
6488,2025-10-27,-5.39,0,3,2025,3.第3天
2337,2026-02-09,10.26,0,2,2026,2.第2天
4958,2026-03-30,-3.67,0,1,2026,1.第1天
6412,2026-05-25,-4.42,0,4,2026,4.第4-5天
6257,2026-06-22,-0.6,0,2,2026,2.第2天
3532,2021-12-06,11.42,0,0,2021,0.非同買日
8114,2021-12-13,5.59,0,0,2021,0.非同買日
6182,2021-12-27,-0.48,0,1,2021,1.第1天
5388,2022-01-03,-7.72,0,0,2022,0.非同買日
2412,2022-01-10,-0.17,0,4,2022,4.第4-5天
6182,2022-03-21,-6.76,0,1,2022,1.第1天
6206,2022-04-11,0.73,0,1,2022,1.第1天
3374,2022-05-30,0.08,0,2,2022,2.第2天
8114,2022-06-13,-7.7,0,0,2022,0.非同買日
8114,2022-07-04,4.24,0,0,2022,0.非同買日
1513,2022-07-04,-1.67,0,0,2022,0.非同買日
8114,2022-07-11,-0.6,0,1,2022,1.第1天
2337,2022-07-25,2.18,0,2,2022,2.第2天
2301,2022-09-12,-2.49,0,5,2022,4.第4-5天
2412,2022-10-31,-3.28,0,1,2022,1.第1天
5483,2022-11-14,0.04,0,1,2022,1.第1天
1513,2022-11-21,4.4,0,1,2022,1.第1天
6269,2022-12-05,-7.73,0,3,2022,3.第3天
2412,2022-12-26,-0.6,0,1,2022,1.第1天
5347,2023-01-09,-4.96,0,5,2023,4.第4-5天
8081,2023-04-17,-4.73,0,1,2023,1.第1天
2404,2023-04-24,0.56,0,2,2023,2.第2天
1519,2023-05-15,21.65,0,2,2023,2.第2天
3680,2023-06-12,2.26,0,2,2023,2.第2天
8050,2023-07-03,-9.62,0,1,2023,1.第1天
6285,2023-07-03,9.58,0,1,2023,1.第1天
6285,2023-07-17,-7.34,0,4,2023,4.第4-5天
2404,2023-08-07,-4.21,0,8,2023,5.第6天以上
8050,2023-08-07,-3.03,0,1,2023,1.第1天
8050,2023-08-14,2.4,0,2,2023,2.第2天
6285,2023-08-21,2.61,0,1,2023,1.第1天
6510,2023-09-18,-6.87,0,3,2023,3.第3天
3227,2023-10-30,-4.0,0,1,2023,1.第1天
8086,2023-11-06,11.77,0,1,2023,1.第1天
6719,2023-12-04,-4.08,0,1,2023,1.第1天
8086,2023-12-11,-8.38,0,2,2023,2.第2天
2385,2023-12-18,-2.52,0,1,2023,1.第1天
6257,2023-12-18,-3.65,0,1,2023,1.第1天
1560,2023-12-25,2.09,0,1,2023,1.第1天
2404,2024-01-15,0.48,0,1,2024,1.第1天
6719,2024-02-26,1.02,0,7,2024,5.第6天以上
2404,2024-03-11,-2.53,0,0,2024,0.非同買日
1503,2024-03-18,31.8,0,1,2024,1.第1天
3413,2024-04-01,1.2,0,3,2024,3.第3天
6206,2024-05-13,0.51,0,1,2024,1.第1天
1503,2024-06-24,-0.6,0,0,2024,0.非同買日
6488,2024-07-08,-1.44,0,1,2024,1.第1天
3374,2024-07-29,7.01,0,0,2024,0.非同買日
1609,2024-08-12,-1.23,0,3,2024,3.第3天
5347,2024-08-19,-6.12,0,2,2024,2.第2天
6438,2024-09-16,8.4,0,3,2024,3.第3天
4991,2024-12-30,-8.91,0,0,2024,0.非同買日
4979,2025-01-20,15.02,0,1,2025,1.第1天
6223,2025-07-07,5.39,0,1,2025,1.第1天
6488,2025-09-15,24.19,0,1,2025,1.第1天
2337,2025-12-08,1.27,0,1,2025,1.第1天
6510,2026-01-26,6.04,0,0,2026,0.非同買日
4979,2026-02-09,4.98,0,1,2026,1.第1天
6223,2026-05-25,-8.94,0,1,2026,1.第1天
5347,2026-06-15,9.09,0,2,2026,2.第2天
6285,2022-04-25,-9.39,0,0,2022,0.非同買日
3374,2022-08-22,-2.51,0,2,2022,2.第2天
1519,2025-05-12,-3.36,0,2,2025,2.第2天
6206,2022-07-04,1.71,0,0,2022,0.非同買日
1513,2022-12-12,-0.6,0,0,2022,0.非同買日
6415,2023-04-17,-7.37,0,2,2023,2.第2天
6214,2024-04-22,5.18,0,0,2024,0.非同買日
6533,2026-07-20,-7.91,0,0,2026,0.非同買日
8086,2021-02-22,-3.21,0,2,2021,2.第2天
2385,2021-03-08,-0.39,0,0,2021,0.非同買日
1513,2021-03-15,-2.94,0,0,2021,0.非同買日
2458,2021-03-15,-0.32,0,0,2021,0.非同買日
3413,2021-03-29,-5.27,0,0,2021,0.非同買日
2301,2021-03-29,-0.44,0,1,2021,1.第1天
5347,2021-04-12,-3.17,0,1,2021,1.第1天
2458,2021-04-12,-1.35,0,1,2021,1.第1天
2337,2021-04-12,-5.06,0,0,2021,0.非同買日
6223,2021-04-19,6.64,0,1,2021,1.第1天
5483,2021-04-26,-2.59,0,0,2021,0.非同買日
2458,2021-04-26,-5.69,0,0,2021,0.非同買日
6415,2021-05-03,-1.75,0,1,2021,1.第1天
2301,2021-05-10,-7.83,0,0,2021,0.非同買日
2458,2021-05-24,0.61,0,1,2021,1.第1天
6269,2021-06-28,0.52,0,0,2021,0.非同買日
8081,2021-08-02,-0.6,0,0,2021,0.非同買日
6412,2021-08-09,-3.27,0,0,2021,0.非同買日
2301,2021-08-30,-0.92,0,2,2021,2.第2天
3005,2021-09-27,-4.7,0,2,2021,2.第2天
6214,2021-09-27,-0.48,0,1,2021,1.第1天
6510,2021-10-18,0.97,0,0,2021,0.非同買日
1503,2021-10-18,2.16,0,1,2021,1.第1天
6257,2021-11-01,-1.77,0,1,2021,1.第1天
2385,2021-11-08,0.63,0,1,2021,1.第1天
1513,2021-11-15,3.02,0,1,2021,1.第1天
6488,2021-11-22,0.34,0,1,2021,1.第1天
3532,2021-11-29,8.44,0,0,2021,0.非同買日
5483,2021-12-13,-2.38,0,1,2021,1.第1天
2458,2021-12-20,0.6,0,1,2021,1.第1天
2412,2022-01-24,-0.17,0,1,2022,1.第1天
2458,2022-02-07,3.53,0,1,2022,1.第1天
2337,2022-02-14,0.33,0,5,2022,4.第4-5天
6239,2022-03-14,-3.65,0,1,2022,1.第1天
2301,2022-03-14,-0.46,0,3,2022,3.第3天
2458,2022-03-21,-0.31,0,1,2022,1.第1天
2412,2022-04-25,-0.22,0,0,2022,0.非同買日
6206,2022-07-18,-1.82,0,1,2022,1.第1天
1514,2022-08-01,-4.3,0,2,2022,2.第2天
6488,2022-08-01,-1.67,0,1,2022,1.第1天
6488,2022-08-15,1.01,0,3,2022,3.第3天
3680,2022-08-29,0.28,0,3,2022,3.第3天
5483,2022-09-12,-2.66,0,2,2022,2.第2天
6239,2022-11-07,0.56,0,2,2022,2.第2天
6223,2022-11-28,7.01,0,0,2022,0.非同買日
5434,2022-12-05,-1.18,0,1,2022,1.第1天
2404,2022-12-19,-2.18,0,4,2022,4.第4-5天
6719,2023-01-16,12.22,0,5,2023,4.第4-5天
3680,2023-03-13,1.77,0,2,2023,2.第2天
1519,2023-04-24,-7.14,0,0,2023,0.非同買日
1513,2023-05-08,-4.65,0,1,2023,1.第1天
6182,2023-07-10,1.08,0,1,2023,1.第1天
8050,2023-07-17,-0.11,0,1,2023,1.第1天
6182,2023-09-04,1.93,0,3,2023,3.第3天
6182,2023-09-11,2.76,0,1,2023,1.第1天
6239,2023-09-25,-2.99,0,2,2023,2.第2天
6182,2023-10-23,-0.27,0,2,2023,2.第2天
6488,2023-10-30,3.12,0,2,2023,2.第2天
5434,2024-01-29,-1.13,0,1,2024,1.第1天
3413,2024-02-26,-4.0,0,1,2024,1.第1天
3680,2024-04-01,2.87,0,1,2024,1.第1天
5434,2024-04-15,6.22,0,3,2024,3.第3天
6214,2024-04-29,-2.18,0,2,2024,2.第2天
4958,2024-05-13,-3.45,0,1,2024,1.第1天
2337,2024-05-20,-2.39,0,1,2024,1.第1天
6438,2024-09-09,1.48,0,2,2024,2.第2天
1519,2024-09-23,-0.9,0,1,2024,1.第1天
8114,2024-09-30,-0.36,0,1,2024,1.第1天
4979,2024-10-07,-1.87,0,1,2024,1.第1天
2458,2024-10-28,-4.83,0,2,2024,2.第2天
1519,2024-11-11,-2.29,0,3,2024,3.第3天
2412,2024-11-25,-0.6,0,1,2024,1.第1天
2412,2024-12-23,-1.0,0,1,2024,1.第1天
5434,2025-02-10,-1.11,0,1,2025,1.第1天
6196,2025-02-24,-3.44,0,1,2025,1.第1天
2412,2025-03-10,-0.6,0,1,2025,1.第1天
2412,2025-05-26,-1.35,0,1,2025,1.第1天
6412,2025-07-07,-8.15,0,0,2025,0.非同買日
6196,2025-07-21,-4.34,0,1,2025,1.第1天
3227,2025-09-15,2.37,0,0,2025,0.非同買日
4958,2025-10-27,-1.47,0,1,2025,1.第1天
6257,2025-10-27,1.96,0,2,2025,2.第2天
1514,2026-01-19,15.55,0,2,2026,2.第2天
4958,2026-02-02,7.8,0,1,2026,1.第1天
2337,2026-03-02,-16.02,0,1,2026,1.第1天
6415,2026-04-27,-6.99,0,3,2026,3.第3天
6488,2026-05-11,-10.72,0,7,2026,5.第6天以上
5434,2026-06-29,-1.7,0,1,2026,1.第1天
6182,2021-08-23,6.6,0,1,2021,1.第1天
5347,2021-09-06,-4.82,0,0,2021,0.非同買日
6488,2021-09-13,-6.15,0,0,2021,0.非同買日
6182,2021-11-22,18.53,0,1,2021,1.第1天
6182,2021-11-29,-2.47,0,0,2021,0.非同買日
5483,2021-12-06,4.56,0,0,2021,0.非同買日
6206,2021-12-13,3.2,0,1,2021,1.第1天
5483,2021-12-27,-1.87,0,0,2021,0.非同買日
8081,2022-01-03,-3.97,0,0,2022,0.非同買日
6438,2022-01-10,5.86,0,1,2022,1.第1天
5388,2022-01-24,1.5,0,0,2022,0.非同買日
2492,2022-02-21,-7.54,0,1,2022,1.第1天
3227,2022-03-21,-0.24,0,2,2022,2.第2天
6285,2022-04-11,-0.74,0,0,2022,0.非同買日
3532,2022-05-16,1.54,0,0,2022,0.非同買日
5388,2022-05-23,0.65,0,1,2022,1.第1天
1560,2022-06-13,-6.9,0,0,2022,0.非同買日
5388,2022-06-27,-9.97,0,0,2022,0.非同買日
8050,2022-07-04,-1.72,0,0,2022,0.非同買日
2480,2022-07-25,3.54,0,3,2022,3.第3天
6412,2022-08-15,-3.98,0,2,2022,2.第2天
8050,2022-09-05,1.64,0,1,2022,1.第1天
5227,2022-10-17,-6.6,0,0,2022,0.非同買日
5347,2022-10-24,1.86,0,2,2022,2.第2天
1503,2022-11-21,1.66,0,1,2022,1.第1天
6510,2022-11-28,19.76,0,0,2022,0.非同買日
1513,2022-11-28,10.11,0,0,2022,0.非同買日
6257,2022-12-05,-3.72,0,1,2022,1.第1天
6412,2022-12-05,-0.33,0,3,2022,3.第3天
2385,2022-12-12,2.92,0,1,2022,1.第1天
2404,2023-01-30,2.56,0,1,2023,1.第1天
1513,2023-02-13,10.3,0,1,2023,1.第1天
2385,2023-02-20,-0.27,0,1,2023,1.第1天
8086,2023-03-27,6.84,0,2,2023,2.第2天
6182,2023-03-27,-3.24,0,1,2023,1.第1天
1560,2023-03-27,0.24,0,1,2023,1.第1天
2301,2023-04-17,-4.95,0,4,2023,4.第4-5天
2412,2023-04-24,-0.99,0,0,2023,0.非同買日
2385,2023-05-08,-0.2,0,3,2023,3.第3天
1513,2023-05-22,-3.57,0,1,2023,1.第1天
5434,2023-05-29,-1.1,0,2,2023,2.第2天
6412,2023-05-29,0.93,0,1,2023,1.第1天
6239,2023-06-26,0.82,0,3,2023,3.第3天
3680,2023-07-03,-8.3,0,7,2023,5.第6天以上
8081,2023-07-17,-0.35,0,2,2023,2.第2天
6239,2023-07-17,-1.04,0,2,2023,2.第2天
2404,2023-07-31,5.49,0,4,2023,4.第4-5天
8081,2023-08-14,-1.88,0,0,2023,0.非同買日
6285,2023-08-28,0.95,0,0,2023,0.非同買日
2404,2023-09-11,-5.29,0,4,2023,4.第4-5天
6257,2023-09-18,-1.95,0,1,2023,1.第1天
2404,2023-09-18,-1.67,0,4,2023,4.第4-5天
3680,2023-09-25,5.14,0,1,2023,1.第1天
3005,2023-10-02,-3.1,0,1,2023,1.第1天
2385,2023-10-16,0.21,0,0,2023,0.非同買日
2337,2023-10-23,-9.87,0,1,2023,1.第1天
3532,2023-10-30,3.25,0,2,2023,2.第2天
5483,2023-10-30,5.75,0,2,2023,2.第2天
3374,2023-11-06,-0.21,0,2,2023,2.第2天
6488,2023-11-06,-0.22,0,2,2023,2.第2天
6488,2023-11-13,0.16,0,1,2023,1.第1天
5483,2023-11-13,-0.88,0,2,2023,2.第2天
6510,2023-11-20,7.72,0,1,2023,1.第1天
6239,2023-11-27,5.81,0,1,2023,1.第1天
2404,2023-11-27,0.41,0,2,2023,2.第2天
2385,2023-12-04,2.74,0,2,2023,2.第2天
6488,2023-12-11,5.65,0,2,2023,2.第2天
6285,2023-12-18,-7.57,0,0,2023,0.非同買日
6214,2024-01-08,-1.89,0,0,2024,0.非同買日
3005,2024-01-15,1.74,0,1,2024,1.第1天
2404,2024-01-29,-0.95,0,1,2024,1.第1天
3005,2024-01-29,-4.3,0,1,2024,1.第1天
3680,2024-02-05,7.87,0,1,2024,1.第1天
6239,2024-02-05,1.76,0,3,2024,3.第3天
6719,2024-02-19,2.58,0,2,2024,2.第2天
8086,2024-03-04,2.73,0,2,2024,2.第2天
2385,2024-03-18,-8.65,0,0,2024,0.非同買日
6239,2024-03-18,-5.13,0,0,2024,0.非同買日
5434,2024-04-01,12.68,0,1,2024,1.第1天
3413,2024-04-08,-2.04,0,2,2024,2.第2天
8081,2024-04-29,2.33,0,1,2024,1.第1天
1560,2024-04-29,-5.68,0,1,2024,1.第1天
2385,2024-05-06,-6.53,0,1,2024,1.第1天
3413,2024-05-06,4.08,0,2,2024,2.第2天
8050,2024-05-20,1.98,0,6,2024,5.第6天以上
1560,2024-05-27,2.51,0,3,2024,3.第3天
4979,2024-05-27,-12.27,0,0,2024,0.非同買日
8050,2024-06-03,-3.62,0,1,2024,1.第1天
6239,2024-07-08,0.91,0,2,2024,2.第2天
5347,2024-08-12,3.94,0,2,2024,2.第2天
5434,2024-08-19,-1.31,0,2,2024,2.第2天
2301,2024-08-26,-1.06,0,3,2024,3.第3天
2404,2024-08-26,-0.16,0,2,2024,2.第2天
6214,2024-08-26,0.23,0,1,2024,1.第1天
1513,2024-09-23,-2.02,0,2,2024,2.第2天
6202,2024-10-14,0.12,0,1,2024,1.第1天
8050,2024-10-28,-1.4,0,3,2024,3.第3天
1560,2024-11-25,-6.81,0,2,2024,2.第2天
5388,2025-02-17,3.92,0,1,2025,1.第1天
1560,2025-05-05,8.49,0,0,2025,0.非同買日
6257,2025-05-19,1.66,0,1,2025,1.第1天
6196,2025-06-16,3.09,0,1,2025,1.第1天
1560,2025-06-30,-0.13,0,0,2025,0.非同買日
2404,2025-07-07,7.75,0,0,2025,0.非同買日
1519,2025-07-14,2.82,0,1,2025,1.第1天
2301,2025-08-11,-5.2,0,1,2025,1.第1天
6510,2025-08-18,-1.47,0,0,2025,0.非同買日
6223,2025-09-01,9.06,0,0,2025,0.非同買日
6196,2025-09-01,-0.04,0,1,2025,1.第1天
3227,2025-09-08,5.46,0,2,2025,2.第2天
4755,2025-09-22,-4.44,0,2,2025,2.第2天
6223,2025-12-01,4.01,0,1,2025,1.第1天
6285,2025-12-08,-1.55,0,1,2025,1.第1天
4958,2025-12-08,-4.66,0,1,2025,1.第1天
3680,2025-12-29,20.34,0,1,2025,1.第1天
2492,2026-01-19,1.44,0,1,2026,1.第1天
4979,2026-02-02,5.31,0,1,2026,1.第1天
6223,2026-03-30,4.33,0,1,2026,1.第1天
6488,2026-04-27,-14.07,0,2,2026,2.第2天
6770,2026-05-25,27.93,0,2,2026,2.第2天
2458,2026-05-25,1.53,0,5,2026,4.第4-5天
1513,2026-06-01,0.58,0,1,2026,1.第1天
1560,2026-06-22,2.89,0,2,2026,2.第2天
6182,2026-06-22,-4.44,0,0,2026,0.非同買日
2458,2026-06-29,-1.15,0,2,2026,2.第2天
2412,2026-07-27,-1.66,0,2,2026,2.第2天
6412,2021-02-01,5.18,0,0,2021,0.非同買日
2337,2021-02-01,2.35,0,0,2021,0.非同買日
2480,2022-03-07,-0.16,0,0,2022,0.非同買日
6183,2022-07-04,-2.38,0,0,2022,0.非同買日
2480,2024-07-29,-4.37,0,0,2024,0.非同買日
2412,2024-07-22,0.64,0,0,2024,0.非同買日
6412,2022-12-26,3.05,0,0,2022,0.非同買日
2301,2023-02-13,-1.17,0,0,2023,0.非同買日
2412,2021-03-08,-0.15,0,0,2021,0.非同買日
3005,2021-03-22,1.41,0,0,2021,0.非同買日
6438,2021-04-12,-0.19,0,0,2021,0.非同買日
6239,2021-04-19,-0.6,0,1,2021,1.第1天
2458,2021-05-31,-3.19,0,1,2021,1.第1天
6285,2021-06-28,4.92,0,0,2021,0.非同買日
8086,2021-07-05,3.09,0,0,2021,0.非同買日
5483,2021-07-12,4.36,0,2,2021,2.第2天
1560,2021-07-12,1.55,0,1,2021,1.第1天
6269,2021-08-02,-2.85,0,0,2021,0.非同買日
5434,2021-11-01,0.83,0,1,2021,1.第1天
6257,2021-11-15,1.51,0,1,2021,1.第1天
5483,2021-11-22,4.0,0,1,2021,1.第1天
2301,2021-12-06,-0.28,0,1,2021,1.第1天
6488,2021-12-27,1.49,0,0,2021,0.非同買日
2385,2022-01-10,1.23,0,1,2022,1.第1天
4958,2022-03-14,0.13,0,1,2022,1.第1天
6257,2022-03-28,-1.91,0,2,2022,2.第2天
2385,2022-06-06,0.79,0,0,2022,0.非同買日
6412,2022-06-27,-3.31,0,1,2022,1.第1天
2412,2022-06-27,0.95,0,0,2022,0.非同買日
6257,2022-08-29,-0.21,0,3,2022,3.第3天
5483,2024-03-11,2.49,0,0,2024,0.非同買日
3005,2021-06-28,-3.12,0,1,2021,1.第1天
5347,2021-08-23,6.94,0,0,2021,0.非同買日
6510,2021-09-13,11.14,0,0,2021,0.非同買日
6510,2021-09-27,-6.9,0,0,2021,0.非同買日
5434,2021-11-15,2.13,0,3,2021,3.第3天
6223,2022-01-03,-1.45,0,1,2022,1.第1天
6438,2022-01-17,-4.64,0,0,2022,0.非同買日
3532,2022-01-24,-9.83,0,1,2022,1.第1天
6438,2022-02-07,-3.9,0,2,2022,2.第2天
1513,2022-03-21,0.5,0,1,2022,1.第1天
8114,2022-04-11,7.05,0,0,2022,0.非同買日
1513,2022-04-18,-2.76,0,0,2022,0.非同買日
2301,2022-04-25,-4.55,0,0,2022,0.非同買日
2404,2022-05-23,-0.32,0,0,2022,0.非同買日
6214,2022-07-25,-0.19,0,2,2022,2.第2天
2404,2022-08-08,7.3,0,1,2022,1.第1天
5347,2022-09-12,-3.91,0,2,2022,2.第2天
3374,2022-10-31,-3.09,0,1,2022,1.第1天
6510,2022-11-14,0.23,0,2,2022,2.第2天
6223,2022-11-21,2.64,0,0,2022,0.非同買日
6510,2022-12-05,-6.35,0,0,2022,0.非同買日
2337,2022-12-12,1.13,0,1,2022,1.第1天
1514,2023-01-16,2.64,0,1,2023,1.第1天
2492,2023-01-30,11.87,0,1,2023,1.第1天
2385,2023-02-06,0.52,0,3,2023,3.第3天
6285,2023-02-13,-0.48,0,1,2023,1.第1天
2412,2023-02-20,-0.6,0,1,2023,1.第1天
6770,2023-03-06,-2.02,0,2,2023,2.第2天
6257,2023-03-20,-1.13,0,8,2023,5.第6天以上
1519,2023-04-10,20.65,0,0,2023,0.非同買日
1503,2023-04-17,4.01,0,0,2023,0.非同買日
6239,2023-05-08,-0.81,0,3,2023,3.第3天
5347,2023-05-15,-1.15,0,0,2023,0.非同買日
6269,2023-05-29,0.16,0,1,2023,1.第1天
6412,2023-06-05,-2.68,0,1,2023,1.第1天
2404,2023-07-10,-3.03,0,1,2023,1.第1天
6182,2023-07-17,-4.93,0,2,2023,2.第2天
8081,2023-07-31,7.22,0,1,2023,1.第1天
8050,2023-07-31,4.63,0,2,2023,2.第2天
2385,2023-08-07,-6.53,0,1,2023,1.第1天
6257,2023-08-28,2.06,0,0,2023,0.非同買日
6510,2023-09-04,3.27,0,3,2023,3.第3天
6719,2023-10-30,2.02,0,1,2023,1.第1天
5434,2023-10-30,4.37,0,1,2023,1.第1天
1560,2023-11-06,0.79,0,4,2023,4.第4-5天
6412,2023-11-20,1.15,0,0,2023,0.非同買日
2385,2023-11-27,3.5,0,0,2023,0.非同買日
2404,2023-12-04,1.4,0,2,2023,2.第2天
6206,2023-12-11,0.12,0,1,2023,1.第1天
3532,2023-12-18,4.63,0,0,2023,0.非同買日
1519,2024-01-08,8.95,0,1,2024,1.第1天
6223,2024-01-15,2.03,0,0,2024,0.非同買日
1514,2024-01-22,-3.18,0,1,2024,1.第1天
2404,2024-02-05,3.66,0,1,2024,1.第1天
6719,2024-03-04,-10.63,0,11,2024,5.第6天以上
5434,2024-03-11,-0.83,0,1,2024,1.第1天
3413,2024-03-25,1.57,0,1,2024,1.第1天
6223,2024-04-01,0.33,0,2,2024,2.第2天
6269,2024-04-29,1.71,0,1,2024,1.第1天
2337,2024-05-13,1.79,0,1,2024,1.第1天
6182,2024-05-20,-1.84,0,2,2024,2.第2天
1560,2024-05-20,8.15,0,2,2024,2.第2天
2301,2024-05-27,-11.28,0,1,2024,1.第1天
2355,2024-06-24,0.02,0,1,2024,1.第1天
5347,2024-07-01,-8.3,0,0,2024,0.非同買日
5483,2024-07-08,3.17,0,3,2024,3.第3天
2301,2024-08-12,5.14,0,1,2024,1.第1天
6533,2024-08-19,-0.33,0,1,2024,1.第1天
5388,2024-08-26,1.65,0,2,2024,2.第2天
8050,2024-09-16,2.82,0,1,2024,1.第1天
3532,2024-09-30,-1.32,0,0,2024,0.非同買日
3680,2024-10-07,-1.26,0,1,2024,1.第1天
5434,2024-10-21,5.03,0,2,2024,2.第2天
2301,2024-11-11,-7.44,0,2,2024,2.第2天
6285,2024-12-23,-1.33,0,0,2024,0.非同買日
3227,2025-01-20,0.63,0,1,2025,1.第1天
6285,2025-01-20,-0.94,0,1,2025,1.第1天
6533,2025-02-10,1.44,0,1,2025,1.第1天
4958,2025-02-17,-0.18,0,1,2025,1.第1天
5347,2025-02-24,-2.65,0,1,2025,1.第1天
6488,2025-03-10,-2.85,0,0,2025,0.非同買日
1513,2025-05-05,-0.96,0,0,2025,0.非同買日
1503,2025-05-19,-3.94,0,0,2025,0.非同買日
6223,2025-05-26,0.86,0,0,2025,0.非同買日
4991,2025-06-16,2.1,0,1,2025,1.第1天
6223,2025-06-16,-0.26,0,0,2025,0.非同買日
5347,2025-06-30,-2.8,0,0,2025,0.非同買日
5434,2025-07-14,2.42,0,3,2025,3.第3天
2301,2025-07-28,-4.99,0,2,2025,2.第2天
6223,2025-08-11,9.77,0,3,2025,3.第3天
6488,2025-08-25,-1.68,0,1,2025,1.第1天
6285,2025-08-25,-1.41,0,1,2025,1.第1天
6510,2025-09-01,-3.86,0,0,2025,0.非同買日
3532,2025-09-22,-10.34,0,1,2025,1.第1天
6770,2025-10-20,3.34,0,0,2025,0.非同買日
4979,2025-12-08,2.83,0,1,2025,1.第1天
1519,2025-12-22,-1.61,0,2,2025,2.第2天
6488,2026-01-05,8.31,0,1,2026,1.第1天
6770,2026-01-12,23.75,0,3,2026,3.第3天
3374,2026-01-19,-0.88,0,1,2026,1.第1天
4958,2026-04-27,19.92,0,0,2026,0.非同買日
2337,2026-06-01,-14.84,0,2,2026,2.第2天
6196,2026-06-15,-2.51,0,0,2026,0.非同買日
4958,2026-06-15,4.79,0,0,2026,0.非同買日
2337,2026-06-22,-13.46,0,1,2026,1.第1天
8081,2026-06-22,-11.95,0,0,2026,0.非同買日
2385,2026-07-27,-4.82,0,2,2026,2.第2天
6202,2021-02-01,17.66,0,0,2021,0.非同買日
6412,2022-03-07,1.43,0,0,2022,0.非同買日
6183,2024-07-22,-1.13,0,0,2024,0.非同買日
1609,2021-05-10,-19.36,0,0,2021,0.非同買日
3005,2021-03-08,4.32,0,0,2021,0.非同買日
2412,2022-06-20,-0.2,0,3,2022,3.第3天
5347,2021-05-10,-11.88,0,3,2021,3.第3天
6415,2021-05-17,3.91,0,1,2021,1.第1天
6770,2022-10-03,-3.19,0,4,2022,4.第4-5天
2412,2021-02-01,-0.6,0,1,2021,1.第1天
2492,2021-02-01,2.87,0,1,2021,1.第1天
2385,2021-10-04,-1.37,0,1,2021,1.第1天
3005,2022-03-07,-0.42,0,0,2022,0.非同買日
2412,2022-09-05,-1.82,0,1,2022,1.第1天
2404,2021-09-13,-4.62,0,1,2021,1.第1天
5347,2022-10-03,-6.86,0,2,2022,2.第2天
2492,2024-04-22,6.87,0,1,2024,1.第1天
2404,2024-07-29,-8.19,0,4,2024,4.第4-5天
2337,2025-04-14,-0.6,0,2,2025,2.第2天
1519,2025-12-01,0.53,0,1,2025,1.第1天
6206,2025-04-14,-7.2,0,1,2025,1.第1天
6182,2021-06-21,-1.27,0,1,2021,1.第1天
6202,2021-07-19,-8.3,0,0,2021,0.非同買日
8081,2021-07-19,1.46,0,2,2021,2.第2天
3227,2021-07-26,-12.36,0,1,2021,1.第1天
2301,2024-04-22,7.82,0,1,2024,1.第1天
4958,2024-04-22,7.32,0,0,2024,0.非同買日
1513,2024-07-15,-11.57,0,5,2024,4.第4-5天
6223,2024-07-15,-16.88,0,1,2024,1.第1天
3227,2024-09-02,14.36,0,1,2024,1.第1天
5434,2024-09-02,-4.89,0,1,2024,1.第1天
6257,2024-09-02,-4.71,0,1,2024,1.第1天
6202,2024-11-18,-3.99,0,2,2024,2.第2天
6412,2025-01-13,-6.4,0,0,2025,0.非同買日
6206,2025-01-13,2.69,0,0,2025,0.非同買日
3005,2025-01-13,5.12,0,0,2025,0.非同買日
4979,2025-02-03,-4.67,0,4,2025,4.第4-5天
3005,2025-02-03,3.98,0,2,2025,2.第2天
6257,2025-03-03,-3.48,0,2,2025,2.第2天
6415,2025-03-17,-3.54,0,2,2025,2.第2天
6510,2025-11-24,17.09,0,2,2025,2.第2天
6223,2025-11-24,16.61,0,2,2025,2.第2天
1519,2025-12-15,-6.18,0,2,2025,2.第2天
2458,2026-03-09,3.97,0,1,2026,1.第1天
6223,2026-03-16,0.24,0,1,2026,1.第1天
4958,2026-06-08,-2.54,0,1,2026,1.第1天
6510,2026-06-08,-9.38,0,1,2026,1.第1天
6257,2026-07-06,-16.78,0,2,2026,2.第2天
5483,2026-07-13,19.37,0,1,2026,1.第1天
6182,2026-07-13,-12.93,0,2,2026,2.第2天
4958,2026-07-13,-11.06,0,2,2026,2.第2天
5227,2026-07-20,20.08,0,0,2026,0.非同買日
3653,2026-08-03,14.43,0,1,2026,1.第1天
6223,2025-06-23,15.8,0,5,2025,4.第4-5天
3227,2021-01-18,-1.1,0,1,2021,1.第1天
3374,2021-01-18,-4.28,0,2,2021,2.第2天
6438,2021-02-01,-0.36,0,0,2021,0.非同買日
6488,2021-05-17,1.29,0,2,2021,2.第2天
5483,2021-07-19,-1.98,0,0,2021,0.非同買日
5483,2021-07-26,-10.11,0,1,2021,1.第1天
4958,2021-07-26,1.31,0,3,2021,3.第3天
2337,2021-07-26,-4.87,0,3,2021,3.第3天
2412,2022-02-07,-0.6,0,4,2022,4.第4-5天
6202,2022-02-14,1.75,0,2,2022,2.第2天
2412,2022-02-14,0.23,0,1,2022,1.第1天
2412,2022-03-14,1.83,0,5,2022,4.第4-5天
3005,2022-06-27,-3.6,0,2,2022,2.第2天
8050,2022-08-29,3.78,0,0,2022,0.非同買日
2385,2022-10-31,-1.59,0,1,2022,1.第1天
5434,2024-02-19,-2.37,0,3,2024,3.第3天
6182,2024-04-15,-1.47,0,1,2024,1.第1天
4958,2024-06-17,8.4,0,1,2024,1.第1天
6488,2024-07-15,-2.63,0,4,2024,4.第4-5天
5388,2024-09-02,-5.0,0,2,2024,2.第2天
2458,2024-09-09,-0.25,0,1,2024,1.第1天
5483,2024-09-30,-4.53,0,0,2024,0.非同買日
2480,2024-10-07,-1.38,0,2,2024,2.第2天
8114,2024-11-18,0.69,0,0,2024,0.非同買日
2404,2024-11-18,4.45,0,0,2024,0.非同買日
2412,2025-02-03,-0.2,0,2,2025,2.第2天
5347,2025-03-24,0.54,0,1,2025,1.第1天
2412,2025-11-10,-1.35,0,2,2025,2.第2天
1560,2025-11-24,3.46,0,1,2025,1.第1天
2337,2025-12-15,-1.38,0,2,2025,2.第2天
6510,2026-02-02,15.75,0,0,2026,0.非同買日
2404,2026-03-02,-7.53,0,3,2026,3.第3天
6223,2026-03-23,0.34,0,0,2026,0.非同買日
4991,2026-03-23,12.83,0,0,2026,0.非同買日
2385,2026-03-30,-2.23,0,1,2026,1.第1天
6488,2026-04-13,2.69,0,4,2026,4.第4-5天
6223,2026-05-18,-7.97,0,0,2026,0.非同買日
6415,2026-05-18,-1.95,0,0,2026,0.非同買日
1560,2026-06-29,2.77,0,1,2026,1.第1天
3227,2026-06-29,-1.88,0,1,2026,1.第1天
8081,2026-07-06,-9.34,0,3,2026,3.第3天
3227,2026-07-06,-3.76,0,1,2026,1.第1天
1513,2026-07-06,-4.5,0,2,2026,2.第2天
3231,2026-08-03,3.14,0,2,2026,2.第2天
3017,2026-08-03,6.42,0,1,2026,1.第1天
2454,2026-08-03,1.69,0,1,2026,1.第1天
2317,2026-08-03,1.56,0,2,2026,2.第2天
3037,2026-08-03,11.35,0,1,2026,1.第1天
6412,2021-10-04,-3.1,0,0,2021,0.非同買日
6415,2021-12-20,7.99,0,0,2021,0.非同買日
5434,2022-02-07,-0.3,0,5,2022,4.第4-5天
6719,2022-02-21,-3.3,0,1,2022,1.第1天
2458,2022-03-28,-2.62,0,6,2022,5.第6天以上
2301,2022-04-18,-4.66,0,0,2022,0.非同買日
6239,2022-05-16,2.38,0,1,2022,1.第1天
6239,2022-06-27,-8.42,0,1,2022,1.第1天
2412,2022-08-29,-2.21,0,0,2022,0.非同買日
6415,2022-10-03,-1.65,0,3,2022,3.第3天
2492,2022-10-17,-0.73,0,2,2022,2.第2天
1503,2022-12-19,-2.73,0,1,2022,1.第1天
4979,2023-07-10,25.49,0,0,2023,0.非同買日
6285,2023-08-14,4.46,0,0,2023,0.非同買日
6285,2023-09-11,2.9,0,0,2023,0.非同買日
8081,2023-09-11,11.83,0,0,2023,0.非同買日
1560,2023-10-23,-1.5,0,0,2023,0.非同買日
2458,2023-10-23,2.55,0,0,2023,0.非同買日
6488,2024-01-08,2.29,0,1,2024,1.第1天
6214,2024-02-19,-1.88,0,2,2024,2.第2天
3532,2024-04-08,-0.31,0,3,2024,3.第3天
6223,2024-04-15,-6.2,0,0,2024,0.非同買日
1519,2024-05-27,-6.0,0,1,2024,1.第1天
2337,2024-06-17,2.0,0,1,2024,1.第1天
6239,2024-07-15,-7.27,0,2,2024,2.第2天
6257,2024-07-15,-3.67,0,1,2024,1.第1天
6415,2024-07-29,-13.4,0,0,2024,0.非同買日
6214,2024-09-02,-3.88,0,2,2024,2.第2天
5347,2024-09-02,-9.74,0,5,2024,4.第4-5天
8050,2024-09-09,2.8,0,1,2024,1.第1天
3413,2024-09-23,-3.31,0,1,2024,1.第1天
1560,2024-09-23,-6.76,0,1,2024,1.第1天
3532,2024-10-07,-3.88,0,1,2024,1.第1天
4979,2024-10-14,-8.78,0,1,2024,1.第1天
2412,2024-10-28,-0.6,0,1,2024,1.第1天
5483,2024-11-18,-3.05,0,0,2024,0.非同買日
6415,2024-12-23,-2.17,0,1,2024,1.第1天
6269,2024-12-23,1.42,0,2,2024,2.第2天
6223,2024-12-30,-5.24,0,0,2024,0.非同買日
5388,2025-02-24,-2.4,0,0,2025,0.非同買日
8114,2025-02-24,-15.01,0,1,2025,1.第1天
2480,2025-03-03,-3.95,0,1,2025,1.第1天
3374,2025-03-10,-5.86,0,2,2025,2.第2天
5347,2025-03-10,-6.32,0,1,2025,1.第1天
4979,2025-03-24,-10.69,0,1,2025,1.第1天
6239,2025-03-24,-8.48,0,0,2025,0.非同買日
6214,2025-04-14,1.18,0,1,2025,1.第1天
2385,2025-04-21,3.4,0,0,2025,0.非同買日
6412,2025-05-19,-0.2,0,1,2025,1.第1天
3413,2025-06-02,4.06,0,1,2025,1.第1天
4991,2025-06-23,6.22,0,1,2025,1.第1天
6770,2025-07-14,3.39,0,2,2025,2.第2天
2404,2025-07-14,9.4,0,0,2025,0.非同買日
2436,2025-07-21,-3.25,0,1,2025,1.第1天
5483,2025-08-18,2.81,0,2,2025,2.第2天
2337,2025-11-10,1.63,0,0,2025,0.非同買日
6770,2025-11-17,-8.83,0,0,2025,0.非同買日
5434,2025-11-24,1.1,0,1,2025,1.第1天
6510,2025-12-15,-5.91,0,0,2025,0.非同買日
1560,2025-12-15,-3.5,0,1,2025,1.第1天
5388,2026-04-13,-1.78,0,1,2026,1.第1天
6488,2026-05-04,18.27,0,2,2026,2.第2天
5483,2026-05-11,-14.58,0,1,2026,1.第1天
6257,2026-05-18,5.32,0,0,2026,0.非同買日
6182,2026-07-06,20.75,0,0,2026,0.非同買日
4979,2026-07-27,-14.78,0,0,2026,0.非同買日
3443,2026-08-03,7.95,0,1,2026,1.第1天
2421,2026-08-03,10.33,0,2,2026,2.第2天
6183,2024-04-22,-0.33,0,0,2024,0.非同買日
3005,2021-04-12,-3.31,0,1,2021,1.第1天
2412,2022-03-28,-1.37,0,2,2022,2.第2天
6285,2022-04-18,2.73,0,0,2022,0.非同買日
2337,2024-04-08,-0.42,0,1,2024,1.第1天
2412,2024-09-23,-0.6,0,7,2024,5.第6天以上
5388,2025-03-03,-1.7,0,0,2025,0.非同買日
2412,2026-03-02,-2.4,0,2,2026,2.第2天
6438,2026-03-23,4.96,0,0,2026,0.非同買日
2492,2026-05-11,15.92,0,1,2026,1.第1天
6182,2021-07-26,-4.09,0,1,2021,1.第1天
6202,2021-11-01,-2.47,0,1,2021,1.第1天
1513,2021-11-08,3.89,0,1,2021,1.第1天
6269,2021-12-20,-0.12,0,0,2021,0.非同買日
2458,2022-01-17,-0.6,0,1,2022,1.第1天
3532,2022-02-14,-5.88,0,0,2022,0.非同買日
3227,2022-03-14,0.49,0,1,2022,1.第1天
2337,2022-05-16,1.86,0,2,2022,2.第2天
4958,2022-05-16,3.19,0,2,2022,2.第2天
6719,2022-06-27,-22.24,0,1,2022,1.第1天
5347,2022-10-17,1.12,0,1,2022,1.第1天
4958,2022-10-24,-1.06,0,1,2022,1.第1天
2337,2022-12-19,-3.42,0,0,2022,0.非同買日
5347,2022-12-19,-5.53,0,0,2022,0.非同買日
6257,2022-12-26,-1.0,0,1,2022,1.第1天
3680,2023-04-24,-0.31,0,1,2023,1.第1天
4958,2023-06-26,-3.79,0,0,2023,0.非同買日
6285,2023-07-10,8.13,0,0,2023,0.非同買日
2301,2023-07-24,0.4,0,0,2023,0.非同買日
2385,2023-08-14,1.86,0,0,2023,0.非同買日
5388,2023-09-11,1.37,0,0,2023,0.非同買日
2492,2023-10-23,-3.4,0,1,2023,1.第1天
4979,2024-01-08,6.45,0,1,2024,1.第1天
6269,2024-01-15,-4.1,0,1,2024,1.第1天
1503,2024-02-19,15.13,0,0,2024,0.非同買日
1513,2024-04-15,-9.41,0,0,2024,0.非同買日
3413,2024-06-03,1.54,0,2,2024,2.第2天
3374,2024-06-17,-0.34,0,0,2024,0.非同買日
2412,2024-07-01,-3.22,0,5,2024,4.第4-5天
2301,2024-09-02,-6.64,0,3,2024,3.第3天
3413,2024-09-09,0.36,0,0,2024,0.非同買日
6214,2024-10-07,1.37,0,1,2024,1.第1天
6257,2024-10-14,-3.11,0,3,2024,3.第3天
6438,2024-11-11,-5.24,0,1,2024,1.第1天
6269,2024-11-25,-4.07,0,1,2024,1.第1天
4979,2024-12-02,4.27,0,1,2024,1.第1天
5388,2024-12-23,-1.41,0,0,2024,0.非同買日
2412,2025-01-06,-1.0,0,1,2025,1.第1天
6285,2025-02-03,-0.25,0,1,2025,1.第1天
3413,2025-02-10,1.93,0,0,2025,0.非同買日
2480,2025-02-24,1.27,0,1,2025,1.第1天
2412,2025-03-03,-0.98,0,0,2025,0.非同買日
8114,2025-03-10,-8.39,0,0,2025,0.非同買日
6239,2025-03-17,0.54,0,1,2025,1.第1天
2337,2025-03-17,-6.45,0,0,2025,0.非同買日
2492,2025-04-14,-1.64,0,2,2025,2.第2天
1560,2025-05-19,-1.3,0,0,2025,0.非同買日
6206,2025-07-14,2.44,0,0,2025,0.非同買日
1514,2025-09-22,-1.56,0,1,2025,1.第1天
1519,2025-11-10,-4.73,0,1,2025,1.第1天
4979,2025-11-17,-3.27,0,1,2025,1.第1天
6206,2025-12-08,-6.14,0,1,2025,1.第1天
2404,2025-12-15,0.15,0,0,2025,0.非同買日
6223,2025-12-15,-5.42,0,0,2025,0.非同買日
1519,2026-01-12,17.41,0,2,2026,2.第2天
2492,2026-02-23,14.44,0,1,2026,1.第1天
2404,2026-03-09,-10.45,0,0,2026,0.非同買日
3005,2026-03-09,8.18,0,0,2026,0.非同買日
6257,2026-03-30,4.1,0,0,2026,0.非同買日
6488,2026-07-06,10.57,0,1,2026,1.第1天
3005,2026-07-13,-4.92,0,0,2026,0.非同買日
2324,2026-08-03,-0.05,0,2,2026,2.第2天
3711,2026-08-03,-4.67,0,1,2026,1.第1天
4991,2022-04-11,-1.21,0,0,2022,0.非同買日
6770,2022-05-09,5.29,0,0,2022,0.非同買日
5434,2022-06-13,-3.98,0,0,2022,0.非同買日
6214,2022-07-04,0.1,0,0,2022,0.非同買日
8050,2022-04-11,-0.9,0,0,2022,0.非同買日
5227,2021-08-09,-20.95,0,0,2021,0.非同買日
6257,2021-08-09,-7.5,0,0,2021,0.非同買日
