period,plan,positions,hold_days,mode,total_return,mdd,cagr,win_rate,profit_factor,total_trades,sharpe,macro_veto_weeks,return_2021,return_2022,return_2023,return_2024,return_2025,return_2026
全期間,A,3,5,on,235.95,54.01,23.56,46.1,1.45,590,0.83,25,-3.9,-29.88,77.78,28.88,46.72,48.3
全期間,A,3,5,off,100.36,54.77,12.9,46.43,1.17,784,0.56,0,-10.18,-25.64,81.96,2.93,23.57,29.63
全期間,A,3,5,fixed,73.3,54.05,10.08,45.27,1.13,698,0.47,15,-10.37,-24.48,69.65,1.48,23.35,20.55
全期間,A,3,5,fixed_veto_only,66.92,54.86,9.36,45.27,1.12,740,0.45,15,-10.35,-25.62,81.98,-4.82,20.91,19.52
全期間,A,3,10,on,249.65,47.47,24.43,51.09,1.69,366,0.93,25,-24.66,-15.76,92.78,64.55,38.21,25.65
全期間,A,3,10,off,338.47,45.84,29.44,51.68,1.79,447,1.09,0,-21.55,-15.95,101.72,54.29,28.02,66.89
全期間,A,3,10,fixed,222.99,43.81,22.72,50.24,1.53,410,0.91,15,-14.96,-20.02,107.15,29.95,39.89,26.11
全期間,A,3,10,fixed_veto_only,238.44,44.58,23.72,50.34,1.57,435,0.94,15,-19.7,-16.28,100.88,31.82,30.75,45.4
全期間,A,3,15,on,286.59,52.69,26.63,47.37,1.84,285,0.94,25,-9.99,-39.13,66.7,101.3,49.14,41.0
全期間,A,3,15,off,248.18,35.05,24.34,50.68,1.53,369,0.88,0,-9.68,-7.05,44.86,63.75,27.04,37.64
全期間,A,3,15,fixed,275.5,50.4,25.99,49.05,1.79,316,0.94,15,-17.31,-30.33,62.2,82.57,70.66,28.96
全期間,A,3,15,fixed_veto_only,136.63,54.8,16.23,48.94,1.35,331,0.63,15,-30.46,-24.67,56.44,50.16,53.44,25.33
全期間,A,3,20,on,314.83,51.18,28.2,47.74,1.85,287,0.93,25,0.79,-44.39,71.83,75.49,58.56,54.8
全期間,A,3,20,off,354.04,30.3,30.23,50.41,1.68,369,1.04,0,0.13,-11.28,60.23,57.47,45.3,39.42
全期間,A,3,20,fixed,369.04,46.86,30.98,46.91,1.99,324,1.05,15,-10.71,-33.6,78.72,80.19,87.23,31.2
全期間,A,3,20,fixed_veto_only,229.05,42.32,23.11,47.28,1.49,349,0.81,15,-16.85,-22.15,64.74,45.21,61.88,31.27
全期間,A,3,30,on,424.42,37.13,33.55,47.62,1.99,273,1.14,25,24.77,-20.02,81.0,26.57,63.94,39.93
全期間,A,3,30,off,523.54,29.28,37.65,50.0,2.03,320,1.32,0,28.51,-10.53,59.06,46.49,48.59,56.63
全期間,A,3,30,fixed,494.76,29.7,36.52,48.12,2.2,293,1.31,15,19.6,-8.89,78.42,42.28,65.22,30.14
全期間,A,3,30,fixed_veto_only,494.57,29.7,36.51,47.65,2.02,319,1.3,15,19.6,-11.25,62.79,42.91,65.49,45.5
全期間,A,3,45,on,404.96,37.39,32.67,46.69,1.99,257,1.1,25,1.93,-18.99,105.51,17.09,84.03,38.1
全期間,A,3,45,off,575.79,35.4,39.6,50.51,2.23,295,1.34,0,11.14,-18.22,129.4,28.04,72.54,46.72
全期間,A,3,45,fixed,432.67,43.06,33.92,48.34,2.07,271,1.16,15,6.2,-27.54,124.49,34.1,74.2,32.02
全期間,A,3,45,fixed_veto_only,462.55,38.14,35.2,48.47,1.98,295,1.22,15,6.2,-17.92,130.82,30.12,42.45,50.86
全期間,A,3,60,on,398.59,46.37,32.38,46.25,2.02,253,1.1,25,-2.58,-25.35,97.7,34.56,85.7,38.78
全期間,A,3,60,off,568.99,39.99,39.35,49.32,2.24,294,1.32,0,-0.7,-14.72,100.46,52.17,75.68,47.42
全期間,A,3,60,fixed,400.45,47.52,32.47,47.01,1.98,268,1.1,15,-4.83,-25.25,112.34,32.89,84.94,34.79
全期間,A,3,60,fixed_veto_only,382.21,42.82,31.61,46.9,1.83,290,1.09,15,-4.83,-14.86,100.59,23.18,46.12,64.83
全期間,A,3,90,on,398.59,46.37,32.38,46.25,2.02,253,1.1,25,-2.58,-25.35,97.7,34.56,85.7,38.78
全期間,A,3,90,off,502.63,39.99,36.83,49.14,2.09,291,1.24,0,-0.7,-14.72,100.54,32.11,72.68,55.55
全期間,A,3,90,fixed,406.71,47.52,32.75,47.37,2.03,266,1.12,15,-4.83,-25.25,109.85,39.81,80.87,34.22
全期間,A,3,90,fixed_veto_only,401.26,42.82,32.5,47.4,1.87,289,1.12,15,-4.83,-14.86,99.84,32.35,45.4,60.86
全期間,A,3,120,on,398.59,46.37,32.38,46.25,2.02,253,1.1,25,-2.58,-25.35,97.7,34.56,85.7,38.78
全期間,A,3,120,off,502.63,39.99,36.83,49.14,2.09,291,1.24,0,-0.7,-14.72,100.54,32.11,72.68,55.55
全期間,A,3,120,fixed,406.71,47.52,32.75,47.37,2.03,266,1.12,15,-4.83,-25.25,109.85,39.81,80.87,34.22
全期間,A,3,120,fixed_veto_only,401.26,42.82,32.5,47.4,1.87,289,1.12,15,-4.83,-14.86,99.84,32.35,45.4,60.86
全期間,A,5,5,on,124.39,50.17,15.15,47.2,1.25,983,0.69,25,-3.33,-30.53,70.02,32.99,18.74,24.46
全期間,A,5,5,off,81.99,52.57,11.02,46.66,1.15,1271,0.55,0,-3.69,-33.84,95.75,15.35,2.21,23.74
全期間,A,5,5,fixed,77.16,49.64,10.5,46.35,1.14,1124,0.53,15,-1.96,-31.38,85.73,11.9,6.78,18.66
全期間,A,5,5,fixed_veto_only,64.23,53.31,9.05,45.92,1.12,1200,0.48,15,-5.63,-33.45,97.06,13.8,3.78,12.36
全期間,A,5,10,on,172.23,41.76,19.11,49.75,1.44,591,0.85,25,-12.68,-21.56,50.02,51.19,37.02,27.9
全期間,A,5,10,off,215.36,41.11,22.21,50.0,1.47,714,0.94,0,-13.84,-19.35,58.26,45.31,20.2,64.18
全期間,A,5,10,fixed,203.67,39.77,21.4,50.39,1.5,643,0.96,15,-12.23,-19.24,63.57,32.8,37.1,43.86
全期間,A,5,10,fixed_veto_only,151.37,40.95,17.46,48.77,1.36,693,0.78,15,-13.51,-19.45,58.1,26.58,22.87,46.75
全期間,A,5,15,on,298.31,29.65,27.29,47.76,1.65,492,1.15,25,4.4,-11.86,92.25,35.96,39.7,18.55
全期間,A,5,15,off,265.79,26.46,25.41,48.81,1.48,586,1.06,0,4.79,0.09,78.53,27.18,12.72,36.27
全期間,A,5,15,fixed,277.58,26.93,26.11,47.46,1.61,531,1.12,15,2.53,-3.17,75.53,38.34,38.18,13.35
全期間,A,5,15,fixed_veto_only,155.44,34.51,17.79,45.42,1.29,568,0.78,15,1.17,-3.22,76.98,16.98,18.74,6.12
全期間,A,5,20,on,358.13,34.03,30.44,47.36,1.72,492,1.18,25,3.6,-19.85,104.16,47.21,51.15,21.46
全期間,A,5,20,off,325.23,31.31,28.75,48.71,1.55,583,1.11,0,5.84,-14.7,95.49,37.03,22.64,43.36
全期間,A,5,20,fixed,327.76,33.41,28.89,46.59,1.7,528,1.15,15,-0.71,-15.66,90.03,46.74,51.32,21.06
全期間,A,5,20,fixed_veto_only,190.32,35.99,20.45,45.76,1.34,566,0.82,15,-0.03,-19.47,90.84,21.4,30.7,19.09
全期間,A,5,30,on,418.48,34.57,33.29,47.0,1.83,434,1.24,25,30.76,-15.37,57.46,37.7,76.76,22.24
全期間,A,5,30,off,417.47,26.49,33.24,47.86,1.68,514,1.26,0,33.03,-9.48,88.11,18.3,30.99,47.42
全期間,A,5,30,fixed,477.01,24.82,35.8,47.1,1.96,465,1.38,15,24.3,-7.4,88.62,25.55,57.65,34.28
全期間,A,5,30,fixed_veto_only,279.02,32.41,26.19,45.24,1.51,504,1.03,15,22.28,-9.19,61.16,10.13,36.9,40.49
全期間,A,5,45,on,466.68,32.66,35.37,46.57,1.99,408,1.3,25,15.09,-17.53,96.49,50.66,66.83,20.88
全期間,A,5,45,off,409.09,33.81,32.86,47.56,1.74,471,1.23,0,10.32,-17.49,91.64,47.81,41.36,39.68
全期間,A,5,45,fixed,371.28,32.77,31.08,46.15,1.74,429,1.2,15,9.93,-16.48,111.68,20.49,41.56,42.16
全期間,A,5,45,fixed_veto_only,359.32,33.84,30.5,45.77,1.69,461,1.16,15,9.05,-19.74,92.23,38.03,49.72,32.11
全期間,A,5,60,on,411.06,31.83,32.95,46.57,1.85,408,1.23,25,17.94,-17.02,83.2,42.13,62.13,23.7
全期間,A,5,60,off,463.21,31.16,35.23,47.13,1.83,471,1.32,0,13.25,-16.46,121.35,37.23,45.66,34.55
全期間,A,5,60,fixed,374.64,31.79,31.25,45.29,1.76,435,1.22,15,13.4,-17.13,105.92,18.41,46.14,41.74
全期間,A,5,60,fixed_veto_only,363.42,31.23,30.7,45.65,1.68,460,1.18,15,12.49,-16.46,120.43,15.8,46.63,31.74
全期間,A,5,90,on,412.93,30.29,33.04,46.42,1.85,405,1.24,25,20.94,-14.47,77.05,40.06,61.81,23.59
全期間,A,5,90,off,417.75,30.93,33.25,47.22,1.74,468,1.24,0,15.16,-16.41,124.12,21.68,42.13,38.76
全期間,A,5,90,fixed,371.93,31.84,31.12,45.39,1.74,434,1.21,15,16.16,-17.45,107.3,14.56,45.87,42.08
全期間,A,5,90,fixed_veto_only,370.3,30.94,31.04,45.77,1.69,461,1.19,15,15.07,-16.41,124.0,13.88,46.18,31.13
全期間,A,5,120,on,412.93,30.29,33.04,46.42,1.85,405,1.24,25,20.94,-14.47,77.05,40.06,61.81,23.59
全期間,A,5,120,off,417.75,30.93,33.25,47.22,1.74,468,1.24,0,15.16,-16.41,124.12,21.68,42.13,38.76
全期間,A,5,120,fixed,371.93,31.84,31.12,45.39,1.74,434,1.21,15,16.16,-17.45,107.3,14.56,45.87,42.08
全期間,A,5,120,fixed_veto_only,370.3,30.94,31.04,45.77,1.69,461,1.19,15,15.07,-16.41,124.0,13.88,46.18,31.13
全期間,A,8,5,on,60.03,49.03,8.56,46.89,1.13,1557,0.47,25,-10.13,-33.75,76.68,15.48,3.78,26.95
全期間,A,8,5,off,53.62,50.35,7.78,46.38,1.11,1949,0.44,0,-9.47,-36.35,83.21,11.19,1.0,29.57
全期間,A,8,5,fixed,25.24,50.16,4.01,45.93,1.06,1670,0.29,15,-9.94,-35.41,76.87,6.57,-4.69,19.85
全期間,A,8,5,fixed_veto_only,32.21,50.89,5.0,45.83,1.07,1846,0.33,15,-10.55,-36.32,84.25,10.55,-0.17,14.15
全期間,A,8,10,on,121.5,39.03,14.89,47.98,1.31,917,0.73,25,-7.42,-20.83,54.08,22.12,25.8,27.68
全期間,A,8,10,off,116.64,41.58,14.45,48.95,1.25,1099,0.69,0,-9.51,-21.76,63.54,14.85,10.22,47.83
全期間,A,8,10,fixed,120.7,39.48,14.82,47.23,1.3,976,0.72,15,-8.74,-19.72,63.36,5.4,16.83,49.77
全期間,A,8,10,fixed_veto_only,54.74,41.7,7.92,47.16,1.13,1056,0.45,15,-9.74,-21.73,63.41,4.56,5.13,21.95
全期間,A,8,15,on,289.76,31.69,26.81,48.64,1.63,773,1.18,25,2.44,-14.96,73.37,45.34,28.86,37.78
全期間,A,8,15,off,186.31,28.38,20.16,47.91,1.34,910,0.93,0,0.24,-9.19,64.84,32.83,14.35,25.62
全期間,A,8,15,fixed,201.7,30.08,21.26,47.92,1.44,795,0.99,15,2.26,-11.81,49.75,47.07,20.29,26.27
全期間,A,8,15,fixed_veto_only,166.83,28.79,18.69,47.27,1.33,880,0.88,15,0.06,-9.46,64.9,34.52,14.3,16.17
全期間,A,8,20,on,365.1,35.56,30.78,47.3,1.71,778,1.26,25,8.66,-18.63,73.15,48.3,41.31,44.97
全期間,A,8,20,off,243.97,31.28,24.07,46.35,1.4,917,1.02,0,7.93,-13.35,65.29,27.59,27.11,37.21
全期間,A,8,20,fixed,248.25,34.35,24.34,46.58,1.5,803,1.07,15,5.4,-14.72,60.01,41.4,31.16,30.57
全期間,A,8,20,fixed_veto_only,208.06,36.27,21.71,45.8,1.37,882,0.94,15,3.29,-15.08,65.94,34.48,23.99,26.94
全期間,A,8,30,on,265.58,29.03,25.4,45.58,1.59,645,1.08,25,9.2,-17.31,52.79,28.91,41.19,45.59
全期間,A,8,30,off,361.37,27.32,30.6,46.36,1.62,783,1.27,0,9.75,-9.95,94.44,28.93,28.28,45.15
全期間,A,8,30,fixed,269.58,28.83,25.64,44.33,1.62,679,1.08,15,6.94,-16.01,47.29,26.25,52.25,45.34
全期間,A,8,30,fixed_veto_only,300.54,31.11,27.41,45.03,1.54,755,1.16,15,6.75,-9.71,95.09,15.5,36.52,35.09
全期間,A,8,45,on,306.67,33.64,27.75,45.45,1.65,616,1.16,25,8.48,-23.89,91.85,30.58,42.56,37.91
全期間,A,8,45,off,371.8,32.43,31.11,45.38,1.66,736,1.27,0,5.59,-19.57,99.58,51.43,27.9,43.72
全期間,A,8,45,fixed,296.32,31.73,27.18,44.62,1.68,632,1.14,15,6.59,-21.71,65.38,28.48,46.41,52.66
全期間,A,8,45,fixed_veto_only,264.81,34.14,25.35,43.97,1.53,696,1.06,15,0.01,-21.01,89.13,31.37,35.73,36.94
全期間,A,8,60,on,282.97,39.83,26.42,44.94,1.64,603,1.12,25,0.26,-25.99,86.43,30.27,52.68,39.18
全期間,A,8,60,off,361.99,34.95,30.63,45.24,1.66,725,1.26,0,1.93,-21.26,97.74,47.03,37.18,44.32
全期間,A,8,60,fixed,347.98,35.44,29.93,43.79,1.8,628,1.26,15,-1.69,-18.97,88.45,27.9,57.66,48.0
全期間,A,8,60,fixed_veto_only,248.77,42.63,24.37,43.44,1.51,686,1.01,15,-3.16,-27.02,97.81,23.43,47.11,37.41
全期間,A,8,90,on,281.14,39.89,26.31,45.03,1.63,604,1.11,25,1.63,-26.21,86.4,27.86,53.1,39.28
全期間,A,8,90,off,390.14,33.3,31.99,45.43,1.68,733,1.31,0,9.25,-23.51,110.26,49.1,31.13,42.67
全期間,A,8,90,fixed,309.32,35.29,27.9,43.87,1.73,620,1.18,15,-0.32,-19.0,65.08,26.8,60.1,51.26
全期間,A,8,90,fixed_veto_only,261.42,42.3,25.15,42.94,1.54,687,1.04,15,-1.91,-26.69,97.94,23.87,49.57,37.03
全期間,A,8,120,on,281.14,39.89,26.31,45.03,1.63,604,1.11,25,1.63,-26.21,86.4,27.86,53.1,39.28
全期間,A,8,120,off,327.47,39.07,28.87,44.49,1.61,717,1.18,0,2.46,-25.78,99.84,41.54,35.45,46.72
全期間,A,8,120,fixed,309.32,35.29,27.9,43.87,1.73,620,1.18,15,-0.32,-19.0,65.08,26.8,60.1,51.26
全期間,A,8,120,fixed_veto_only,261.42,42.3,25.15,42.94,1.54,687,1.04,15,-1.91,-26.69,97.94,23.87,49.57,37.03
全期間,A,10,5,on,37.39,46.64,5.7,46.54,1.08,1964,0.36,25,1.31,-36.41,64.53,10.33,5.45,11.41
全期間,A,10,5,off,36.21,49.2,5.54,46.25,1.08,2411,0.35,0,-0.09,-36.12,57.6,3.68,-3.82,35.8
全期間,A,10,5,fixed,4.78,51.64,0.82,45.58,1.02,2071,0.16,15,-4.28,-35.1,62.52,-0.14,-8.64,13.75
全期間,A,10,5,fixed_veto_only,15.69,47.82,2.58,45.76,1.04,2286,0.23,15,-2.72,-35.65,59.24,3.86,-3.34,15.59
全期間,A,10,10,on,92.68,37.97,12.13,47.95,1.24,1122,0.62,25,-3.43,-26.07,51.95,10.28,22.09,31.91
全期間,A,10,10,off,89.88,38.76,11.85,47.58,1.2,1341,0.6,0,-5.2,-25.23,56.72,11.31,17.13,31.1
全期間,A,10,10,fixed,79.91,39.51,10.8,47.44,1.21,1174,0.57,15,-9.14,-22.9,51.45,7.41,4.03,51.76
全期間,A,10,10,fixed_veto_only,60.82,41.39,8.65,47.01,1.15,1287,0.48,15,-11.01,-23.66,59.75,6.81,14.83,20.81
全期間,A,10,15,on,180.17,25.49,19.71,46.97,1.38,956,0.95,25,5.71,-12.4,55.52,33.65,9.68,32.71
全期間,A,10,15,off,151.49,29.08,17.47,47.28,1.29,1102,0.84,0,-2.38,-11.21,56.62,32.9,10.77,25.84
全期間,A,10,15,fixed,141.21,28.56,16.62,46.18,1.32,968,0.81,15,2.3,-14.61,38.55,44.8,6.59,29.13
全期間,A,10,15,fixed_veto_only,174.4,28.39,19.27,46.94,1.34,1078,0.95,15,-1.07,-11.48,73.8,38.78,17.51,10.56
全期間,A,10,20,on,260.52,28.95,25.09,45.86,1.51,953,1.11,25,6.5,-14.24,61.05,34.93,30.67,39.02
全期間,A,10,20,off,240.0,33.26,23.82,46.35,1.41,1109,1.05,0,-0.64,-14.12,75.93,34.74,23.28,36.35
全期間,A,10,20,fixed,186.38,34.19,20.17,45.11,1.39,962,0.9,15,-0.52,-15.69,45.69,42.93,21.22,35.28
全期間,A,10,20,fixed_veto_only,196.92,34.92,20.93,45.66,1.37,1071,0.95,15,-2.34,-15.15,63.0,44.89,25.07,21.31
全期間,A,10,30,on,212.23,31.55,21.99,45.4,1.46,793,0.98,25,6.27,-17.61,56.07,20.83,44.15,31.18
全期間,A,10,30,off,244.02,30.16,24.08,44.94,1.45,928,1.05,0,1.86,-14.19,79.66,26.92,26.06,36.91
全期間,A,10,30,fixed,240.14,27.67,23.83,43.69,1.53,840,1.03,15,6.44,-10.38,53.91,19.75,31.32,47.32
全期間,A,10,30,fixed_veto_only,168.82,33.27,18.85,43.94,1.32,908,0.87,15,0.67,-14.06,74.86,17.45,24.93,21.11
全期間,A,10,45,on,236.46,38.75,23.59,44.16,1.53,736,1.05,25,-3.96,-22.44,81.82,27.15,52.4,28.21
全期間,A,10,45,off,220.61,34.93,22.56,43.82,1.4,890,0.99,0,3.22,-21.97,92.0,27.06,22.65,33.03
全期間,A,10,45,fixed,267.92,33.88,25.54,43.21,1.59,780,1.09,15,5.03,-20.78,72.81,31.12,27.62,52.92
全期間,A,10,45,fixed_veto_only,182.49,34.11,19.88,43.22,1.35,863,0.9,15,2.2,-21.55,92.16,30.7,22.59,14.44
全期間,A,10,60,on,271.04,41.16,25.72,44.29,1.58,736,1.14,25,-3.54,-24.36,106.23,28.18,50.62,27.72
全期間,A,10,60,off,211.74,37.28,21.96,42.97,1.39,875,0.95,0,2.84,-24.29,91.92,29.12,20.58,34.01
全期間,A,10,60,fixed,249.56,36.48,24.42,43.59,1.59,757,1.04,15,2.01,-22.76,62.95,24.77,40.53,55.27
全期間,A,10,60,fixed_veto_only,172.33,38.84,19.11,42.23,1.34,843,0.86,15,-3.51,-21.36,92.94,19.25,36.12,14.6
全期間,A,10,90,on,274.13,40.76,25.91,44.11,1.59,739,1.14,25,-2.8,-23.44,102.54,29.53,50.1,27.68
全期間,A,10,90,off,233.94,33.17,23.43,44.27,1.42,872,1.02,0,6.56,-21.42,92.75,26.23,22.82,33.45
全期間,A,10,90,fixed,268.95,32.87,25.6,43.59,1.61,764,1.1,15,6.61,-20.99,65.32,25.93,39.03,51.33
全期間,A,10,90,fixed_veto_only,175.45,41.99,19.35,42.04,1.35,842,0.87,15,-3.74,-24.32,97.35,23.0,35.98,14.55
全期間,A,10,120,on,274.13,40.76,25.91,44.11,1.59,739,1.14,25,-2.8,-23.44,102.54,29.53,50.1,27.68
全期間,A,10,120,off,210.7,38.36,21.89,43.06,1.39,864,0.95,0,-0.77,-21.92,92.17,28.71,20.97,34.02
全期間,A,10,120,fixed,262.05,37.21,25.19,43.88,1.61,752,1.07,15,1.18,-22.05,65.07,29.78,39.54,53.57
全期間,A,10,120,fixed_veto_only,175.45,41.99,19.35,42.04,1.35,842,0.87,15,-3.74,-24.32,97.35,23.0,35.98,14.55
全期間,B,3,5,on,257.47,48.6,24.91,44.33,1.55,591,0.94,25,-8.99,-22.0,100.43,27.58,34.08,46.89
全期間,B,3,5,off,94.52,51.6,12.32,45.48,1.17,785,0.55,0,-14.77,-21.68,84.23,4.12,21.34,25.2
全期間,B,3,5,fixed,97.35,50.63,12.6,44.48,1.19,697,0.56,15,-15.02,-20.08,86.79,8.33,16.26,23.51
全期間,B,3,5,fixed_veto_only,70.74,51.77,9.79,44.47,1.14,742,0.48,15,-15.11,-21.61,84.3,-1.15,17.72,19.64
全期間,B,3,10,on,294.98,53.09,27.1,46.93,1.76,407,1.05,25,-19.05,-17.97,67.16,72.13,48.66,39.06
全期間,B,3,10,off,315.39,44.98,28.23,48.7,1.67,501,1.09,0,-12.64,-20.03,76.32,37.84,72.87,41.51
全期間,B,3,10,fixed,201.9,50.58,21.28,45.81,1.45,454,0.87,15,-18.77,-15.08,81.55,42.12,32.27,28.24
全期間,B,3,10,fixed_veto_only,200.29,50.18,21.16,47.49,1.46,478,0.86,15,-20.4,-18.48,78.16,36.67,28.53,47.86
全期間,B,3,15,on,248.22,50.77,24.34,47.83,1.64,345,0.94,25,-6.18,-30.2,44.38,98.56,20.22,54.29
全期間,B,3,15,off,273.57,39.53,25.87,48.73,1.57,433,0.98,0,-4.8,-17.5,56.46,59.62,24.2,53.34
全期間,B,3,15,fixed,200.77,44.69,21.2,47.55,1.48,387,0.88,15,-7.85,-21.61,65.27,72.98,20.36,21.01
全期間,B,3,15,fixed_veto_only,213.74,40.44,22.1,47.24,1.48,417,0.88,15,-5.97,-17.66,55.83,54.68,21.3,38.6
全期間,B,3,20,on,248.52,51.96,24.36,46.88,1.63,337,0.9,25,-2.53,-40.42,46.54,99.11,24.98,64.58
全期間,B,3,20,off,281.99,43.15,26.36,48.48,1.56,429,0.95,0,-0.87,-29.62,51.08,84.97,26.9,54.39
全期間,B,3,20,fixed,214.45,51.23,22.14,46.77,1.5,372,0.86,15,-4.58,-37.6,67.19,96.53,21.8,31.96
全期間,B,3,20,fixed_veto_only,234.55,44.52,23.47,47.22,1.5,413,0.88,15,-2.58,-30.01,51.57,77.41,24.92,46.06
全期間,B,3,30,on,282.86,41.27,26.41,45.67,1.68,335,1.01,25,-10.73,-13.35,70.29,56.77,25.31,47.95
全期間,B,3,30,off,327.03,37.57,28.85,47.49,1.62,398,1.07,0,-8.55,-9.78,74.69,64.72,25.15,43.73
全期間,B,3,30,fixed,245.54,42.5,24.17,45.75,1.54,365,0.94,15,-10.71,-13.78,67.15,82.17,20.33,22.51
全期間,B,3,30,fixed_veto_only,270.57,37.44,25.7,46.53,1.54,389,0.98,15,-8.35,-9.82,74.67,55.98,14.83,43.32
全期間,B,3,45,on,285.39,39.78,26.56,45.85,1.7,325,1.02,25,-6.99,-21.56,72.08,66.19,25.23,47.49
全期間,B,3,45,off,381.63,30.82,31.58,48.84,1.73,387,1.19,0,-4.09,-8.82,84.9,73.83,25.14,36.93
全期間,B,3,45,fixed,259.99,32.26,25.06,46.37,1.56,358,0.98,15,-6.55,-11.78,72.27,73.48,20.34,21.41
全期間,B,3,45,fixed_veto_only,324.08,30.53,28.69,47.63,1.66,380,1.11,15,-3.84,-8.71,84.85,64.64,16.82,35.89
全期間,B,3,60,on,274.62,44.07,25.93,45.4,1.68,326,0.98,25,-6.43,-27.07,74.04,67.78,25.73,49.53
全期間,B,3,60,off,361.01,41.98,30.58,46.83,1.72,378,1.1,0,-3.53,-25.87,91.84,83.24,24.33,47.5
全期間,B,3,60,fixed,229.25,44.69,23.13,44.83,1.51,348,0.88,15,-5.98,-27.19,78.91,80.37,20.31,23.89
全期間,B,3,60,fixed_veto_only,286.13,41.85,26.6,45.58,1.6,373,0.99,15,-3.28,-25.91,91.81,72.69,15.49,40.86
全期間,B,3,90,on,274.62,44.07,25.93,45.4,1.68,326,0.98,25,-6.43,-27.07,74.04,67.78,25.73,49.53
全期間,B,3,90,off,360.33,41.98,30.55,46.68,1.72,377,1.1,0,-3.53,-25.87,91.84,82.86,24.32,47.6
全期間,B,3,90,fixed,224.94,44.69,22.85,44.67,1.5,347,0.87,15,-5.98,-27.19,78.91,77.45,20.31,24.28
全期間,B,3,90,fixed_veto_only,285.47,41.85,26.56,45.43,1.6,372,0.99,15,-3.28,-25.91,91.81,72.31,15.46,40.95
全期間,B,3,120,on,274.62,44.07,25.93,45.4,1.68,326,0.98,25,-6.43,-27.07,74.04,67.78,25.73,49.53
全期間,B,3,120,off,360.33,41.98,30.55,46.68,1.72,377,1.1,0,-3.53,-25.87,91.84,82.86,24.32,47.6
全期間,B,3,120,fixed,224.94,44.69,22.85,44.67,1.5,347,0.87,15,-5.98,-27.19,78.91,77.45,20.31,24.28
全期間,B,3,120,fixed_veto_only,285.47,41.85,26.56,45.43,1.6,372,0.99,15,-3.28,-25.91,91.81,72.31,15.46,40.95
全期間,B,5,5,on,113.16,49.68,14.13,45.49,1.24,976,0.69,25,-7.75,-30.5,79.67,40.36,11.28,18.49
全期間,B,5,5,off,36.68,53.11,5.61,45.67,1.08,1259,0.35,0,-7.87,-35.71,84.87,10.27,-5.09,19.27
全期間,B,5,5,fixed,54.19,51.35,7.85,45.22,1.11,1108,0.43,15,-7.26,-33.81,85.14,12.85,5.44,14.04
全期間,B,5,5,fixed_veto_only,30.85,53.73,4.81,44.96,1.07,1190,0.32,15,-9.69,-35.25,85.59,10.78,-1.91,10.94
全期間,B,5,10,on,199.86,42.69,21.13,46.58,1.49,657,0.96,25,-11.49,-21.84,49.14,61.45,38.57,29.9
全期間,B,5,10,off,124.58,40.55,15.17,46.65,1.27,791,0.69,0,-9.55,-21.04,35.79,23.5,19.99,56.26
全期間,B,5,10,fixed,143.17,39.79,16.78,46.64,1.32,714,0.78,15,-9.21,-20.2,49.33,33.35,17.82,43.05
全期間,B,5,10,fixed_veto_only,85.96,41.74,11.44,45.72,1.2,759,0.57,15,-11.96,-20.67,37.02,16.68,19.55,39.3
全期間,B,5,15,on,132.8,47.01,15.9,46.46,1.33,551,0.72,25,-8.6,-27.92,45.7,46.36,27.7,29.77
全期間,B,5,15,off,200.99,37.11,21.21,46.62,1.45,665,0.92,0,-12.78,-10.15,35.06,38.98,30.47,56.83
全期間,B,5,15,fixed,134.26,33.5,16.02,47.3,1.28,611,0.75,15,-6.99,-12.25,62.59,25.43,26.21,11.52
全期間,B,5,15,fixed_veto_only,134.54,35.74,16.05,46.58,1.31,644,0.74,15,-11.3,-9.5,35.09,19.83,31.27,37.5
全期間,B,5,20,on,151.11,54.59,17.44,46.17,1.37,548,0.75,25,-5.31,-37.27,45.34,59.03,37.11,33.41
全期間,B,5,20,off,243.41,44.01,24.04,46.7,1.51,666,0.98,0,-8.33,-20.48,35.38,50.36,54.39,49.89
全期間,B,5,20,fixed,170.02,44.27,18.94,46.88,1.35,608,0.82,15,-3.33,-24.94,65.82,38.13,35.38,20.02
全期間,B,5,20,fixed_veto_only,172.44,43.6,19.12,46.41,1.38,640,0.81,15,-7.84,-20.32,35.17,31.89,50.54,38.24
全期間,B,5,30,on,250.65,47.37,24.49,45.9,1.6,512,1.0,25,-15.05,-17.76,63.43,66.29,46.63,25.96
全期間,B,5,30,off,289.09,39.92,26.77,46.91,1.59,614,1.1,0,-14.51,-8.81,60.83,61.91,43.86,33.24
全期間,B,5,30,fixed,157.25,37.5,17.94,46.38,1.33,552,0.78,15,-7.63,-14.38,48.39,36.03,32.26,21.83
全期間,B,5,30,fixed_veto_only,273.33,39.21,25.86,47.47,1.59,594,1.07,15,-12.92,-9.65,60.77,52.53,49.43,29.5
全期間,B,5,45,on,231.52,43.13,23.28,45.66,1.56,495,0.96,25,-14.86,-16.6,65.17,47.46,51.29,26.71
全期間,B,5,45,off,243.82,35.84,24.06,47.05,1.5,593,0.99,0,-14.23,-10.19,71.36,33.71,38.08,41.08
全期間,B,5,45,fixed,199.73,36.01,21.13,45.79,1.43,546,0.91,15,-8.71,-15.83,61.57,46.69,33.97,22.85
全期間,B,5,45,fixed_veto_only,235.15,35.72,23.51,46.71,1.52,578,0.99,15,-14.06,-10.21,71.26,26.06,51.33,32.94
全期間,B,5,60,on,220.29,45.54,22.54,45.33,1.54,492,0.91,25,-10.71,-24.48,63.99,51.77,50.32,26.95
全期間,B,5,60,off,229.55,41.43,23.15,46.47,1.48,581,0.94,0,-10.17,-21.28,67.04,40.56,37.88,43.96
全期間,B,5,60,fixed,179.02,41.39,19.62,44.87,1.4,526,0.84,15,-6.19,-21.74,53.48,49.63,34.47,23.06
全期間,B,5,60,fixed_veto_only,218.04,41.32,22.39,46.11,1.49,566,0.93,15,-10.01,-21.27,67.0,31.52,52.87,33.7
全期間,B,5,90,on,218.95,45.54,22.45,45.21,1.54,491,0.91,25,-10.71,-24.48,63.99,50.84,50.58,26.98
全期間,B,5,90,off,235.2,42.94,23.51,46.1,1.5,577,0.95,0,-10.17,-21.05,60.26,48.22,39.35,42.77
全期間,B,5,90,fixed,164.6,41.39,18.52,44.57,1.36,525,0.8,15,-6.19,-21.74,53.48,44.8,31.6,23.22
全期間,B,5,90,fixed_veto_only,227.43,42.83,23.01,45.74,1.52,564,0.95,15,-10.01,-21.04,60.21,41.87,52.11,33.27
全期間,B,5,120,on,218.95,45.54,22.45,45.21,1.54,491,0.91,25,-10.71,-24.48,63.99,50.84,50.58,26.98
全期間,B,5,120,off,231.17,43.19,23.25,46.27,1.49,577,0.94,0,-10.17,-21.39,60.38,47.87,37.69,43.61
全期間,B,5,120,fixed,164.6,41.39,18.52,44.57,1.36,525,0.8,15,-6.19,-21.74,53.48,44.8,31.6,23.22
全期間,B,5,120,fixed_veto_only,226.14,43.09,22.92,45.92,1.52,564,0.95,15,-10.01,-21.39,60.33,41.65,52.25,33.33
全期間,B,8,5,on,32.15,51.22,4.99,44.86,1.08,1527,0.33,25,-12.27,-37.66,69.87,15.55,0.42,22.6
全期間,B,8,5,off,17.41,51.78,2.84,44.94,1.05,1896,0.24,0,-11.24,-39.73,70.97,6.41,-0.82,21.63
全期間,B,8,5,fixed,15.29,51.94,2.52,44.59,1.04,1637,0.23,15,-11.42,-39.82,71.92,4.9,-3.27,23.98
全期間,B,8,5,fixed_veto_only,5.06,52.48,0.87,44.62,1.02,1795,0.16,15,-12.6,-39.74,71.92,7.52,-1.12,9.14
全期間,B,8,10,on,111.61,41.83,13.98,44.74,1.27,1017,0.71,25,-12.45,-21.68,58.28,19.04,17.34,39.59
全期間,B,8,10,off,103.15,40.26,13.17,46.44,1.22,1236,0.68,0,-10.34,-21.44,60.02,20.88,20.17,24.09
全期間,B,8,10,fixed,122.99,39.03,15.03,45.28,1.28,1091,0.75,15,-11.87,-18.81,66.29,24.28,16.44,29.51
全期間,B,8,10,fixed_veto_only,71.38,41.49,9.86,45.04,1.17,1190,0.55,15,-12.36,-20.92,60.46,17.38,15.88,13.3
全期間,B,8,15,on,148.0,35.87,17.18,46.38,1.37,871,0.83,25,-6.1,-19.3,43.0,24.08,30.41,41.44
全期間,B,8,15,off,95.93,33.22,12.46,45.92,1.2,1030,0.63,0,-8.79,-12.96,35.67,15.15,25.17,26.2
全期間,B,8,15,fixed,89.67,38.27,11.82,46.16,1.2,925,0.61,15,-5.6,-22.75,54.04,19.12,17.23,20.92
全期間,B,8,15,fixed_veto_only,59.74,37.33,8.52,45.14,1.14,997,0.47,15,-8.8,-12.96,35.68,6.17,17.09,19.32
全期間,B,8,20,on,161.56,46.13,18.28,45.39,1.39,857,0.83,25,-5.39,-29.62,47.23,31.16,40.54,44.74
全期間,B,8,20,off,126.87,43.79,15.38,45.34,1.26,1019,0.72,0,-8.91,-23.93,42.39,24.26,44.95,27.67
全期間,B,8,20,fixed,116.64,47.12,14.45,45.16,1.26,910,0.69,15,-3.98,-30.87,56.78,26.95,26.51,29.61
全期間,B,8,20,fixed_veto_only,85.78,42.37,11.42,44.52,1.19,995,0.57,15,-8.29,-21.12,43.08,11.45,29.63,24.23
全期間,B,8,30,on,217.99,30.15,22.38,46.29,1.49,821,1.04,25,-5.84,-3.53,56.2,30.42,25.1,37.36
全期間,B,8,30,off,217.15,33.79,22.33,45.31,1.41,980,1.03,0,-6.55,-8.17,71.35,36.48,35.07,17.01
全期間,B,8,30,fixed,191.92,33.2,20.57,45.34,1.4,847,0.95,15,-3.59,-13.29,64.25,34.07,31.69,20.41
全期間,B,8,30,fixed_veto_only,184.42,33.13,20.02,45.38,1.37,952,0.96,15,-5.55,-8.48,66.66,30.57,33.48,13.28
全期間,B,8,45,on,208.1,35.77,21.71,45.38,1.5,769,0.99,25,-10.18,-14.44,54.05,42.11,31.3,39.47
全期間,B,8,45,off,173.58,33.07,19.21,45.2,1.35,938,0.89,0,-7.09,-13.48,62.22,24.03,39.76,21.04
全期間,B,8,45,fixed,132.46,38.84,15.87,44.0,1.3,800,0.75,15,-9.3,-18.52,59.91,11.9,37.48,27.87
全期間,B,8,45,fixed_veto_only,153.69,33.15,17.65,44.73,1.33,910,0.84,15,-7.24,-13.43,62.23,23.04,36.62,15.86
全期間,B,8,60,on,200.33,41.64,21.17,44.96,1.5,754,0.96,25,-11.31,-20.6,54.84,41.54,38.11,40.91
全期間,B,8,60,off,176.07,36.76,19.4,45.31,1.35,927,0.89,0,-6.61,-19.71,66.25,31.82,39.06,20.81
全期間,B,8,60,fixed,175.26,39.35,19.34,45.09,1.4,794,0.9,15,-8.41,-19.69,61.08,38.11,37.24,22.57
全期間,B,8,60,fixed_veto_only,155.01,36.87,17.76,44.89,1.33,900,0.85,15,-6.73,-19.73,66.4,29.15,36.91,15.76
全期間,B,8,90,on,199.97,41.64,21.14,45.02,1.5,753,0.96,25,-11.31,-20.6,54.84,41.06,38.35,40.98
全期間,B,8,90,off,175.76,37.18,19.38,45.0,1.35,920,0.89,0,-6.14,-20.58,66.82,31.88,39.15,20.84
全期間,B,8,90,fixed,173.46,39.7,19.2,45.12,1.4,789,0.9,15,-6.56,-22.3,61.52,38.12,37.55,22.75
全期間,B,8,90,fixed_veto_only,153.57,38.19,17.64,44.52,1.33,885,0.84,15,-6.26,-21.17,63.43,32.39,36.89,15.87
全期間,B,8,120,on,199.97,41.64,21.14,45.02,1.5,753,0.96,25,-11.31,-20.6,54.84,41.06,38.35,40.98
全期間,B,8,120,off,172.35,38.92,19.12,44.95,1.35,910,0.89,0,-7.81,-20.79,63.99,34.0,40.08,21.16
全期間,B,8,120,fixed,155.75,41.96,17.82,44.47,1.36,787,0.84,15,-7.75,-23.81,62.49,34.15,33.85,24.72
全期間,B,8,120,fixed_veto_only,152.18,39.02,17.53,44.44,1.33,882,0.84,15,-7.93,-20.8,64.06,32.74,36.95,15.97
全期間,B,10,5,on,0.33,47.7,0.06,44.74,1.01,1891,0.12,25,-5.26,-39.97,58.8,8.37,-2.48,5.12
全期間,B,10,5,off,-0.19,49.53,-0.03,44.85,1.01,2283,0.12,0,-6.36,-39.11,53.64,-0.49,-4.89,20.38
全期間,B,10,5,fixed,-7.14,49.58,-1.28,44.8,1.0,1960,0.08,15,-9.49,-38.91,55.98,-1.59,-8.51,19.6
全期間,B,10,5,fixed_veto_only,-13.1,48.89,-2.42,44.54,0.98,2162,0.02,15,-8.45,-38.64,53.97,1.66,-6.95,6.22
全期間,B,10,10,on,90.34,40.18,11.89,45.21,1.24,1232,0.63,25,-11.74,-23.52,44.74,19.79,16.56,39.51
全期間,B,10,10,off,78.03,38.98,10.59,46.12,1.18,1470,0.57,0,-13.78,-19.57,45.32,17.99,5.12,42.43
全期間,B,10,10,fixed,98.06,36.53,12.67,45.76,1.25,1322,0.67,15,-14.57,-16.22,52.09,18.17,6.27,44.9
全期間,B,10,10,fixed_veto_only,46.75,36.96,6.93,44.92,1.12,1438,0.43,15,-11.42,-19.65,43.9,9.48,8.05,21.11
全期間,B,10,15,on,136.33,27.0,16.2,46.0,1.32,1100,0.86,25,-3.3,-7.26,49.85,19.08,18.61,24.51
全期間,B,10,15,off,99.91,31.47,12.86,46.01,1.22,1254,0.67,0,-8.71,-14.36,43.35,18.58,20.13,25.21
全期間,B,10,15,fixed,87.37,30.97,11.59,45.46,1.2,1124,0.62,15,-3.44,-18.49,49.93,14.2,15.76,20.12
全期間,B,10,15,fixed_veto_only,81.68,30.55,10.99,45.99,1.19,1233,0.6,15,-7.49,-14.39,43.33,12.99,21.08,16.99
全期間,B,10,20,on,162.65,34.06,18.36,45.35,1.37,1087,0.91,25,-3.01,-18.18,62.9,20.02,30.11,30.11
全期間,B,10,20,off,133.61,38.7,15.97,45.51,1.27,1270,0.77,0,-6.54,-21.78,56.77,21.0,35.92,23.94
全期間,B,10,20,fixed,111.07,41.29,13.93,44.81,1.25,1118,0.69,15,-3.25,-27.6,63.88,13.91,25.54,28.57
全期間,B,10,20,fixed_veto_only,111.11,39.18,13.93,45.4,1.24,1227,0.7,15,-7.15,-21.88,56.9,15.62,31.75,21.77
全期間,B,10,30,on,153.34,31.8,17.62,43.95,1.35,992,0.87,25,-7.52,-7.59,45.67,24.59,27.5,28.1
全期間,B,10,30,off,150.16,31.87,17.36,44.86,1.31,1168,0.85,0,-10.1,-9.79,55.64,22.62,33.82,20.79
全期間,B,10,30,fixed,119.46,39.73,14.71,44.46,1.26,1037,0.73,15,-7.41,-6.1,53.74,11.96,18.03,24.24
全期間,B,10,30,fixed_veto_only,112.73,35.51,14.09,44.28,1.24,1136,0.72,15,-9.45,-9.66,55.96,14.54,26.51,15.08
全期間,B,10,45,on,140.26,31.44,16.54,43.59,1.34,952,0.82,25,-0.72,-11.79,32.32,26.88,24.96,30.77
全期間,B,10,45,off,145.2,35.67,16.95,44.82,1.31,1109,0.83,0,-2.98,-18.88,45.46,28.33,41.64,17.84
全期間,B,10,45,fixed,104.74,36.7,13.33,43.19,1.25,977,0.67,15,-0.52,-19.44,32.73,23.07,22.6,27.55
全期間,B,10,45,fixed_veto_only,105.8,34.71,13.43,43.81,1.24,1082,0.68,15,-1.64,-18.79,44.94,16.87,31.04,16.08
全期間,B,10,60,on,124.7,38.58,15.18,43.77,1.31,923,0.75,25,2.2,-26.14,36.66,31.18,25.03,32.79
全期間,B,10,60,off,138.28,36.46,16.37,44.1,1.29,1102,0.8,0,0.2,-22.54,47.14,31.94,34.11,17.91
全期間,B,10,60,fixed,117.53,39.08,14.53,43.16,1.28,957,0.72,15,2.07,-26.78,34.92,40.92,23.32,24.15
全期間,B,10,60,fixed_veto_only,111.13,35.26,13.94,43.73,1.25,1077,0.71,15,2.0,-22.49,49.99,18.75,30.58,14.83
全期間,B,10,90,on,132.46,37.43,15.87,43.8,1.32,920,0.78,25,0.16,-22.7,42.93,27.63,25.3,31.36
全期間,B,10,90,off,135.64,41.0,16.14,43.72,1.3,1082,0.78,0,-3.87,-26.32,54.64,30.43,38.56,19.04
全期間,B,10,90,fixed,133.43,36.4,15.95,43.47,1.31,973,0.79,15,2.25,-24.06,49.08,36.32,21.2,22.05
全期間,B,10,90,fixed_veto_only,103.08,40.77,13.17,43.57,1.24,1042,0.67,15,-3.69,-26.22,54.43,20.32,32.23,16.32
全期間,B,10,120,on,133.94,36.84,16.0,44.11,1.33,925,0.79,25,-1.18,-20.73,43.14,27.12,25.2,31.09
全期間,B,10,120,off,135.71,40.75,16.15,43.93,1.3,1079,0.79,0,-3.46,-26.38,54.42,30.32,38.46,19.03
全期間,B,10,120,fixed,124.93,38.24,15.2,43.41,1.3,963,0.76,15,0.65,-24.83,46.8,36.02,20.97,23.07
全期間,B,10,120,fixed_veto_only,103.02,40.87,13.16,43.93,1.24,1038,0.67,15,-3.73,-26.3,54.52,20.36,32.24,16.33
全期間,C,3,5,on,256.58,50.26,24.85,46.71,1.48,593,0.89,25,1.15,-31.13,72.88,53.65,39.46,38.19
全期間,C,3,5,off,109.06,53.02,13.74,47.08,1.18,788,0.59,0,-8.58,-27.06,78.44,16.22,23.96,21.95
全期間,C,3,5,fixed,87.45,52.13,11.59,45.79,1.16,701,0.52,15,-8.79,-25.68,74.45,17.33,19.15,13.39
全期間,C,3,5,fixed_veto_only,74.39,53.11,10.2,45.91,1.13,745,0.48,15,-8.76,-27.04,78.47,8.34,19.17,13.69
全期間,C,3,10,on,245.49,57.0,24.17,51.59,1.67,345,0.92,25,-27.19,-22.74,83.0,97.62,15.82,46.63
全期間,C,3,10,off,142.24,54.88,16.7,52.25,1.3,423,0.67,0,-30.11,-20.88,72.14,53.17,27.84,29.96
全期間,C,3,10,fixed,153.84,40.48,17.66,50.87,1.36,403,0.75,15,-14.62,-15.34,79.45,23.73,1.05,56.53
全期間,C,3,10,fixed_veto_only,116.2,48.05,14.41,50.35,1.26,425,0.62,15,-21.61,-19.04,77.78,30.38,-7.41,58.74
全期間,C,3,15,on,187.81,62.99,20.27,50.95,1.51,263,0.74,25,-23.47,-50.08,63.11,167.11,5.47,63.95
全期間,C,3,15,off,199.38,61.52,21.1,52.92,1.49,325,0.78,0,-23.68,-47.88,68.79,138.16,38.71,34.97
全期間,C,3,15,fixed,189.24,59.21,20.37,51.85,1.5,297,0.77,15,-24.1,-42.76,62.34,125.66,3.13,76.2
全期間,C,3,15,fixed_veto_only,159.63,61.52,18.13,52.38,1.4,315,0.69,15,-23.68,-47.88,68.79,143.24,0.47,58.21
全期間,C,3,20,on,246.22,66.28,24.21,51.49,1.57,268,0.82,25,-14.86,-59.27,119.23,152.4,8.42,66.41
全期間,C,3,20,off,178.74,64.13,19.6,51.52,1.38,328,0.7,0,-18.0,-54.9,103.11,65.01,45.99,54.03
全期間,C,3,20,fixed,265.89,60.88,25.42,51.33,1.6,300,0.88,15,-19.49,-49.66,100.59,134.48,12.52,70.59
全期間,C,3,20,fixed_veto_only,159.36,64.13,18.1,50.47,1.34,319,0.66,15,-18.0,-54.9,103.11,90.64,-0.95,82.84
全期間,C,3,30,on,424.63,49.1,33.56,53.69,2.04,244,1.18,25,-4.87,-37.95,120.36,87.49,48.18,45.18
全期間,C,3,30,off,192.37,37.67,20.6,49.15,1.33,295,0.79,0,14.7,-31.39,88.86,42.86,15.33,19.39
全期間,C,3,30,fixed,250.55,47.54,24.48,49.62,1.55,264,0.9,15,-4.87,-35.58,105.96,46.43,25.28,51.4
全期間,C,3,30,fixed_veto_only,234.65,45.36,23.48,48.21,1.47,280,0.86,15,-4.87,-33.06,88.89,52.12,20.9,51.28
全期間,C,3,45,on,376.13,40.99,31.32,52.42,1.85,227,1.17,25,-1.12,-26.85,162.26,56.18,12.65,42.66
全期間,C,3,45,off,320.41,37.9,28.5,50.72,1.53,278,1.08,0,14.0,-27.25,131.49,48.92,21.18,21.34
全期間,C,3,45,fixed,325.72,35.19,28.78,51.01,1.66,247,1.11,15,-1.12,-16.93,160.98,37.69,8.6,32.8
全期間,C,3,45,fixed_veto_only,303.6,37.51,27.58,49.43,1.58,265,1.06,15,-0.28,-22.93,129.43,48.18,19.07,29.73
全期間,C,3,60,on,356.99,40.57,30.38,51.12,1.82,223,1.12,25,-2.11,-26.67,132.33,59.83,14.28,50.03
全期間,C,3,60,off,226.79,40.43,22.97,50.19,1.41,263,0.89,0,-4.45,-23.65,94.24,46.73,22.94,27.84
全期間,C,3,60,fixed,313.26,34.79,28.11,49.79,1.65,243,1.08,15,-2.11,-17.36,114.47,55.47,10.52,38.63
全期間,C,3,60,fixed_veto_only,249.1,38.44,24.39,48.26,1.49,259,0.93,15,-2.11,-23.43,92.56,47.57,19.53,37.12
全期間,C,3,90,on,337.13,45.2,29.37,51.12,1.77,223,1.07,25,-7.09,-29.81,135.16,60.35,15.79,53.51
全期間,C,3,90,off,222.41,40.52,22.68,49.81,1.4,263,0.87,0,-9.42,-24.46,108.98,43.43,22.85,27.95
全期間,C,3,90,fixed,292.3,38.31,26.95,50.0,1.61,242,1.02,15,-7.09,-18.04,119.2,49.02,11.41,41.55
全期間,C,3,90,fixed_veto_only,245.41,42.19,24.16,48.64,1.48,257,0.92,15,-7.09,-24.68,108.9,43.81,19.63,37.33
全期間,C,3,120,on,337.13,45.2,29.37,51.12,1.77,223,1.07,25,-7.09,-29.81,135.16,60.35,15.79,53.51
全期間,C,3,120,off,222.41,40.52,22.68,49.81,1.4,263,0.87,0,-9.42,-24.46,108.98,43.43,22.85,27.95
全期間,C,3,120,fixed,292.3,38.31,26.95,50.0,1.61,242,1.02,15,-7.09,-18.04,119.2,49.02,11.41,41.55
全期間,C,3,120,fixed_veto_only,245.41,42.19,24.16,48.64,1.48,257,0.92,15,-7.09,-24.68,108.9,43.81,19.63,37.33
全期間,C,5,5,on,132.75,47.48,15.89,47.89,1.25,996,0.74,25,4.45,-31.84,71.2,40.88,15.28,17.58
全期間,C,5,5,off,77.19,50.85,10.5,47.39,1.13,1285,0.53,0,1.93,-34.85,85.56,21.52,0.31,17.97
全期間,C,5,5,fixed,74.79,48.22,10.24,47.08,1.13,1132,0.52,15,4.38,-33.39,78.16,20.54,5.24,11.24
全期間,C,5,5,fixed_veto_only,60.33,51.73,8.59,46.49,1.11,1211,0.46,15,-0.35,-34.45,86.66,20.51,0.47,8.6
全期間,C,5,10,on,121.85,42.44,14.93,51.38,1.3,580,0.7,25,-12.37,-22.82,54.5,60.57,8.42,21.95
全期間,C,5,10,off,166.04,37.89,18.63,52.46,1.35,711,0.82,0,-12.33,-17.48,51.16,32.01,18.26,55.82
全期間,C,5,10,fixed,96.09,44.97,12.48,50.48,1.24,628,0.59,15,-11.67,-21.96,50.35,17.68,-16.66,92.93
全期間,C,5,10,fixed_veto_only,61.95,44.62,8.78,49.32,1.15,663,0.45,15,-19.68,-18.55,52.77,22.57,-15.81,57.02
全期間,C,5,15,on,246.34,41.78,24.22,53.25,1.58,462,1.03,25,-2.32,-35.39,78.75,87.27,21.76,34.65
全期間,C,5,15,off,223.75,22.34,22.77,51.25,1.41,560,0.96,0,1.04,-16.45,71.89,53.8,-2.14,48.23
全期間,C,5,15,fixed,244.27,24.42,24.09,51.08,1.49,507,1.05,15,1.77,-12.84,92.95,43.95,1.03,38.33
全期間,C,5,15,fixed_veto_only,186.55,32.2,20.18,50.83,1.36,545,0.85,15,4.77,-21.88,68.49,38.85,-1.17,51.42
全期間,C,5,20,on,308.81,45.83,27.87,53.22,1.64,466,1.08,25,4.19,-40.6,109.82,71.72,30.27,40.73
全期間,C,5,20,off,307.43,34.19,27.79,51.34,1.48,559,1.09,0,4.66,-21.21,112.52,52.61,6.04,43.66
全期間,C,5,20,fixed,307.9,36.54,27.82,52.17,1.55,506,1.1,15,4.64,-22.13,119.9,45.29,9.26,43.41
全期間,C,5,20,fixed_veto_only,297.74,32.15,27.26,50.64,1.5,543,1.07,15,7.69,-20.31,116.92,39.03,8.29,41.9
全期間,C,5,30,on,349.95,50.03,30.03,51.89,1.84,370,1.15,25,-11.16,-31.74,82.12,79.41,54.0,47.45
全期間,C,5,30,off,306.13,37.89,27.72,50.66,1.55,456,1.08,0,7.6,-24.61,74.77,50.17,40.48,35.77
全期間,C,5,30,fixed,167.55,47.1,18.75,49.62,1.37,395,0.77,15,-11.16,-25.22,63.15,46.01,23.45,36.94
全期間,C,5,30,fixed_veto_only,175.19,49.88,19.33,49.17,1.38,421,0.78,15,-11.16,-30.84,73.35,45.8,5.19,68.46
全期間,C,5,45,on,478.64,40.59,35.87,51.24,2.01,363,1.41,25,0.44,-27.94,144.66,61.95,47.13,37.15
全期間,C,5,45,off,387.37,42.08,31.85,49.42,1.67,429,1.25,0,1.33,-28.35,136.54,55.72,36.51,33.51
全期間,C,5,45,fixed,385.21,35.57,31.75,50.13,1.73,385,1.31,15,0.44,-19.76,155.56,41.6,35.95,22.38
全期間,C,5,45,fixed_veto_only,373.85,42.01,31.21,49.04,1.68,418,1.23,15,1.45,-28.34,136.44,49.17,30.81,41.28
全期間,C,5,60,on,457.35,40.67,34.98,51.27,2.03,353,1.36,25,-5.22,-27.61,116.13,73.7,51.64,42.69
全期間,C,5,60,off,336.0,38.18,29.32,50.0,1.6,416,1.15,0,-6.43,-21.68,119.62,42.82,34.67,40.83
全期間,C,5,60,fixed,372.1,35.7,31.12,50.0,1.72,376,1.28,15,-5.22,-20.64,143.3,42.39,43.27,26.44
全期間,C,5,60,fixed_veto_only,356.6,40.4,30.36,48.52,1.68,406,1.2,15,-5.22,-25.69,125.84,49.05,34.31,43.39
全期間,C,5,90,on,478.2,42.46,35.85,51.43,2.06,350,1.39,25,-6.31,-27.4,137.56,71.53,48.44,40.52
全期間,C,5,90,off,329.53,40.2,28.98,50.0,1.59,416,1.13,0,-7.7,-21.55,118.54,43.03,33.93,41.7
全期間,C,5,90,fixed,370.4,37.5,31.04,50.0,1.72,374,1.27,15,-6.31,-20.3,144.21,42.09,43.44,26.56
全期間,C,5,90,fixed_veto_only,361.81,39.47,30.62,49.14,1.69,405,1.21,15,-6.31,-21.69,119.75,48.6,34.71,43.07
全期間,C,5,120,on,478.2,42.46,35.85,51.43,2.06,350,1.39,25,-6.31,-27.4,137.56,71.53,48.44,40.52
全期間,C,5,120,off,329.53,40.2,28.98,50.0,1.59,416,1.13,0,-7.7,-21.55,118.54,43.03,33.93,41.7
全期間,C,5,120,fixed,370.4,37.5,31.04,50.0,1.72,374,1.27,15,-6.31,-20.3,144.21,42.09,43.44,26.56
全期間,C,5,120,fixed_veto_only,361.81,39.47,30.62,49.14,1.69,405,1.21,15,-6.31,-21.69,119.75,48.6,34.71,43.07
全期間,C,8,5,on,62.71,46.54,8.87,47.48,1.13,1588,0.49,25,-5.33,-32.91,62.0,26.1,3.45,21.21
全期間,C,8,5,off,50.69,48.43,7.42,47.02,1.1,1978,0.42,0,-5.56,-35.62,72.71,17.77,-0.53,22.5
全期間,C,8,5,fixed,26.95,48.52,4.25,46.53,1.06,1702,0.3,15,-6.42,-35.17,64.41,16.34,-5.73,16.05
全期間,C,8,5,fixed_veto_only,29.59,48.97,4.63,46.6,1.06,1869,0.31,15,-6.49,-35.85,73.81,17.76,-3.65,9.56
全期間,C,8,10,on,46.27,46.08,6.86,49.94,1.13,871,0.4,25,-10.84,-28.15,44.02,26.32,-5.96,33.46
全期間,C,8,10,off,163.07,41.61,18.4,52.56,1.35,1073,0.86,0,-11.3,-21.22,56.16,29.1,32.77,40.63
全期間,C,8,10,fixed,78.06,44.41,10.6,49.31,1.21,941,0.54,15,-8.81,-26.55,50.38,13.67,-12.0,76.74
全期間,C,8,10,fixed_veto_only,55.01,43.0,7.95,48.94,1.14,1034,0.45,15,-14.46,-20.43,63.12,11.94,-8.57,36.39
全期間,C,8,15,on,178.05,33.63,19.55,51.68,1.4,714,0.92,25,3.42,-25.86,67.71,35.8,2.33,55.61
全期間,C,8,15,off,193.91,26.06,20.71,50.87,1.36,863,0.95,0,4.78,-16.55,73.82,27.82,5.47,43.43
全期間,C,8,15,fixed,152.68,30.21,17.57,50.98,1.32,767,0.85,15,10.51,-16.59,70.05,24.87,-9.44,42.55
全期間,C,8,15,fixed_veto_only,133.4,28.25,15.95,49.82,1.27,831,0.77,15,2.43,-18.43,72.11,22.16,-1.04,34.26
全期間,C,8,20,on,260.53,39.64,25.09,51.6,1.52,721,1.07,25,5.61,-27.86,87.22,42.28,14.8,54.75
全期間,C,8,20,off,287.87,33.17,26.7,50.64,1.48,863,1.11,0,1.44,-15.26,86.99,27.09,30.35,45.67
全期間,C,8,20,fixed,213.15,31.47,22.06,49.35,1.4,764,0.97,15,6.0,-17.42,87.83,31.7,-0.01,44.63
全期間,C,8,20,fixed_veto_only,203.57,33.23,21.39,49.28,1.35,838,0.93,15,1.31,-15.22,87.05,22.78,8.65,41.64
全期間,C,8,30,on,266.02,38.5,25.42,50.34,1.55,592,1.07,25,3.55,-23.26,77.32,23.18,37.98,52.84
全期間,C,8,30,off,310.79,29.92,27.98,49.79,1.53,701,1.18,0,8.64,-21.71,99.57,20.36,34.21,49.8
全期間,C,8,30,fixed,279.29,37.03,26.21,50.74,1.57,611,1.11,15,1.62,-21.81,98.3,14.98,39.93,49.6
全期間,C,8,30,fixed_veto_only,272.1,40.45,25.79,48.76,1.5,685,1.1,15,7.53,-17.37,96.66,18.31,22.73,46.66
全期間,C,8,45,on,340.8,36.24,29.56,50.18,1.68,564,1.25,25,7.84,-27.61,103.83,40.74,30.26,51.09
全期間,C,8,45,off,324.82,34.76,28.73,49.24,1.57,662,1.24,0,7.05,-25.21,107.63,24.76,45.08,41.19
全期間,C,8,45,fixed,308.25,35.86,27.84,49.21,1.65,567,1.17,15,7.84,-26.95,105.92,18.69,35.59,56.37
全期間,C,8,45,fixed_veto_only,367.64,35.34,30.91,49.07,1.66,646,1.32,15,13.34,-21.27,121.74,28.1,23.07,49.92
全期間,C,8,60,on,277.06,44.2,26.08,49.34,1.59,529,1.1,25,-1.33,-32.61,108.39,30.47,26.9,64.34
全期間,C,8,60,off,310.2,40.11,27.95,49.21,1.57,634,1.19,0,0.7,-28.94,109.95,31.28,48.28,40.27
全期間,C,8,60,fixed,224.83,44.77,22.84,48.61,1.5,539,0.97,15,-1.33,-32.73,94.16,29.61,14.63,69.65
全期間,C,8,60,fixed_veto_only,308.85,36.91,27.87,47.52,1.59,625,1.18,15,7.62,-22.21,115.21,17.01,25.99,53.93
全期間,C,8,90,on,324.81,40.6,28.73,49.44,1.68,540,1.2,25,4.6,-31.52,103.2,36.86,37.74,54.83
全期間,C,8,90,off,334.35,32.39,29.23,48.99,1.59,643,1.25,0,4.25,-21.7,117.88,21.39,46.62,37.2
全期間,C,8,90,fixed,264.38,40.16,25.33,48.44,1.58,545,1.08,15,4.45,-30.07,101.05,17.59,24.95,68.89
全期間,C,8,90,fixed_veto_only,322.42,37.17,28.6,47.16,1.6,634,1.22,15,11.52,-18.14,96.61,21.35,27.48,52.14
全期間,C,8,120,on,324.81,40.6,28.73,49.44,1.68,540,1.2,25,4.6,-31.52,103.2,36.86,37.74,54.83
全期間,C,8,120,off,334.35,32.39,29.23,48.99,1.59,643,1.25,0,4.25,-21.7,117.88,21.39,46.62,37.2
全期間,C,8,120,fixed,264.38,40.16,25.33,48.44,1.58,545,1.08,15,4.45,-30.07,101.05,17.59,24.95,68.89
全期間,C,8,120,fixed_veto_only,322.42,37.17,28.6,47.16,1.6,634,1.22,15,11.52,-18.14,96.61,21.35,27.48,52.14
全期間,C,10,5,on,37.87,44.74,5.77,47.09,1.08,1977,0.37,25,3.7,-35.68,53.28,19.85,5.02,7.14
全期間,C,10,5,off,38.14,48.77,5.8,46.81,1.08,2431,0.36,0,2.8,-35.94,51.35,10.2,-2.64,29.18
全期間,C,10,5,fixed,6.07,49.48,1.03,46.43,1.02,2072,0.17,15,-1.51,-35.82,52.4,7.99,-8.92,11.94
全期間,C,10,5,fixed_veto_only,18.33,46.28,2.98,46.48,1.04,2300,0.25,15,0.8,-35.96,53.16,10.99,-4.29,12.68
全期間,C,10,10,on,44.5,43.61,6.64,50.09,1.13,1072,0.4,25,-9.71,-26.28,44.9,16.25,-5.02,35.69
全期間,C,10,10,off,102.26,40.75,13.09,50.82,1.23,1285,0.65,0,-12.21,-20.81,44.96,13.12,22.28,45.09
全期間,C,10,10,fixed,66.0,43.99,9.25,49.22,1.18,1160,0.51,15,-11.08,-21.59,51.34,6.51,-14.14,72.03
全期間,C,10,10,fixed_veto_only,32.11,41.55,4.98,48.58,1.09,1233,0.33,15,-13.87,-20.23,45.09,7.64,-9.1,35.45
全期間,C,10,15,on,187.13,27.99,20.22,51.37,1.44,878,1.0,25,-2.86,-11.6,46.4,49.39,5.68,44.66
全期間,C,10,15,off,129.48,29.41,15.61,50.72,1.25,1047,0.77,0,-1.5,-11.33,56.4,30.08,0.93,27.95
全期間,C,10,15,fixed,113.95,32.57,14.2,51.18,1.24,936,0.71,15,1.19,-9.67,51.41,27.84,-10.51,35.14
全期間,C,10,15,fixed_veto_only,105.44,30.36,13.39,50.49,1.22,1012,0.69,15,-4.93,-11.34,65.16,22.42,-2.54,23.69
全期間,C,10,20,on,249.97,34.75,24.45,50.68,1.5,888,1.09,25,-1.7,-15.35,72.55,31.62,21.2,52.79
全期間,C,10,20,off,229.94,35.11,23.17,50.1,1.39,1044,1.01,0,-5.53,-10.25,70.39,26.29,32.8,36.17
全期間,C,10,20,fixed,136.11,35.36,16.18,49.62,1.25,931,0.74,15,-4.12,-10.69,58.6,31.35,-3.56,37.25
全期間,C,10,20,fixed_veto_only,129.86,36.07,15.64,48.91,1.23,1006,0.72,15,-7.28,-10.22,70.92,21.04,4.69,27.48
全期間,C,10,30,on,226.71,36.48,22.96,48.89,1.48,720,1.02,25,7.54,-25.61,76.82,9.92,32.98,58.0
全期間,C,10,30,off,298.17,31.11,27.28,48.89,1.51,855,1.19,0,4.86,-16.51,80.52,21.46,51.44,36.98
全期間,C,10,30,fixed,147.33,46.6,17.13,47.86,1.3,746,0.78,15,5.29,-26.74,77.89,10.41,16.54,40.08
全期間,C,10,30,fixed_veto_only,186.63,39.22,20.18,47.23,1.34,830,0.91,15,4.87,-16.8,77.72,15.71,16.99,36.55
全期間,C,10,45,on,298.16,34.67,27.28,49.49,1.59,693,1.21,25,10.36,-20.9,95.5,20.7,25.15,54.45
全期間,C,10,45,off,327.27,30.36,28.86,48.14,1.56,808,1.26,0,13.15,-21.75,99.46,30.9,28.79,43.52
全期間,C,10,45,fixed,226.48,39.67,22.95,47.41,1.43,713,1.03,15,10.26,-20.95,94.84,18.51,13.99,42.3
全期間,C,10,45,fixed_veto_only,265.53,35.06,25.4,46.39,1.46,789,1.13,15,13.11,-21.78,99.52,23.5,20.32,39.34
全期間,C,10,60,on,276.93,35.68,26.07,48.43,1.57,669,1.15,25,4.25,-25.04,96.51,23.34,25.03,59.17
全期間,C,10,60,off,270.78,33.74,25.71,48.08,1.49,780,1.13,0,6.42,-23.67,104.94,15.9,30.83,46.88
全期間,C,10,60,fixed,274.54,36.75,25.93,47.53,1.56,688,1.15,15,3.76,-25.77,93.97,32.66,26.76,49.08
全期間,C,10,60,fixed_veto_only,214.94,35.0,22.18,45.75,1.39,765,0.99,15,9.35,-23.21,103.16,6.97,28.09,34.72
全期間,C,10,90,on,285.92,31.85,26.59,48.52,1.58,674,1.17,25,8.56,-22.37,90.83,20.92,25.61,57.97
全期間,C,10,90,off,274.9,32.2,25.95,47.97,1.48,790,1.13,0,11.01,-23.62,101.73,15.16,30.55,45.79
全期間,C,10,90,fixed,295.7,33.03,27.14,47.56,1.58,698,1.21,15,7.85,-22.76,104.56,22.39,30.29,45.62
全期間,C,10,90,fixed_veto_only,215.21,35.0,22.19,45.84,1.39,770,0.98,15,11.59,-24.63,103.03,6.95,28.14,34.69
全期間,C,10,120,on,285.92,31.85,26.59,48.52,1.58,674,1.17,25,8.56,-22.37,90.83,20.92,25.61,57.97
全期間,C,10,120,off,274.9,32.2,25.95,47.97,1.48,790,1.13,0,11.01,-23.62,101.73,15.16,30.55,45.79
全期間,C,10,120,fixed,295.7,33.03,27.14,47.56,1.58,698,1.21,15,7.85,-22.76,104.56,22.39,30.29,45.62
全期間,C,10,120,fixed_veto_only,215.21,35.0,22.19,45.84,1.39,770,0.98,15,11.59,-24.63,103.03,6.95,28.14,34.69
全期間,D,3,5,on,239.84,54.13,23.81,46.75,1.44,584,0.85,25,14.3,-38.79,73.51,34.66,40.01,48.48
全期間,D,3,5,off,127.38,56.33,15.42,47.1,1.21,775,0.66,0,8.14,-37.82,88.74,12.63,22.48,29.87
全期間,D,3,5,fixed,92.63,55.85,12.13,46.3,1.17,689,0.54,15,6.84,-36.48,68.34,10.92,21.62,25.0
全期間,D,3,5,fixed_veto_only,92.93,56.63,12.16,46.25,1.16,733,0.56,15,7.48,-37.81,88.65,4.39,21.07,21.05
全期間,D,3,10,on,200.59,47.06,21.19,52.11,1.49,355,0.82,25,-10.49,-19.0,54.09,67.27,18.25,36.02
全期間,D,3,10,off,232.25,48.06,23.32,52.51,1.53,438,0.9,0,-14.07,-17.12,72.13,46.14,-4.5,94.21
全期間,D,3,10,fixed,118.93,43.08,14.66,51.0,1.28,402,0.63,15,-3.91,-19.62,53.77,19.3,7.18,44.16
全期間,D,3,10,fixed_veto_only,152.15,44.21,17.52,50.93,1.37,428,0.74,15,-8.59,-16.97,69.43,10.35,6.34,67.09
全期間,D,3,15,on,203.53,50.66,21.39,51.67,1.58,269,0.8,25,5.94,-33.14,57.92,77.94,9.72,39.0
全期間,D,3,15,off,403.86,41.05,32.62,52.8,1.99,339,1.27,0,25.33,-19.25,63.88,73.23,23.75,41.71
全期間,D,3,15,fixed,247.85,38.78,24.32,50.32,1.57,312,0.99,15,25.37,-15.46,63.5,31.54,17.91,29.42
全期間,D,3,15,fixed_veto_only,223.07,41.05,22.72,51.38,1.56,325,0.95,15,25.33,-19.25,63.88,34.16,17.22,23.86
全期間,D,3,20,on,244.48,54.66,24.1,48.15,1.63,270,0.82,25,15.12,-42.46,48.49,71.65,32.1,54.47
全期間,D,3,20,off,426.01,38.94,33.62,50.44,1.94,339,1.17,0,15.23,-23.89,64.3,82.77,44.1,38.6
全期間,D,3,20,fixed,256.66,38.51,24.86,48.7,1.56,308,0.91,15,14.61,-23.35,69.21,26.35,42.66,33.11
全期間,D,3,20,fixed_veto_only,236.08,38.94,23.57,48.62,1.54,325,0.89,15,15.23,-23.89,64.3,27.91,46.53,24.45
全期間,D,3,30,on,286.85,45.43,26.64,47.73,1.77,220,0.9,25,13.62,-37.47,51.26,53.81,51.73,54.25
全期間,D,3,30,off,342.32,31.75,29.64,47.19,1.79,267,1.01,0,16.91,-14.19,9.81,70.77,29.86,81.07
全期間,D,3,30,fixed,435.58,29.96,34.04,50.21,2.18,239,1.19,15,13.62,-8.94,21.21,80.79,62.92,44.99
全期間,D,3,30,fixed_veto_only,294.8,33.22,27.09,45.98,1.73,261,0.94,15,8.97,-13.87,10.47,65.73,22.52,87.54
全期間,D,3,45,on,277.05,46.62,26.08,47.18,1.88,195,0.91,25,20.24,-31.14,38.45,80.64,38.54,31.44
全期間,D,3,45,off,375.19,38.49,31.27,47.39,2.03,230,1.1,0,4.52,-15.97,40.42,136.75,10.61,47.14
全期間,D,3,45,fixed,432.56,33.51,33.91,48.8,2.42,209,1.24,15,17.1,-15.94,41.62,137.73,32.55,21.23
全期間,D,3,45,fixed_veto_only,391.26,34.87,32.04,46.4,2.19,222,1.17,15,10.19,-15.82,42.86,139.17,13.91,36.08
全期間,D,3,60,on,296.34,44.99,27.18,47.85,1.96,186,0.96,25,17.32,-28.36,70.41,48.43,44.0,29.46
全期間,D,3,60,off,504.82,41.7,36.92,48.84,2.49,215,1.23,0,4.93,-20.53,73.94,133.64,25.51,42.19
全期間,D,3,60,fixed,448.55,36.01,34.61,50.0,2.57,198,1.23,15,17.32,-17.21,78.91,101.36,30.12,20.49
全期間,D,3,60,fixed_veto_only,434.81,38.37,34.01,46.48,2.37,213,1.18,15,10.47,-19.95,71.2,124.0,19.29,32.2
全期間,D,3,90,on,260.36,43.58,25.08,46.7,1.88,182,0.89,25,16.57,-27.24,45.52,55.63,40.65,33.39
全期間,D,3,90,off,446.4,41.15,34.51,47.64,2.34,212,1.16,0,4.18,-19.19,81.48,93.93,24.11,48.59
全期間,D,3,90,fixed,441.24,34.57,34.29,48.45,2.39,194,1.25,15,16.57,-16.15,114.43,80.1,18.67,20.82
全期間,D,3,90,fixed_veto_only,394.54,37.53,32.19,46.38,2.24,207,1.13,15,9.72,-18.76,92.22,85.66,14.52,35.76
全期間,D,3,120,on,326.51,43.79,28.82,47.25,2.06,182,1.03,25,16.57,-27.5,120.62,36.25,32.39,26.82
全期間,D,3,120,off,516.81,41.1,37.39,48.82,2.52,211,1.28,0,4.18,-19.12,147.3,74.12,20.75,40.78
全期間,D,3,120,fixed,447.52,34.74,34.56,47.94,2.37,194,1.27,15,16.57,-16.36,137.56,64.33,19.34,20.53
全期間,D,3,120,fixed_veto_only,437.98,37.6,34.15,46.38,2.36,207,1.22,15,9.72,-18.85,141.36,66.22,14.14,31.95
全期間,D,5,5,on,132.66,53.13,15.89,47.81,1.26,960,0.74,25,6.98,-38.57,77.68,34.01,18.19,25.81
全期間,D,5,5,off,90.41,58.26,11.9,46.89,1.16,1239,0.58,0,6.12,-45.34,109.87,20.88,3.37,25.17
全期間,D,5,5,fixed,92.5,55.25,12.11,46.98,1.17,1094,0.6,15,8.48,-42.26,100.84,17.09,11.33,17.38
全期間,D,5,5,fixed_veto_only,71.54,59.11,9.88,46.36,1.14,1169,0.51,15,3.84,-45.33,111.28,18.72,6.55,13.06
全期間,D,5,10,on,120.68,36.68,14.82,50.17,1.29,580,0.7,25,-2.26,-19.39,40.81,46.67,11.76,21.36
全期間,D,5,10,off,125.85,39.13,15.29,49.72,1.26,706,0.69,0,-5.31,-20.27,48.47,32.5,8.87,39.67
全期間,D,5,10,fixed,139.07,32.94,16.44,49.61,1.32,637,0.75,15,-1.94,-16.23,45.02,14.53,15.7,51.45
全期間,D,5,10,fixed_veto_only,75.28,39.82,10.29,48.53,1.18,678,0.51,15,-6.45,-20.06,48.15,6.17,4.66,42.38
全期間,D,5,15,on,201.22,33.1,21.23,50.89,1.45,450,0.91,25,11.68,-8.28,42.81,43.4,6.97,34.24
全期間,D,5,15,off,270.43,34.29,25.69,50.09,1.54,549,1.05,0,15.53,-8.62,54.01,33.02,14.73,49.3
全期間,D,5,15,fixed,236.68,23.66,23.61,51.52,1.51,493,1.04,15,27.48,10.59,38.43,15.98,14.16,30.29
全期間,D,5,15,fixed_veto_only,144.6,36.23,16.9,48.59,1.29,531,0.75,15,15.53,-8.62,54.01,22.44,0.56,22.19
全期間,D,5,20,on,245.56,42.09,24.17,49.66,1.51,443,0.93,25,11.0,-19.65,54.9,36.84,27.74,43.1
全期間,D,5,20,off,336.12,34.12,29.32,47.72,1.61,549,1.09,0,7.08,-3.93,59.22,34.39,34.67,47.11
全期間,D,5,20,fixed,286.93,28.73,26.65,49.18,1.59,486,1.02,15,12.64,1.71,44.27,19.17,45.07,35.41
全期間,D,5,20,fixed_veto_only,233.58,37.46,23.41,46.14,1.44,531,0.92,15,7.08,-3.93,59.22,21.72,28.3,30.4
全期間,D,5,30,on,308.61,31.2,27.86,47.89,1.72,355,1.06,25,13.96,-12.62,59.35,50.7,34.69,26.87
全期間,D,5,30,off,519.3,25.32,37.49,48.33,1.95,418,1.37,0,24.57,-14.2,69.78,94.51,28.81,36.21
全期間,D,5,30,fixed,262.25,30.22,25.2,48.52,1.66,371,0.99,15,14.43,-20.04,55.14,34.14,26.0,50.99
全期間,D,5,30,fixed_veto_only,261.9,38.88,25.18,47.06,1.54,408,0.96,15,13.88,-14.0,72.66,27.01,10.2,52.92
全期間,D,5,45,on,438.14,27.1,34.16,47.04,2.23,304,1.29,25,17.37,-12.33,53.56,106.2,42.57,15.85
全期間,D,5,45,off,541.93,30.93,38.35,47.44,2.39,352,1.38,0,5.98,-11.02,48.49,112.22,43.26,50.8
全期間,D,5,45,fixed,264.17,30.39,25.31,47.09,1.73,327,0.99,15,17.15,-13.26,36.84,65.1,18.33,34.05
全期間,D,5,45,fixed_veto_only,279.28,32.5,26.21,45.69,1.7,348,1.0,15,11.51,-11.29,45.88,69.31,12.27,38.27
全期間,D,5,60,on,417.67,37.14,33.25,44.07,2.23,295,1.21,25,12.79,-25.5,83.23,86.24,48.52,21.55
全期間,D,5,60,off,540.04,36.74,38.28,44.54,2.47,339,1.32,0,3.79,-20.4,91.47,90.66,46.99,44.38
全期間,D,5,60,fixed,320.28,33.96,28.49,46.1,1.92,308,1.09,15,12.79,-22.93,83.79,58.68,28.65,28.86
全期間,D,5,60,fixed_veto_only,302.71,34.43,27.53,43.03,1.81,330,1.02,15,7.41,-20.79,87.95,48.84,20.22,40.74
全期間,D,5,90,on,409.59,36.65,32.89,43.94,2.16,289,1.22,25,15.09,-25.25,99.98,63.05,48.96,21.96
全期間,D,5,90,off,595.34,35.96,40.3,45.43,2.64,328,1.42,0,5.5,-20.9,99.93,111.71,41.17,39.44
全期間,D,5,90,fixed,395.87,33.49,32.25,45.54,2.09,303,1.22,15,15.09,-22.69,132.76,48.63,30.52,23.43
全期間,D,5,90,fixed_veto_only,324.08,33.7,28.69,44.2,1.84,319,1.07,15,9.48,-21.57,101.4,51.46,18.39,36.75
全期間,D,5,120,on,428.55,33.21,33.74,44.48,2.2,290,1.26,25,15.09,-22.42,101.93,61.87,49.66,21.01
全期間,D,5,120,off,622.29,32.94,41.23,46.3,2.68,324,1.45,0,5.5,-17.84,108.44,108.09,39.8,37.42
全期間,D,5,120,fixed,434.47,27.02,34.0,47.18,2.24,301,1.3,15,15.09,-12.4,117.66,48.78,34.88,21.37
全期間,D,5,120,fixed_veto_only,375.72,30.18,31.3,45.71,2.0,315,1.17,15,9.48,-18.14,103.85,54.66,28.03,31.5
全期間,D,8,5,on,77.39,48.08,10.53,47.13,1.16,1553,0.57,25,8.38,-39.86,76.16,17.2,6.87,23.34
全期間,D,8,5,off,63.97,52.7,9.02,46.38,1.12,1921,0.49,0,4.27,-43.46,82.94,15.28,1.06,30.51
全期間,D,8,5,fixed,39.97,50.98,6.05,46.2,1.08,1671,0.37,15,5.24,-42.23,79.66,9.65,-0.75,17.74
全期間,D,8,5,fixed_veto_only,41.18,53.2,6.21,46.04,1.09,1818,0.38,15,2.76,-43.53,84.44,13.87,0.91,14.78
全期間,D,8,10,on,52.65,46.55,7.66,48.39,1.15,868,0.44,25,-0.22,-32.67,60.23,11.34,-4.8,33.79
全期間,D,8,10,off,148.91,46.3,17.26,49.52,1.33,1046,0.79,0,-4.38,-29.4,68.04,26.34,2.6,69.26
全期間,D,8,10,fixed,56.74,42.33,8.16,48.23,1.14,931,0.45,15,0.5,-27.35,45.86,16.03,-5.73,34.55
全期間,D,8,10,fixed_veto_only,130.44,45.35,15.69,48.48,1.32,1021,0.76,15,-2.1,-29.7,67.86,22.39,21.06,34.63
全期間,D,8,15,on,280.46,24.18,26.28,50.0,1.65,706,1.23,25,10.49,-2.06,55.34,33.13,12.48,51.14
全期間,D,8,15,off,378.89,19.45,31.45,51.06,1.75,850,1.42,0,20.26,3.25,50.26,37.62,15.73,61.16
全期間,D,8,15,fixed,276.67,24.06,26.05,49.93,1.62,753,1.21,15,25.63,11.18,29.55,40.27,4.75,41.67
全期間,D,8,15,fixed_veto_only,308.89,28.53,27.87,49.09,1.62,823,1.28,15,21.03,3.23,50.18,22.83,19.5,48.48
全期間,D,8,20,on,376.87,25.02,31.35,49.65,1.76,713,1.3,25,16.06,-3.97,65.63,28.94,29.65,54.54
全期間,D,8,20,off,425.06,25.84,33.58,49.11,1.78,843,1.33,0,20.28,-2.29,52.62,21.88,40.34,71.14
全期間,D,8,20,fixed,303.62,27.3,27.58,48.66,1.67,744,1.14,15,21.6,1.7,36.76,31.06,24.27,46.52
全期間,D,8,20,fixed_veto_only,344.46,32.74,29.75,47.67,1.65,816,1.21,15,23.07,-2.52,51.95,17.84,38.77,49.1
全期間,D,8,30,on,288.23,29.36,26.72,48.61,1.64,541,1.11,25,14.15,-7.8,50.97,29.52,46.22,29.02
全期間,D,8,30,off,341.84,27.79,29.62,47.48,1.6,636,1.19,0,24.8,-16.33,53.06,73.23,16.88,36.53
全期間,D,8,30,fixed,330.97,29.04,29.05,48.48,1.8,559,1.2,15,14.15,-7.85,65.77,24.37,38.62,43.35
全期間,D,8,30,fixed_veto_only,252.11,34.25,24.58,45.94,1.51,616,1.01,15,16.79,-17.57,55.36,40.66,23.66,35.34
全期間,D,8,45,on,428.06,25.11,33.71,46.56,2.09,479,1.38,25,21.04,-12.24,59.83,69.75,44.3,26.99
全期間,D,8,45,off,383.09,27.11,31.65,44.89,1.85,548,1.27,0,15.71,-15.6,36.64,83.52,43.69,37.28
全期間,D,8,45,fixed,349.86,27.21,30.02,46.69,1.92,499,1.27,15,19.21,-9.02,50.46,47.37,42.64,31.14
全期間,D,8,45,fixed_veto_only,412.39,29.3,33.01,43.06,1.97,555,1.33,15,18.52,-16.49,59.36,47.72,40.21,56.84
全期間,D,8,60,on,314.92,32.8,28.2,46.22,1.86,437,1.12,25,9.2,-22.67,65.38,39.54,43.48,48.39
全期間,D,8,60,off,429.74,30.49,33.79,44.53,2.08,512,1.32,0,11.83,-19.61,64.74,68.44,43.09,48.41
全期間,D,8,60,fixed,280.08,32.59,26.25,46.56,1.8,451,1.08,15,9.2,-22.54,67.29,39.52,39.79,37.73
全期間,D,8,60,fixed_veto_only,344.23,31.25,29.74,42.69,1.94,499,1.17,15,10.62,-19.57,65.41,28.76,39.26,68.33
全期間,D,8,90,on,353.52,25.8,30.21,44.44,1.91,441,1.22,25,22.08,-10.76,57.86,32.55,38.9,43.23
全期間,D,8,90,off,506.99,30.59,37.01,44.16,2.18,505,1.45,0,20.98,-19.37,85.54,64.65,37.83,47.79
全期間,D,8,90,fixed,315.82,29.36,28.25,45.25,1.88,453,1.15,15,22.08,-14.59,69.32,31.31,35.78,32.1
全期間,D,8,90,fixed_veto_only,425.87,30.53,33.62,42.37,2.09,498,1.32,15,19.8,-19.31,85.88,35.05,29.23,67.68
全期間,D,8,120,on,410.96,24.96,32.95,46.0,2.07,437,1.36,25,26.01,-12.7,67.6,32.45,53.19,36.59
全期間,D,8,120,off,518.12,29.54,37.44,44.44,2.18,495,1.5,0,23.46,-18.1,86.09,67.48,40.05,40.06
全期間,D,8,120,fixed,363.77,26.17,30.72,47.11,2.03,450,1.27,15,26.01,-12.89,75.7,30.5,44.43,27.58
全期間,D,8,120,fixed_veto_only,472.71,29.53,35.62,42.97,2.22,491,1.42,15,23.13,-18.09,86.23,37.72,33.87,65.4
全期間,D,10,5,on,53.19,49.07,7.73,46.73,1.11,1913,0.46,25,13.34,-41.7,64.82,13.17,10.4,12.58
全期間,D,10,5,off,51.09,50.45,7.47,46.36,1.1,2349,0.43,0,10.8,-42.15,56.62,11.26,3.01,31.32
全期間,D,10,5,fixed,23.79,50.28,3.8,46.12,1.05,2034,0.28,15,8.61,-41.85,62.27,3.9,-0.16,16.44
全期間,D,10,5,fixed_veto_only,36.66,50.72,5.6,46.24,1.08,2232,0.36,15,8.86,-42.32,58.61,10.61,4.33,18.91
全期間,D,10,10,on,42.59,45.74,6.39,48.46,1.12,1038,0.39,25,4.88,-37.28,55.14,-0.3,3.43,35.5
全期間,D,10,10,off,100.07,43.47,12.87,48.51,1.23,1278,0.64,0,2.26,-33.2,58.26,15.79,5.99,50.8
全期間,D,10,10,fixed,28.14,44.15,4.42,48.4,1.08,1091,0.3,15,-1.77,-31.31,50.44,-2.07,-6.06,37.23
全期間,D,10,10,fixed_veto_only,51.83,46.76,7.56,48.26,1.14,1210,0.44,15,-4.7,-32.09,58.04,4.62,3.48,37.11
全期間,D,10,15,on,344.62,23.41,29.76,50.06,1.76,887,1.46,25,24.95,-1.46,58.29,32.29,29.8,32.85
全期間,D,10,15,off,332.4,23.71,29.13,49.86,1.64,1045,1.38,0,21.64,-4.09,57.66,32.48,19.53,48.45
全期間,D,10,15,fixed,259.66,27.33,25.04,49.67,1.6,920,1.2,15,27.81,-1.92,36.32,34.29,14.63,36.72
全期間,D,10,15,fixed_veto_only,302.86,28.4,27.54,49.01,1.61,1006,1.32,15,25.72,-2.98,53.89,24.56,17.02,47.24
全期間,D,10,20,on,404.48,26.51,32.65,48.98,1.83,884,1.39,25,22.93,-6.51,63.47,27.33,53.46,37.42
全期間,D,10,20,off,356.24,30.13,30.34,47.49,1.64,1034,1.25,0,16.67,-7.95,60.17,20.88,37.04,60.11
全期間,D,10,20,fixed,318.62,31.06,28.4,48.41,1.69,913,1.2,15,18.9,-4.21,38.45,26.51,41.99,47.79
全期間,D,10,20,fixed_veto_only,328.27,30.2,28.91,46.7,1.63,1000,1.21,15,19.96,-6.91,60.14,17.82,33.58,52.16
全期間,D,10,30,on,193.92,34.52,20.71,44.95,1.44,643,0.92,25,17.89,-23.33,43.69,25.6,43.48,25.58
全期間,D,10,30,off,332.2,34.25,29.12,46.64,1.69,744,1.17,0,15.83,-22.99,46.29,61.99,24.5,64.23
全期間,D,10,30,fixed,279.7,32.73,26.23,45.6,1.68,682,1.12,15,17.89,-16.11,59.99,27.55,27.32,47.77
全期間,D,10,30,fixed_veto_only,176.47,34.5,19.43,43.75,1.4,720,0.85,15,11.89,-21.96,47.02,20.49,28.77,38.78
全期間,D,10,45,on,265.0,25.95,25.36,43.01,1.67,579,1.09,25,19.85,-15.18,40.44,40.01,44.84,26.07
全期間,D,10,45,off,375.95,31.82,31.31,43.59,1.82,663,1.29,0,20.42,-21.1,52.61,76.17,36.12,36.87
全期間,D,10,45,fixed,282.95,30.36,26.42,42.98,1.76,598,1.13,15,19.01,-19.46,46.87,35.58,39.71,43.61
全期間,D,10,45,fixed_veto_only,274.82,30.77,25.95,41.08,1.65,650,1.09,15,15.33,-19.66,51.62,29.15,35.74,52.18
全期間,D,10,60,on,273.06,30.58,25.84,43.57,1.7,544,1.09,25,16.69,-20.14,57.06,31.95,37.0,41.0
全期間,D,10,60,off,433.78,32.09,33.97,44.62,2.08,623,1.36,0,18.19,-22.06,59.33,68.41,39.15,55.19
全期間,D,10,60,fixed,257.1,32.42,24.89,43.11,1.73,559,1.06,15,16.69,-22.41,49.63,37.46,29.73,47.81
全期間,D,10,60,fixed_veto_only,282.4,32.34,26.39,41.67,1.72,612,1.1,15,16.63,-22.31,57.78,30.35,34.37,52.72
全期間,D,10,90,on,271.84,30.46,25.77,43.5,1.71,531,1.09,25,22.93,-19.96,43.79,38.75,38.18,37.08
全期間,D,10,90,off,530.28,31.96,37.91,44.57,2.27,617,1.51,0,24.27,-21.86,83.07,63.88,47.24,46.93
全期間,D,10,90,fixed,403.41,29.96,32.6,43.77,2.08,562,1.36,15,22.93,-18.39,81.72,37.82,53.9,30.18
全期間,D,10,90,fixed_veto_only,464.86,31.88,35.3,41.87,2.12,609,1.44,15,22.4,-21.73,83.63,34.86,54.97,53.63
全期間,D,10,120,on,365.81,30.79,30.82,44.13,1.98,537,1.31,25,23.79,-20.36,61.05,40.76,64.58,26.63
全期間,D,10,120,off,458.76,32.07,35.04,43.97,2.12,605,1.42,0,25.09,-22.01,52.6,68.78,50.59,47.67
全期間,D,10,120,fixed,333.54,29.44,29.19,43.33,1.97,547,1.23,15,23.79,-18.85,51.59,39.48,49.17,36.84
全期間,D,10,120,fixed_veto_only,337.47,32.43,29.39,41.5,1.85,600,1.22,15,23.12,-22.36,52.85,33.02,44.37,55.92
全期間,E,3,5,on,242.65,51.71,23.99,43.75,1.48,592,0.86,25,-8.39,-24.06,84.83,31.12,40.1,45.07
全期間,E,3,5,off,84.55,54.24,11.29,44.25,1.15,782,0.51,0,-14.36,-21.91,75.47,-4.75,22.93,34.3
全期間,E,3,5,fixed,76.07,53.11,10.38,43.12,1.15,698,0.48,15,-14.45,-20.16,73.64,-3.73,23.5,24.86
全期間,E,3,5,fixed_veto_only,55.56,54.34,8.02,43.17,1.11,739,0.41,15,-14.53,-21.91,75.49,-10.29,19.6,23.78
全期間,E,3,10,on,193.8,55.77,20.7,45.01,1.5,371,0.77,25,-25.49,-25.62,53.55,78.58,46.9,31.6
全期間,E,3,10,off,233.3,53.47,23.39,45.03,1.54,453,0.87,0,-24.63,-22.5,60.58,29.1,47.41,86.7
全期間,E,3,10,fixed,111.69,55.05,13.99,44.1,1.26,415,0.59,15,-26.57,-23.15,73.38,33.17,16.91,38.97
全期間,E,3,10,fixed_veto_only,111.74,54.05,13.99,43.92,1.26,444,0.6,15,-25.72,-22.35,61.53,22.06,11.53,66.95
全期間,E,3,15,on,178.32,58.23,19.57,44.03,1.49,293,0.75,25,-15.14,-42.17,61.57,125.2,15.31,35.17
全期間,E,3,15,off,267.99,30.53,25.54,47.01,1.54,385,0.97,0,1.43,-16.7,66.68,46.55,20.08,48.49
全期間,E,3,15,fixed,132.68,40.04,15.89,43.64,1.29,346,0.67,15,-3.81,-25.26,95.42,44.24,5.99,8.34
全期間,E,3,15,fixed_veto_only,188.88,31.59,20.35,44.65,1.42,374,0.82,15,-1.39,-17.2,55.56,57.49,-0.42,45.02
全期間,E,3,20,on,217.88,54.75,22.38,44.07,1.54,295,0.81,25,1.03,-47.67,63.68,121.8,16.24,42.46
全期間,E,3,20,off,259.74,44.57,25.05,43.46,1.5,382,0.89,0,11.84,-34.25,49.91,65.68,29.42,52.2
全期間,E,3,20,fixed,176.07,47.27,19.4,41.16,1.35,345,0.75,15,10.55,-37.42,96.36,57.13,9.97,17.6
全期間,E,3,20,fixed_veto_only,179.63,44.89,19.67,41.46,1.38,369,0.74,15,8.56,-34.62,48.53,69.34,1.21,54.77
全期間,E,3,30,on,358.22,32.95,30.44,40.88,1.82,274,1.15,25,16.75,-7.82,90.05,32.78,37.03,23.13
全期間,E,3,30,off,476.31,31.05,35.77,42.5,1.89,320,1.3,0,28.0,-3.67,79.19,45.25,45.65,23.3
全期間,E,3,30,fixed,316.11,35.09,28.27,39.93,1.66,303,1.04,15,12.77,-10.26,91.94,37.68,25.42,24.05
全期間,E,3,30,fixed_veto_only,414.77,33.14,33.12,40.37,1.82,322,1.18,15,12.77,-7.48,87.21,50.89,35.28,29.11
全期間,E,3,45,on,299.07,38.69,27.33,39.39,1.74,264,1.04,25,9.22,-21.64,73.47,58.45,30.31,30.18
全期間,E,3,45,off,373.01,35.22,31.17,40.32,1.75,310,1.14,0,9.85,-17.76,95.67,50.45,33.91,32.81
全期間,E,3,45,fixed,265.69,39.42,25.41,38.36,1.59,292,0.96,15,7.75,-21.98,85.89,53.35,17.92,29.41
全期間,E,3,45,fixed_veto_only,339.7,35.4,29.51,38.78,1.69,312,1.08,15,7.75,-17.72,94.87,48.98,25.46,36.17
全期間,E,3,60,on,316.55,34.31,28.29,38.43,1.75,255,1.08,25,22.51,-17.6,84.34,36.98,27.11,28.57
全期間,E,3,60,off,395.21,46.18,32.22,40.34,1.8,295,1.16,0,16.82,-30.13,144.84,42.17,27.08,37.16
全期間,E,3,60,fixed,318.96,46.55,28.42,37.32,1.7,284,1.07,15,21.38,-30.95,144.14,42.3,15.38,24.71
全期間,E,3,60,fixed_veto_only,364.81,46.11,30.77,39.33,1.74,300,1.12,15,17.65,-30.13,143.96,39.69,24.28,33.52
全期間,E,3,90,on,329.82,33.44,28.99,38.61,1.74,259,1.13,25,31.36,-16.29,84.72,30.89,26.86,27.44
全期間,E,3,90,off,369.73,39.83,31.01,40.75,1.73,292,1.15,0,32.85,-23.94,100.87,31.54,25.68,39.98
全期間,E,3,90,fixed,331.44,42.05,29.08,39.29,1.72,280,1.13,15,41.0,-26.82,109.36,39.56,15.58,23.82
全期間,E,3,90,fixed_veto_only,340.57,39.75,29.55,39.73,1.67,297,1.11,15,33.13,-23.84,100.55,29.07,23.4,36.03
全期間,E,3,120,on,324.49,36.61,28.71,37.98,1.75,258,1.13,25,34.15,-20.88,85.27,32.96,26.96,27.88
全期間,E,3,120,off,371.05,44.4,31.07,40.07,1.74,287,1.16,0,35.46,-29.74,114.3,31.34,25.76,39.83
全期間,E,3,120,fixed,334.77,45.69,29.25,39.42,1.74,274,1.15,15,43.95,-31.44,121.72,39.03,15.63,23.59
全期間,E,3,120,fixed_veto_only,341.39,44.39,29.59,39.04,1.68,292,1.11,15,35.62,-29.73,114.17,28.94,23.38,35.93
全期間,E,5,5,on,99.83,52.61,12.85,44.46,1.2,974,0.61,25,-7.2,-30.95,65.98,33.58,17.35,19.85
全期間,E,5,5,off,47.79,54.66,7.06,44.22,1.09,1262,0.4,0,-6.99,-35.18,86.85,9.18,-1.29,21.72
全期間,E,5,5,fixed,49.88,52.94,7.32,43.69,1.1,1110,0.41,15,-6.12,-33.24,77.87,8.59,5.99,16.8
全期間,E,5,5,fixed_veto_only,35.33,55.26,5.42,43.45,1.07,1190,0.34,15,-8.67,-34.94,88.08,9.36,1.22,9.39
全期間,E,5,10,on,107.97,44.81,13.64,43.36,1.26,602,0.63,25,-14.95,-24.8,27.72,56.62,33.5,21.76
全期間,E,5,10,off,141.85,45.15,16.67,43.6,1.32,711,0.73,0,-18.35,-21.59,34.02,28.46,37.65,59.41
全期間,E,5,10,fixed,64.71,42.58,9.1,43.37,1.16,641,0.46,15,-15.78,-20.85,36.77,15.12,9.17,43.75
全期間,E,5,10,fixed_veto_only,72.77,45.83,10.02,43.23,1.18,687,0.5,15,-19.28,-21.55,34.39,17.84,17.75,46.3
全期間,E,5,15,on,210.46,35.75,21.87,44.94,1.47,514,0.96,25,10.23,-24.24,73.03,35.84,43.88,9.94
全期間,E,5,15,off,252.2,34.54,24.58,44.02,1.47,627,1.04,0,3.18,9.38,59.95,3.27,19.06,58.68
全期間,E,5,15,fixed,205.63,18.45,21.54,43.83,1.42,559,1.0,15,11.46,11.62,62.36,15.37,24.03,5.73
全期間,E,5,15,fixed_veto_only,212.8,33.7,22.03,43.44,1.44,610,0.99,15,3.36,9.48,59.93,-0.97,32.07,32.16
全期間,E,5,20,on,246.22,45.87,24.21,42.01,1.5,507,0.97,25,15.83,-34.73,68.05,56.01,49.56,16.79
全期間,E,5,20,off,314.72,31.65,28.19,41.34,1.54,629,1.11,0,14.53,-1.33,60.5,6.1,39.43,54.57
全期間,E,5,20,fixed,225.16,23.73,22.86,41.55,1.42,556,0.97,15,13.5,-4.36,73.18,22.33,26.46,11.81
全期間,E,5,20,fixed_veto_only,244.04,34.51,24.08,41.05,1.47,609,0.99,15,8.91,-3.72,62.64,3.52,42.09,37.16
全期間,E,5,30,on,284.87,23.46,26.53,38.36,1.56,451,1.12,25,11.9,5.83,90.71,17.04,31.7,10.56
全期間,E,5,30,off,466.76,23.84,35.38,40.26,1.82,539,1.39,0,22.33,2.83,64.78,20.28,44.94,56.84
全期間,E,5,30,fixed,239.0,26.76,23.76,37.97,1.46,482,0.99,15,12.1,5.28,65.14,30.94,19.31,11.34
全期間,E,5,30,fixed_veto_only,285.92,33.58,26.59,37.62,1.51,529,1.09,15,15.05,4.03,64.53,17.16,35.87,23.1
全期間,E,5,45,on,350.21,24.94,30.04,36.89,1.72,431,1.23,25,14.18,-3.16,79.01,40.61,44.3,12.09
全期間,E,5,45,off,490.45,24.38,36.35,38.15,1.95,498,1.4,0,22.6,-2.77,70.19,11.89,64.36,58.26
全期間,E,5,45,fixed,293.12,23.56,27.0,36.26,1.61,455,1.13,15,15.54,0.78,68.99,34.49,26.67,17.26
全期間,E,5,45,fixed_veto_only,306.02,32.82,27.72,35.58,1.6,489,1.14,15,20.44,-2.77,71.5,0.45,61.0,25.0
全期間,E,5,60,on,300.03,41.24,27.39,37.34,1.69,399,1.11,25,12.56,-28.74,113.46,40.8,45.79,13.82
全期間,E,5,60,off,440.31,41.31,34.25,36.84,1.88,475,1.28,0,26.58,-28.2,108.59,5.38,55.73,73.68
全期間,E,5,60,fixed,276.95,32.66,26.07,35.75,1.61,428,1.07,15,18.44,-16.31,94.28,31.22,26.27,18.14
全期間,E,5,60,fixed_veto_only,226.13,40.45,22.92,35.73,1.5,459,0.93,15,11.06,-27.77,103.57,-6.73,58.49,35.1
全期間,E,5,90,on,288.68,41.78,26.75,36.68,1.65,398,1.09,25,22.78,-27.51,92.07,32.63,50.0,14.28
全期間,E,5,90,off,438.0,34.31,34.15,37.58,1.89,463,1.28,0,25.18,-17.62,81.76,5.77,55.77,74.23
全期間,E,5,90,fixed,294.36,27.07,27.07,35.48,1.63,434,1.1,15,20.56,-7.72,63.61,21.14,52.58,17.21
全期間,E,5,90,fixed_veto_only,270.31,35.53,25.68,35.68,1.58,454,1.04,15,22.4,-19.47,84.14,-6.93,70.0,28.94
全期間,E,5,120,on,299.09,44.29,27.33,36.62,1.67,396,1.12,25,26.59,-30.73,105.49,33.42,45.79,13.86
全期間,E,5,120,off,486.95,30.99,36.2,38.19,1.93,474,1.37,0,36.14,-12.52,75.0,11.01,54.64,64.07
全期間,E,5,120,fixed,267.22,26.23,25.5,35.88,1.56,432,1.07,15,24.78,-5.81,68.09,22.9,27.4,18.71
全期間,E,5,120,fixed_veto_only,299.31,34.49,27.35,35.59,1.6,458,1.12,15,32.96,-16.96,81.1,-1.98,61.63,26.07
全期間,E,8,5,on,35.3,53.09,5.42,43.82,1.08,1522,0.34,25,-11.87,-38.03,66.77,13.21,4.52,25.54
全期間,E,8,5,off,27.57,53.43,4.34,43.15,1.06,1905,0.3,0,-10.76,-39.86,73.65,6.41,2.11,25.97
全期間,E,8,5,fixed,16.53,53.64,2.71,43.03,1.04,1622,0.24,15,-10.82,-40.09,68.29,1.18,1.33,26.4
全期間,E,8,5,fixed_veto_only,10.64,54.01,1.78,42.52,1.03,1799,0.2,15,-11.92,-39.83,74.27,7.52,2.6,8.59
全期間,E,8,10,on,82.25,45.08,11.05,42.3,1.2,922,0.57,25,-12.57,-26.01,47.62,13.32,34.69,25.03
全期間,E,8,10,off,84.71,39.99,11.31,43.35,1.18,1128,0.57,0,-14.86,-16.9,63.6,5.05,22.53,23.99
全期間,E,8,10,fixed,107.13,41.26,13.56,42.73,1.25,997,0.67,15,-14.77,-18.57,58.86,12.56,31.75,26.68
全期間,E,8,10,fixed_veto_only,45.49,40.22,6.76,42.05,1.11,1094,0.41,15,-15.36,-16.78,63.82,1.65,18.08,5.05
全期間,E,8,15,on,154.12,29.58,17.68,42.33,1.35,789,0.84,25,-2.06,-9.19,47.93,15.03,36.37,23.13
全期間,E,8,15,off,139.31,30.79,16.46,43.21,1.28,935,0.78,0,-3.13,-12.33,62.99,17.64,16.59,26.05
全期間,E,8,15,fixed,205.5,27.59,21.53,43.53,1.44,843,1.02,15,5.96,-12.83,61.34,13.34,58.29,14.26
全期間,E,8,15,fixed_veto_only,124.86,29.98,15.2,43.36,1.26,911,0.75,15,-2.34,-12.09,62.11,10.43,42.42,2.73
全期間,E,8,20,on,219.56,39.53,22.49,41.0,1.46,783,0.97,25,-0.48,-19.87,63.22,21.58,54.92,30.35
全期間,E,8,20,off,184.21,39.24,20.01,40.52,1.34,928,0.86,0,-3.35,-16.88,54.89,28.67,32.84,33.62
全期間,E,8,20,fixed,221.62,37.2,22.63,40.99,1.45,832,0.98,15,0.49,-17.63,64.75,19.27,64.66,20.09
全期間,E,8,20,fixed_veto_only,137.55,39.01,16.31,39.8,1.27,907,0.74,15,-2.79,-17.09,54.78,20.2,44.55,9.6
全期間,E,8,30,on,342.0,25.92,29.62,39.64,1.73,676,1.26,25,4.55,-5.36,49.2,33.57,67.43,33.87
全期間,E,8,30,off,315.67,24.4,28.24,39.45,1.51,806,1.24,0,10.76,-2.77,88.79,26.22,42.04,14.02
全期間,E,8,30,fixed,313.3,27.32,28.11,38.12,1.66,703,1.2,15,-0.28,-0.92,63.55,46.84,49.93,16.18
全期間,E,8,30,fixed_veto_only,253.5,29.43,24.67,38.68,1.47,773,1.1,15,6.84,-3.53,63.19,24.57,48.99,13.24
全期間,E,8,45,on,395.54,29.13,32.24,37.56,1.88,631,1.36,25,8.27,-12.42,71.11,37.16,64.56,35.31
全期間,E,8,45,off,309.92,29.1,27.93,37.88,1.58,718,1.18,0,11.64,-13.19,75.69,18.93,64.72,22.87
全期間,E,8,45,fixed,288.15,24.01,26.72,35.88,1.64,655,1.17,15,7.16,-6.81,57.86,38.53,38.21,28.61
全期間,E,8,45,fixed_veto_only,266.72,29.22,25.47,36.12,1.52,717,1.12,15,11.55,-13.3,75.83,13.36,57.24,20.98
全期間,E,8,60,on,353.59,33.39,30.21,36.95,1.81,609,1.27,25,15.45,-17.72,60.93,19.51,77.55,39.82
全期間,E,8,60,off,343.81,32.64,29.72,37.41,1.64,695,1.25,0,27.13,-17.46,67.88,13.98,72.17,28.38
全期間,E,8,60,fixed,359.32,27.73,30.5,36.15,1.78,639,1.34,15,22.19,-10.89,65.13,39.3,48.38,23.6
全期間,E,8,60,fixed_veto_only,313.58,28.8,28.13,36.26,1.62,695,1.22,15,18.15,-12.76,68.01,23.2,64.87,17.57
全期間,E,8,90,on,439.5,28.07,34.22,37.93,1.93,609,1.46,25,16.45,-11.14,81.98,37.89,58.02,31.48
全期間,E,8,90,off,295.67,31.62,27.14,37.13,1.54,684,1.16,0,22.32,-16.3,74.56,16.05,52.99,24.7
全期間,E,8,90,fixed,358.47,21.78,30.45,35.37,1.77,639,1.38,15,19.61,-5.19,59.52,44.8,41.54,23.65
全期間,E,8,90,fixed_veto_only,315.8,26.32,28.25,35.25,1.58,695,1.25,15,21.22,-6.54,87.92,13.26,46.81,17.46
全期間,E,8,120,on,427.09,31.33,33.67,37.33,1.92,600,1.44,25,20.64,-15.02,77.15,38.69,57.99,32.47
全期間,E,8,120,off,292.67,34.93,26.97,36.77,1.55,669,1.15,0,21.17,-20.14,69.63,24.87,53.17,25.07
全期間,E,8,120,fixed,332.11,25.29,29.11,34.76,1.74,630,1.3,15,21.57,-7.99,55.53,39.91,41.51,25.46
全期間,E,8,120,fixed_veto_only,299.79,24.78,27.37,35.07,1.57,690,1.22,15,21.47,-6.95,73.81,13.38,51.73,18.29
全期間,E,10,5,on,9.77,48.89,1.64,43.64,1.03,1909,0.19,25,-0.33,-41.57,58.01,7.45,2.96,7.82
全期間,E,10,5,off,11.23,50.42,1.87,43.18,1.03,2325,0.2,0,-1.14,-40.39,55.44,-1.11,-4.48,28.55
全期間,E,10,5,fixed,-4.41,51.6,-0.78,43.31,1.0,1972,0.1,15,-4.82,-40.65,55.13,-3.76,-5.29,19.67
全期間,E,10,5,fixed_veto_only,-6.5,49.54,-1.17,42.85,1.0,2210,0.08,15,-3.79,-40.18,56.64,0.21,-3.4,7.13
全期間,E,10,10,on,59.07,48.36,8.44,43.58,1.16,1090,0.47,25,-19.48,-23.72,48.52,7.32,28.29,26.65
全期間,E,10,10,off,54.73,47.45,7.92,43.51,1.13,1333,0.45,0,-20.79,-20.81,58.25,18.83,12.53,16.57
全期間,E,10,10,fixed,67.87,46.51,9.47,44.06,1.18,1171,0.51,15,-18.16,-22.22,50.98,8.58,16.29,38.33
全期間,E,10,10,fixed_veto_only,35.14,45.94,5.4,42.89,1.09,1308,0.35,15,-19.49,-20.24,57.59,14.31,14.39,2.12
全期間,E,10,15,on,160.14,23.88,18.17,42.55,1.37,973,0.91,25,-2.3,-5.97,43.39,16.74,37.29,23.21
全期間,E,10,15,off,109.79,29.56,13.81,42.79,1.22,1131,0.7,0,-3.1,-13.01,57.17,13.55,20.08,16.15
全期間,E,10,15,fixed,160.25,30.92,18.17,43.07,1.37,1003,0.9,15,-2.26,-14.81,53.74,19.11,43.63,18.83
全期間,E,10,15,fixed_veto_only,126.52,30.32,15.35,42.86,1.27,1106,0.77,15,-4.31,-13.14,57.49,13.93,34.17,13.19
全期間,E,10,20,on,228.04,30.85,23.05,40.78,1.48,976,1.05,25,2.33,-10.95,47.64,19.53,57.86,29.22
全期間,E,10,20,off,190.1,35.93,20.44,41.01,1.35,1134,0.92,0,-1.54,-15.45,59.02,21.4,45.52,24.05
全期間,E,10,20,fixed,208.27,39.55,21.72,40.4,1.45,1005,1.0,15,-2.41,-18.97,56.7,26.87,58.09,24.03
全期間,E,10,20,fixed_veto_only,169.11,37.41,18.87,40.13,1.33,1114,0.87,15,-3.28,-15.69,58.99,22.4,43.91,17.84
全期間,E,10,30,on,301.1,21.95,27.45,37.95,1.65,830,1.23,25,5.27,-6.68,49.56,28.85,67.65,26.38
全期間,E,10,30,off,257.09,19.94,24.89,38.08,1.47,969,1.14,0,6.93,-3.95,54.83,17.93,65.59,14.99
全期間,E,10,30,fixed,238.14,20.95,23.7,37.91,1.51,844,1.07,15,1.48,-2.23,56.97,31.8,38.95,18.55
全期間,E,10,30,fixed_veto_only,204.76,31.18,21.48,37.03,1.39,948,0.99,15,2.64,-4.85,53.81,29.38,42.99,9.66
全期間,E,10,45,on,275.98,27.03,26.01,36.66,1.61,761,1.18,25,8.91,-11.93,49.65,27.44,53.12,34.24
全期間,E,10,45,off,249.22,28.2,24.4,36.38,1.46,885,1.08,0,13.62,-12.94,66.57,11.82,48.95,27.26
全期間,E,10,45,fixed,280.23,23.89,26.26,36.02,1.59,794,1.18,15,7.79,-7.64,72.22,37.58,30.81,23.23
全期間,E,10,45,fixed_veto_only,218.27,28.85,22.4,35.01,1.44,874,1.03,15,12.38,-13.1,61.38,10.39,54.33,18.55
全期間,E,10,60,on,298.2,30.91,27.28,36.28,1.68,736,1.22,25,16.83,-16.79,47.72,37.41,53.18,31.73
全期間,E,10,60,off,290.46,24.4,26.85,36.6,1.53,858,1.19,0,19.65,-8.3,61.66,23.04,45.71,22.79
全期間,E,10,60,fixed,221.2,25.72,22.6,35.22,1.51,741,1.03,15,15.61,-9.92,39.88,28.26,33.29,28.98
全期間,E,10,60,fixed_veto_only,231.84,24.45,23.3,35.04,1.46,839,1.07,15,17.82,-8.07,56.35,18.93,42.09,15.96
全期間,E,10,90,on,275.08,28.57,25.96,35.71,1.62,728,1.16,25,15.31,-13.78,39.98,32.99,50.84,34.35
全期間,E,10,90,off,279.98,28.22,26.25,35.78,1.5,844,1.18,0,20.57,-12.9,63.94,32.75,35.45,22.76
全期間,E,10,90,fixed,235.73,29.39,23.55,34.4,1.52,750,1.07,15,12.72,-14.69,65.51,36.76,21.09,27.38
全期間,E,10,90,fixed_veto_only,229.28,28.51,23.13,34.42,1.44,825,1.08,15,15.7,-13.47,66.77,29.14,33.51,14.39
全期間,E,10,120,on,294.41,31.83,27.07,35.46,1.64,736,1.22,25,22.38,-17.71,44.78,41.38,44.82,32.13
全期間,E,10,120,off,276.66,27.71,26.05,35.89,1.5,847,1.17,0,24.92,-12.3,55.03,32.71,35.82,23.03
全期間,E,10,120,fixed,237.2,29.91,23.64,34.41,1.53,744,1.09,15,13.79,-15.31,58.96,42.75,21.2,27.23
全期間,E,10,120,fixed_veto_only,230.0,27.52,23.18,34.54,1.44,831,1.08,15,21.95,-11.86,55.97,28.98,33.44,14.35
樣本外,A,3,5,on,171.26,36.69,78.18,53.24,2.18,139,1.97,19,0.0,0.0,0.0,0.0,61.85,67.6
樣本外,A,3,5,off,66.68,42.61,34.41,51.02,1.31,245,1.06,0,0.0,0.0,0.0,0.0,20.89,37.88
樣本外,A,3,5,fixed,60.35,40.2,31.43,50.27,1.31,187,0.99,12,0.0,0.0,0.0,0.0,30.82,22.58
樣本外,A,3,5,fixed_veto_only,46.2,40.58,24.59,48.82,1.23,211,0.86,12,0.0,0.0,0.0,0.0,18.94,22.92
樣本外,A,3,10,on,153.07,24.72,71.16,59.78,2.38,92,1.82,19,0.0,0.0,0.0,0.0,81.85,39.16
樣本外,A,3,10,off,235.92,18.65,101.65,59.86,2.69,142,2.44,0,0.0,0.0,0.0,0.0,59.9,110.08
樣本外,A,3,10,fixed,118.27,24.45,57.12,58.12,1.81,117,1.64,12,0.0,0.0,0.0,0.0,52.05,43.56
樣本外,A,3,10,fixed_veto_only,136.56,24.71,64.61,57.69,1.96,130,1.89,12,0.0,0.0,0.0,0.0,36.01,73.93
樣本外,A,3,15,on,203.18,23.46,90.03,60.56,2.83,71,2.03,19,0.0,0.0,0.0,0.0,90.77,58.93
樣本外,A,3,15,off,140.4,19.11,66.15,57.52,2.04,113,1.58,0,0.0,0.0,0.0,0.0,51.74,58.43
樣本外,A,3,15,fixed,159.39,20.48,73.63,61.8,2.42,89,1.84,12,0.0,0.0,0.0,0.0,76.83,46.69
樣本外,A,3,15,fixed_veto_only,119.12,24.29,57.47,58.1,1.8,105,1.48,12,0.0,0.0,0.0,0.0,72.64,26.93
樣本外,A,3,20,on,258.12,23.02,109.26,58.9,3.24,73,2.29,19,0.0,0.0,0.0,0.0,111.27,69.5
樣本外,A,3,20,off,205.66,18.38,90.93,58.41,2.37,113,1.99,0,0.0,0.0,0.0,0.0,82.67,67.32
樣本外,A,3,20,fixed,211.64,18.72,93.08,59.55,2.84,89,2.21,12,0.0,0.0,0.0,0.0,100.09,55.75
樣本外,A,3,20,fixed_veto_only,172.45,21.5,78.63,53.7,2.04,108,1.86,12,0.0,0.0,0.0,0.0,95.63,39.27
樣本外,A,3,30,on,285.76,14.57,118.47,57.75,3.41,71,2.61,19,0.0,0.0,0.0,0.0,136.12,63.37
樣本外,A,3,30,off,320.94,17.57,129.79,56.0,3.16,100,2.66,0,0.0,0.0,0.0,0.0,93.33,117.74
樣本外,A,3,30,fixed,277.63,15.26,115.79,57.14,3.22,84,2.74,12,0.0,0.0,0.0,0.0,139.89,57.42
樣本外,A,3,30,fixed_veto_only,343.61,15.96,136.87,54.46,3.22,101,3.01,12,0.0,0.0,0.0,0.0,157.69,72.15
樣本外,A,3,45,on,251.3,14.57,106.95,54.29,2.84,70,2.36,19,0.0,0.0,0.0,0.0,111.98,65.72
樣本外,A,3,45,off,363.28,13.5,142.89,57.43,3.28,101,3.03,0,0.0,0.0,0.0,0.0,148.07,86.75
樣本外,A,3,45,fixed,259.17,12.26,109.62,56.1,2.76,82,2.55,12,0.0,0.0,0.0,0.0,129.99,56.17
樣本外,A,3,45,fixed_veto_only,306.49,11.75,125.19,53.54,2.83,99,2.83,12,0.0,0.0,0.0,0.0,116.84,87.46
樣本外,A,3,60,on,251.3,14.57,106.95,54.29,2.84,70,2.36,19,0.0,0.0,0.0,0.0,111.98,65.72
樣本外,A,3,60,off,369.53,12.57,144.79,58.0,3.37,100,3.11,0,0.0,0.0,0.0,0.0,154.33,84.62
樣本外,A,3,60,fixed,259.65,12.25,109.78,56.1,2.76,82,2.54,12,0.0,0.0,0.0,0.0,130.47,56.05
樣本外,A,3,60,fixed_veto_only,311.73,11.49,126.86,54.08,2.89,98,2.9,12,0.0,0.0,0.0,0.0,122.08,85.4
樣本外,A,3,90,on,251.3,14.57,106.95,54.29,2.84,70,2.36,19,0.0,0.0,0.0,0.0,111.98,65.72
樣本外,A,3,90,off,369.53,12.57,144.79,58.0,3.37,100,3.11,0,0.0,0.0,0.0,0.0,154.33,84.62
樣本外,A,3,90,fixed,259.65,12.25,109.78,56.1,2.76,82,2.54,12,0.0,0.0,0.0,0.0,130.47,56.05
樣本外,A,3,90,fixed_veto_only,311.73,11.49,126.86,54.08,2.89,98,2.9,12,0.0,0.0,0.0,0.0,122.08,85.4
樣本外,A,3,120,on,251.3,14.57,106.95,54.29,2.84,70,2.36,19,0.0,0.0,0.0,0.0,111.98,65.72
樣本外,A,3,120,off,369.53,12.57,144.79,58.0,3.37,100,3.11,0,0.0,0.0,0.0,0.0,154.33,84.62
樣本外,A,3,120,fixed,259.65,12.25,109.78,56.1,2.76,82,2.54,12,0.0,0.0,0.0,0.0,130.47,56.05
樣本外,A,3,120,fixed_veto_only,311.73,11.49,126.86,54.08,2.89,98,2.9,12,0.0,0.0,0.0,0.0,122.08,85.4
樣本外,A,5,5,on,66.35,37.55,34.26,50.22,1.39,231,1.14,19,0.0,0.0,0.0,0.0,22.25,36.07
樣本外,A,5,5,off,33.04,43.95,17.97,49.1,1.16,387,0.68,0,0.0,0.0,0.0,0.0,-1.8,35.49
樣本外,A,5,5,fixed,33.45,44.2,18.18,48.79,1.18,289,0.7,12,0.0,0.0,0.0,0.0,5.58,26.39
樣本外,A,5,5,fixed_veto_only,18.27,42.01,10.2,47.48,1.1,337,0.47,12,0.0,0.0,0.0,0.0,0.23,17.99
樣本外,A,5,10,on,85.79,29.2,43.13,57.24,1.65,152,1.34,19,0.0,0.0,0.0,0.0,36.42,36.2
樣本外,A,5,10,off,136.28,30.76,64.5,54.82,1.8,228,1.72,0,0.0,0.0,0.0,0.0,27.6,85.17
樣本外,A,5,10,fixed,98.8,26.53,48.84,53.8,1.72,184,1.49,12,0.0,0.0,0.0,0.0,21.44,63.7
樣本外,A,5,10,fixed_veto_only,72.46,28.13,37.09,51.43,1.48,210,1.16,12,0.0,0.0,0.0,0.0,13.81,51.54
樣本外,A,5,15,on,97.48,21.37,48.27,53.66,1.67,123,1.35,19,0.0,0.0,0.0,0.0,38.95,42.12
樣本外,A,5,15,off,126.43,26.84,60.49,55.14,1.69,185,1.6,0,0.0,0.0,0.0,0.0,37.67,64.47
樣本外,A,5,15,fixed,65.65,25.53,33.93,49.66,1.45,147,0.99,12,0.0,0.0,0.0,0.0,38.17,19.89
樣本外,A,5,15,fixed_veto_only,77.51,29.02,39.4,49.13,1.46,173,1.19,12,0.0,0.0,0.0,0.0,37.09,29.48
樣本外,A,5,20,on,134.69,21.15,63.85,52.8,1.79,125,1.63,19,0.0,0.0,0.0,0.0,56.17,50.27
樣本外,A,5,20,off,195.55,24.25,87.25,54.79,1.94,188,2.07,0,0.0,0.0,0.0,0.0,61.07,83.5
樣本外,A,5,20,fixed,110.96,23.68,54.05,50.68,1.7,148,1.38,12,0.0,0.0,0.0,0.0,52.25,38.57
樣本外,A,5,20,fixed_veto_only,103.04,27.1,50.67,50.0,1.53,174,1.38,12,0.0,0.0,0.0,0.0,54.61,31.32
樣本外,A,5,30,on,153.04,20.35,71.15,53.45,1.96,116,1.82,19,0.0,0.0,0.0,0.0,70.42,48.48
樣本外,A,5,30,off,263.12,17.88,110.95,52.73,2.4,165,2.59,0,0.0,0.0,0.0,0.0,92.48,88.65
樣本外,A,5,30,fixed,187.2,23.45,84.17,50.35,2.15,141,2.04,12,0.0,0.0,0.0,0.0,68.01,70.94
樣本外,A,5,30,fixed_veto_only,140.36,24.54,66.14,48.12,1.72,160,1.71,12,0.0,0.0,0.0,0.0,48.47,61.9
樣本外,A,5,45,on,147.84,19.02,69.11,51.33,1.98,113,1.78,19,0.0,0.0,0.0,0.0,57.65,57.2
樣本外,A,5,45,off,233.5,20.65,100.81,50.62,2.12,160,2.37,0,0.0,0.0,0.0,0.0,91.47,74.18
樣本外,A,5,45,fixed,189.32,17.81,84.95,50.0,2.2,132,2.13,12,0.0,0.0,0.0,0.0,70.14,70.05
樣本外,A,5,45,fixed_veto_only,137.34,21.46,64.92,48.08,1.68,156,1.7,12,0.0,0.0,0.0,0.0,47.87,60.51
樣本外,A,5,60,on,166.96,19.62,76.54,50.89,2.06,112,1.94,19,0.0,0.0,0.0,0.0,76.83,50.97
樣本外,A,5,60,off,229.25,18.25,99.33,51.25,2.1,160,2.42,0,0.0,0.0,0.0,0.0,87.92,75.2
樣本外,A,5,60,fixed,192.35,14.8,86.08,49.62,2.25,133,2.16,12,0.0,0.0,0.0,0.0,72.0,69.97
樣本外,A,5,60,fixed_veto_only,145.31,22.55,68.11,48.05,1.72,154,1.78,12,0.0,0.0,0.0,0.0,53.88,59.41
樣本外,A,5,90,on,166.96,19.62,76.54,50.89,2.06,112,1.94,19,0.0,0.0,0.0,0.0,76.83,50.97
樣本外,A,5,90,off,229.25,18.25,99.33,51.25,2.1,160,2.42,0,0.0,0.0,0.0,0.0,87.92,75.2
樣本外,A,5,90,fixed,192.35,14.8,86.08,49.62,2.25,133,2.16,12,0.0,0.0,0.0,0.0,72.0,69.97
樣本外,A,5,90,fixed_veto_only,145.31,22.55,68.11,48.05,1.72,154,1.78,12,0.0,0.0,0.0,0.0,53.88,59.41
樣本外,A,5,120,on,166.96,19.62,76.54,50.89,2.06,112,1.94,19,0.0,0.0,0.0,0.0,76.83,50.97
樣本外,A,5,120,off,229.25,18.25,99.33,51.25,2.1,160,2.42,0,0.0,0.0,0.0,0.0,87.92,75.2
樣本外,A,5,120,fixed,192.35,14.8,86.08,49.62,2.25,133,2.16,12,0.0,0.0,0.0,0.0,72.0,69.97
樣本外,A,5,120,fixed_veto_only,145.31,22.55,68.11,48.05,1.72,154,1.78,12,0.0,0.0,0.0,0.0,53.88,59.41
樣本外,A,8,5,on,39.91,30.77,21.46,49.62,1.24,393,0.84,19,0.0,0.0,0.0,0.0,5.94,32.06
樣本外,A,8,5,off,38.31,38.58,20.65,48.7,1.19,616,0.78,0,0.0,0.0,0.0,0.0,3.25,33.95
樣本外,A,8,5,fixed,18.72,39.43,10.44,47.74,1.11,442,0.49,12,0.0,0.0,0.0,0.0,-2.25,21.45
樣本外,A,8,5,fixed_veto_only,18.06,35.8,10.09,47.6,1.11,542,0.48,12,0.0,0.0,0.0,0.0,1.67,16.12
樣本外,A,8,10,on,66.55,27.9,34.35,52.24,1.47,245,1.19,19,0.0,0.0,0.0,0.0,24.46,33.82
樣本外,A,8,10,off,82.5,25.59,41.65,53.35,1.45,358,1.32,0,0.0,0.0,0.0,0.0,17.26,55.63
樣本外,A,8,10,fixed,68.92,24.43,35.45,49.45,1.48,273,1.23,12,0.0,0.0,0.0,0.0,9.86,53.75
樣本外,A,8,10,fixed_veto_only,39.66,27.93,21.33,49.54,1.28,327,0.83,12,0.0,0.0,0.0,0.0,7.18,30.3
樣本外,A,8,15,on,131.67,25.45,62.63,54.55,1.86,198,1.69,19,0.0,0.0,0.0,0.0,34.14,72.71
樣本外,A,8,15,off,88.63,25.04,44.39,51.45,1.49,276,1.35,0,0.0,0.0,0.0,0.0,14.9,64.17
樣本外,A,8,15,fixed,77.46,29.86,39.38,49.55,1.5,220,1.21,12,0.0,0.0,0.0,0.0,20.8,46.9
樣本外,A,8,15,fixed_veto_only,56.97,28.81,29.82,49.01,1.38,253,0.99,12,0.0,0.0,0.0,0.0,7.79,45.62
樣本外,A,8,20,on,201.75,23.18,89.52,53.23,2.17,201,2.2,19,0.0,0.0,0.0,0.0,56.61,92.67
樣本外,A,8,20,off,98.62,23.08,48.77,48.6,1.45,286,1.38,0,0.0,0.0,0.0,0.0,32.8,49.57
樣本外,A,8,20,fixed,106.73,28.94,52.25,48.2,1.62,222,1.48,12,0.0,0.0,0.0,0.0,31.67,57.01
樣本外,A,8,20,fixed_veto_only,83.49,28.28,42.1,47.88,1.46,259,1.23,12,0.0,0.0,0.0,0.0,19.03,54.15
樣本外,A,8,30,on,138.95,19.6,65.57,51.61,1.81,186,1.84,19,0.0,0.0,0.0,0.0,47.2,62.33
樣本外,A,8,30,off,118.46,21.75,57.2,48.79,1.57,248,1.55,0,0.0,0.0,0.0,0.0,43.25,52.5
樣本外,A,8,30,fixed,103.91,24.62,51.05,46.7,1.57,197,1.39,12,0.0,0.0,0.0,0.0,49.52,36.38
樣本外,A,8,30,fixed_veto_only,97.04,26.47,48.08,47.88,1.49,236,1.35,12,0.0,0.0,0.0,0.0,37.17,43.64
樣本外,A,8,45,on,139.12,24.51,65.64,51.93,1.78,181,1.85,19,0.0,0.0,0.0,0.0,49.94,59.48
樣本外,A,8,45,off,120.78,22.45,58.16,48.13,1.61,241,1.61,0,0.0,0.0,0.0,0.0,36.48,61.77
樣本外,A,8,45,fixed,116.3,27.67,56.3,46.03,1.64,189,1.43,12,0.0,0.0,0.0,0.0,35.08,60.13
樣本外,A,8,45,fixed_veto_only,104.2,28.9,51.17,46.29,1.53,229,1.43,12,0.0,0.0,0.0,0.0,37.68,48.31
樣本外,A,8,60,on,165.28,18.98,75.9,53.3,1.94,182,2.16,19,0.0,0.0,0.0,0.0,69.34,56.65
樣本外,A,8,60,off,128.62,21.8,61.39,48.35,1.64,242,1.67,0,0.0,0.0,0.0,0.0,44.54,58.17
樣本外,A,8,60,fixed,185.13,16.47,83.4,48.69,2.22,191,2.15,12,0.0,0.0,0.0,0.0,73.88,63.98
樣本外,A,8,60,fixed_veto_only,102.5,27.48,50.44,46.12,1.54,232,1.42,12,0.0,0.0,0.0,0.0,32.19,53.19
樣本外,A,8,90,on,165.28,18.98,75.9,53.3,1.94,182,2.16,19,0.0,0.0,0.0,0.0,69.34,56.65
樣本外,A,8,90,off,128.62,21.8,61.39,48.35,1.64,242,1.67,0,0.0,0.0,0.0,0.0,44.54,58.17
樣本外,A,8,90,fixed,185.13,16.47,83.4,48.69,2.22,191,2.15,12,0.0,0.0,0.0,0.0,73.88,63.98
樣本外,A,8,90,fixed_veto_only,102.5,27.48,50.44,46.12,1.54,232,1.42,12,0.0,0.0,0.0,0.0,32.19,53.19
樣本外,A,8,120,on,165.28,18.98,75.9,53.3,1.94,182,2.16,19,0.0,0.0,0.0,0.0,69.34,56.65
樣本外,A,8,120,off,128.62,21.8,61.39,48.35,1.64,242,1.67,0,0.0,0.0,0.0,0.0,44.54,58.17
樣本外,A,8,120,fixed,185.13,16.47,83.4,48.69,2.22,191,2.15,12,0.0,0.0,0.0,0.0,73.88,63.98
樣本外,A,8,120,fixed_veto_only,102.5,27.48,50.44,46.12,1.54,232,1.42,12,0.0,0.0,0.0,0.0,32.19,53.19
樣本外,A,10,5,on,20.33,29.77,11.31,48.87,1.13,487,0.54,19,0.0,0.0,0.0,0.0,6.25,13.24
樣本外,A,10,5,off,30.84,37.65,16.84,49.13,1.16,751,0.67,0,0.0,0.0,0.0,0.0,-4.01,36.31
樣本外,A,10,5,fixed,5.28,38.3,3.02,47.33,1.04,543,0.26,12,0.0,0.0,0.0,0.0,-7.43,13.73
樣本外,A,10,5,fixed_veto_only,12.0,35.19,6.78,48.5,1.08,666,0.38,12,0.0,0.0,0.0,0.0,-2.88,15.32
樣本外,A,10,10,on,56.83,27.3,29.76,53.06,1.44,294,1.08,19,0.0,0.0,0.0,0.0,15.19,36.15
樣本外,A,10,10,off,68.69,25.03,35.35,51.95,1.38,437,1.19,0,0.0,0.0,0.0,0.0,18.89,41.89
樣本外,A,10,10,fixed,46.64,25.55,24.81,50.6,1.33,332,0.88,12,0.0,0.0,0.0,0.0,2.97,42.41
樣本外,A,10,10,fixed_veto_only,31.55,25.21,17.2,48.39,1.23,403,0.71,12,0.0,0.0,0.0,0.0,2.99,27.73
樣本外,A,10,15,on,78.32,27.94,39.77,49.59,1.5,246,1.25,19,0.0,0.0,0.0,0.0,14.83,55.29
樣本外,A,10,15,off,72.64,24.9,37.17,50.58,1.4,346,1.2,0,0.0,0.0,0.0,0.0,12.03,54.11
樣本外,A,10,15,fixed,53.26,32.42,28.04,47.23,1.35,271,0.96,12,0.0,0.0,0.0,0.0,11.56,37.39
樣本外,A,10,15,fixed_veto_only,39.38,26.25,21.19,47.04,1.25,321,0.79,12,0.0,0.0,0.0,0.0,9.7,27.06
樣本外,A,10,20,on,142.74,26.29,67.08,49.8,1.8,253,1.85,19,0.0,0.0,0.0,0.0,43.31,69.38
樣本外,A,10,20,off,97.4,23.85,48.24,48.72,1.45,351,1.41,0,0.0,0.0,0.0,0.0,26.8,55.67
樣本外,A,10,20,fixed,80.43,31.65,40.72,46.32,1.47,272,1.24,12,0.0,0.0,0.0,0.0,23.77,45.77
樣本外,A,10,20,fixed_veto_only,69.6,26.12,35.77,45.4,1.36,326,1.14,12,0.0,0.0,0.0,0.0,27.23,33.31
樣本外,A,10,30,on,114.22,22.26,55.42,48.71,1.64,232,1.67,19,0.0,0.0,0.0,0.0,48.3,44.44
樣本外,A,10,30,off,107.24,19.46,52.47,48.67,1.53,300,1.53,0,0.0,0.0,0.0,0.0,37.49,50.72
樣本外,A,10,30,fixed,74.62,23.6,38.08,44.77,1.42,239,1.16,12,0.0,0.0,0.0,0.0,30.27,34.04
樣本外,A,10,30,fixed_veto_only,66.94,27.13,34.53,44.26,1.33,296,1.11,12,0.0,0.0,0.0,0.0,30.84,27.59
樣本外,A,10,45,on,113.94,23.17,55.3,48.64,1.64,220,1.67,19,0.0,0.0,0.0,0.0,43.04,49.57
樣本外,A,10,45,off,112.12,20.85,54.54,45.92,1.6,294,1.6,0,0.0,0.0,0.0,0.0,33.39,59.02
樣本外,A,10,45,fixed,93.28,28.18,46.44,43.86,1.51,228,1.31,12,0.0,0.0,0.0,0.0,18.61,62.95
樣本外,A,10,45,fixed_veto_only,60.74,28.81,31.62,42.91,1.32,282,1.05,12,0.0,0.0,0.0,0.0,21.22,32.6
樣本外,A,10,60,on,119.71,22.04,57.72,48.43,1.66,223,1.72,19,0.0,0.0,0.0,0.0,47.3,49.16
樣本外,A,10,60,off,112.68,19.5,54.78,46.08,1.6,293,1.61,0,0.0,0.0,0.0,0.0,34.08,58.63
樣本外,A,10,60,fixed,116.87,26.75,56.53,46.12,1.65,232,1.58,12,0.0,0.0,0.0,0.0,28.58,68.67
樣本外,A,10,60,fixed_veto_only,65.86,27.25,34.03,42.91,1.34,282,1.11,12,0.0,0.0,0.0,0.0,27.57,30.01
樣本外,A,10,90,on,119.71,22.04,57.72,48.43,1.66,223,1.72,19,0.0,0.0,0.0,0.0,47.3,49.16
樣本外,A,10,90,off,112.68,19.5,54.78,46.08,1.6,293,1.61,0,0.0,0.0,0.0,0.0,34.08,58.63
樣本外,A,10,90,fixed,116.87,26.75,56.53,46.12,1.65,232,1.58,12,0.0,0.0,0.0,0.0,28.58,68.67
樣本外,A,10,90,fixed_veto_only,65.86,27.25,34.03,42.91,1.34,282,1.11,12,0.0,0.0,0.0,0.0,27.57,30.01
樣本外,A,10,120,on,119.71,22.04,57.72,48.43,1.66,223,1.72,19,0.0,0.0,0.0,0.0,47.3,49.16
樣本外,A,10,120,off,112.68,19.5,54.78,46.08,1.6,293,1.61,0,0.0,0.0,0.0,0.0,34.08,58.63
樣本外,A,10,120,fixed,116.87,26.75,56.53,46.12,1.65,232,1.58,12,0.0,0.0,0.0,0.0,28.58,68.67
樣本外,A,10,120,fixed_veto_only,65.86,27.25,34.03,42.91,1.34,282,1.11,12,0.0,0.0,0.0,0.0,27.57,30.01
樣本外,B,3,5,on,165.57,29.46,76.01,51.08,2.31,139,2.09,19,0.0,0.0,0.0,0.0,51.46,75.34
樣本外,B,3,5,off,53.55,37.44,28.18,49.59,1.27,246,0.93,0,0.0,0.0,0.0,0.0,14.39,34.23
樣本外,B,3,5,fixed,58.74,35.27,30.67,48.94,1.34,188,0.99,12,0.0,0.0,0.0,0.0,21.17,31.01
樣本外,B,3,5,fixed_veto_only,41.91,34.57,22.46,47.89,1.23,213,0.82,12,0.0,0.0,0.0,0.0,13.89,24.61
樣本外,B,3,10,on,185.48,21.46,83.53,54.21,2.61,107,2.35,19,0.0,0.0,0.0,0.0,74.54,63.56
樣本外,B,3,10,off,214.39,23.1,94.07,52.83,2.27,159,2.44,0,0.0,0.0,0.0,0.0,93.72,62.29
樣本外,B,3,10,fixed,90.4,32.23,45.17,50.0,1.55,130,1.38,12,0.0,0.0,0.0,0.0,30.19,46.25
樣本外,B,3,10,fixed_veto_only,104.54,33.83,51.32,50.34,1.68,147,1.52,12,0.0,0.0,0.0,0.0,17.64,73.87
樣本外,B,3,15,on,152.65,28.61,71.0,55.32,2.34,94,1.94,19,0.0,0.0,0.0,0.0,34.95,87.22
樣本外,B,3,15,off,169.29,27.17,77.43,54.41,2.1,136,1.99,0,0.0,0.0,0.0,0.0,35.76,98.36
樣本外,B,3,15,fixed,86.6,20.65,43.49,54.05,1.65,111,1.38,12,0.0,0.0,0.0,0.0,37.44,35.76
樣本外,B,3,15,fixed_veto_only,110.87,24.22,54.01,52.38,1.8,126,1.64,12,0.0,0.0,0.0,0.0,29.87,62.37
樣本外,B,3,20,on,174.85,26.36,79.54,55.32,2.48,94,2.1,19,0.0,0.0,0.0,0.0,43.11,92.05
樣本外,B,3,20,off,178.21,24.62,80.81,52.21,2.05,136,2.03,0,0.0,0.0,0.0,0.0,42.94,94.64
樣本外,B,3,20,fixed,114.62,19.78,55.59,54.95,1.79,111,1.66,12,0.0,0.0,0.0,0.0,43.49,49.57
樣本外,B,3,20,fixed_veto_only,138.2,22.04,65.27,51.59,1.95,126,1.89,12,0.0,0.0,0.0,0.0,37.58,73.14
樣本外,B,3,30,on,156.38,26.36,72.46,53.19,2.26,94,1.91,19,0.0,0.0,0.0,0.0,40.57,82.38
樣本外,B,3,30,off,174.69,24.85,79.48,51.59,2.06,126,1.98,0,0.0,0.0,0.0,0.0,41.62,93.96
樣本外,B,3,30,fixed,96.56,20.76,47.87,53.21,1.65,109,1.43,12,0.0,0.0,0.0,0.0,38.93,41.49
樣本外,B,3,30,fixed_veto_only,134.89,23.23,63.94,51.22,1.93,123,1.81,12,0.0,0.0,0.0,0.0,32.81,76.86
樣本外,B,3,45,on,156.38,26.36,72.46,53.19,2.26,94,1.91,19,0.0,0.0,0.0,0.0,40.57,82.38
樣本外,B,3,45,off,176.5,24.05,80.17,52.0,2.06,125,1.98,0,0.0,0.0,0.0,0.0,43.69,92.44
樣本外,B,3,45,fixed,97.25,20.08,48.17,53.21,1.65,109,1.44,12,0.0,0.0,0.0,0.0,39.69,41.21
樣本外,B,3,45,fixed_veto_only,136.36,22.41,64.53,51.22,1.93,123,1.82,12,0.0,0.0,0.0,0.0,33.95,76.46
樣本外,B,3,60,on,156.38,26.36,72.46,53.19,2.26,94,1.91,19,0.0,0.0,0.0,0.0,40.57,82.38
樣本外,B,3,60,off,195.06,24.05,87.07,52.03,2.19,123,2.1,0,0.0,0.0,0.0,0.0,43.69,105.35
樣本外,B,3,60,fixed,97.25,20.08,48.17,53.21,1.65,109,1.44,12,0.0,0.0,0.0,0.0,39.69,41.21
樣本外,B,3,60,fixed_veto_only,136.36,22.41,64.53,51.22,1.93,123,1.82,12,0.0,0.0,0.0,0.0,33.95,76.46
樣本外,B,3,90,on,156.38,26.36,72.46,53.19,2.26,94,1.91,19,0.0,0.0,0.0,0.0,40.57,82.38
樣本外,B,3,90,off,195.06,24.05,87.07,52.03,2.19,123,2.1,0,0.0,0.0,0.0,0.0,43.69,105.35
樣本外,B,3,90,fixed,97.25,20.08,48.17,53.21,1.65,109,1.44,12,0.0,0.0,0.0,0.0,39.69,41.21
樣本外,B,3,90,fixed_veto_only,136.36,22.41,64.53,51.22,1.93,123,1.82,12,0.0,0.0,0.0,0.0,33.95,76.46
樣本外,B,3,120,on,156.38,26.36,72.46,53.19,2.26,94,1.91,19,0.0,0.0,0.0,0.0,40.57,82.38
樣本外,B,3,120,off,195.06,24.05,87.07,52.03,2.19,123,2.1,0,0.0,0.0,0.0,0.0,43.69,105.35
樣本外,B,3,120,fixed,97.25,20.08,48.17,53.21,1.65,109,1.44,12,0.0,0.0,0.0,0.0,39.69,41.21
樣本外,B,3,120,fixed_veto_only,136.36,22.41,64.53,51.22,1.93,123,1.82,12,0.0,0.0,0.0,0.0,33.95,76.46
樣本外,B,5,5,on,43.91,32.87,23.45,48.05,1.28,231,0.87,19,0.0,0.0,0.0,0.0,10.64,30.07
樣本外,B,5,5,off,17.7,39.37,9.89,48.45,1.1,388,0.46,0,0.0,0.0,0.0,0.0,-5.05,23.97
樣本外,B,5,5,fixed,20.86,37.09,11.59,46.92,1.12,292,0.52,12,0.0,0.0,0.0,0.0,1.75,18.78
樣本外,B,5,5,fixed_veto_only,10.37,36.36,5.88,46.61,1.07,339,0.35,12,0.0,0.0,0.0,0.0,-3.03,13.82
樣本外,B,5,10,on,102.47,27.67,50.43,50.56,1.69,180,1.66,19,0.0,0.0,0.0,0.0,38.29,46.41
樣本外,B,5,10,off,103.25,32.56,50.77,51.57,1.53,254,1.55,0,0.0,0.0,0.0,0.0,24.87,62.78
樣本外,B,5,10,fixed,81.0,34.14,40.98,48.26,1.49,201,1.34,12,0.0,0.0,0.0,0.0,16.23,55.73
樣本外,B,5,10,fixed_veto_only,64.93,29.76,33.59,48.33,1.38,240,1.18,12,0.0,0.0,0.0,0.0,16.75,41.27
樣本外,B,5,15,on,93.31,22.97,46.45,53.46,1.67,159,1.58,19,0.0,0.0,0.0,0.0,38.95,39.12
樣本外,B,5,15,off,132.92,22.39,63.14,50.45,1.75,224,1.83,0,0.0,0.0,0.0,0.0,33.86,74.01
樣本外,B,5,15,fixed,47.43,25.51,25.2,51.09,1.29,184,0.93,12,0.0,0.0,0.0,0.0,17.36,25.63
樣本外,B,5,15,fixed_veto_only,87.24,28.32,43.77,51.2,1.51,209,1.41,12,0.0,0.0,0.0,0.0,32.79,41.0
樣本外,B,5,20,on,118.25,21.32,57.11,53.46,1.83,159,1.85,19,0.0,0.0,0.0,0.0,55.3,40.54
樣本外,B,5,20,off,159.64,20.99,73.72,50.22,1.82,225,2.07,0,0.0,0.0,0.0,0.0,52.11,70.7
樣本外,B,5,20,fixed,68.85,23.88,35.42,50.81,1.4,185,1.22,12,0.0,0.0,0.0,0.0,26.7,33.26
樣本外,B,5,20,fixed_veto_only,124.62,28.0,59.75,50.95,1.71,210,1.78,12,0.0,0.0,0.0,0.0,48.64,51.12
樣本外,B,5,30,on,125.61,22.73,60.15,53.16,1.84,158,1.85,19,0.0,0.0,0.0,0.0,70.92,31.99
樣本外,B,5,30,off,150.45,20.3,70.14,49.31,1.76,217,1.95,0,0.0,0.0,0.0,0.0,56.57,59.96
樣本外,B,5,30,fixed,86.16,24.46,43.29,50.27,1.47,183,1.42,12,0.0,0.0,0.0,0.0,43.99,29.29
樣本外,B,5,30,fixed_veto_only,121.68,28.43,58.53,49.76,1.68,207,1.73,12,0.0,0.0,0.0,0.0,50.21,47.58
樣本外,B,5,45,on,129.09,21.75,61.58,52.87,1.85,157,1.88,19,0.0,0.0,0.0,0.0,73.74,31.86
樣本外,B,5,45,off,152.06,21.19,70.77,48.84,1.76,215,1.94,0,0.0,0.0,0.0,0.0,55.5,62.1
樣本外,B,5,45,fixed,87.56,24.06,43.91,49.72,1.48,181,1.43,12,0.0,0.0,0.0,0.0,42.53,31.59
樣本外,B,5,45,fixed_veto_only,125.44,28.13,60.08,50.0,1.7,206,1.77,12,0.0,0.0,0.0,0.0,50.8,49.49
樣本外,B,5,60,on,129.09,21.75,61.58,52.87,1.85,157,1.88,19,0.0,0.0,0.0,0.0,73.74,31.86
樣本外,B,5,60,off,152.06,21.19,70.77,48.84,1.76,215,1.94,0,0.0,0.0,0.0,0.0,55.5,62.1
樣本外,B,5,60,fixed,87.56,24.06,43.91,49.72,1.48,181,1.43,12,0.0,0.0,0.0,0.0,42.53,31.59
樣本外,B,5,60,fixed_veto_only,125.44,28.13,60.08,50.0,1.7,206,1.77,12,0.0,0.0,0.0,0.0,50.8,49.49
樣本外,B,5,90,on,129.09,21.75,61.58,52.87,1.85,157,1.88,19,0.0,0.0,0.0,0.0,73.74,31.86
樣本外,B,5,90,off,152.06,21.19,70.77,48.84,1.76,215,1.94,0,0.0,0.0,0.0,0.0,55.5,62.1
樣本外,B,5,90,fixed,87.56,24.06,43.91,49.72,1.48,181,1.43,12,0.0,0.0,0.0,0.0,42.53,31.59
樣本外,B,5,90,fixed_veto_only,125.44,28.13,60.08,50.0,1.7,206,1.77,12,0.0,0.0,0.0,0.0,50.8,49.49
樣本外,B,5,120,on,129.09,21.75,61.58,52.87,1.85,157,1.88,19,0.0,0.0,0.0,0.0,73.74,31.86
樣本外,B,5,120,off,152.06,21.19,70.77,48.84,1.76,215,1.94,0,0.0,0.0,0.0,0.0,55.5,62.1
樣本外,B,5,120,fixed,87.56,24.06,43.91,49.72,1.48,181,1.43,12,0.0,0.0,0.0,0.0,42.53,31.59
樣本外,B,5,120,fixed_veto_only,125.44,28.13,60.08,50.0,1.7,206,1.77,12,0.0,0.0,0.0,0.0,50.8,49.49
樣本外,B,8,5,on,24.61,28.23,13.58,46.56,1.16,393,0.61,19,0.0,0.0,0.0,0.0,0.56,23.91
樣本外,B,8,5,off,21.26,35.77,11.81,47.08,1.12,616,0.54,0,0.0,0.0,0.0,0.0,0.75,20.36
樣本外,B,8,5,fixed,18.14,32.91,10.13,46.21,1.11,448,0.49,12,0.0,0.0,0.0,0.0,-3.7,22.67
樣本外,B,8,5,fixed_veto_only,8.22,31.74,4.68,45.77,1.06,544,0.31,12,0.0,0.0,0.0,0.0,-0.28,8.52
樣本外,B,8,10,on,77.13,26.22,39.22,47.89,1.51,284,1.38,19,0.0,0.0,0.0,0.0,18.24,49.81
樣本外,B,8,10,off,47.93,29.94,25.44,49.01,1.25,406,0.93,0,0.0,0.0,0.0,0.0,11.85,32.25
樣本外,B,8,10,fixed,59.48,28.49,31.02,47.08,1.38,308,1.15,12,0.0,0.0,0.0,0.0,6.52,49.72
樣本外,B,8,10,fixed_veto_only,25.65,25.96,14.13,46.88,1.16,384,0.63,12,0.0,0.0,0.0,0.0,5.23,19.4
樣本外,B,8,15,on,85.65,28.47,43.06,50.0,1.55,246,1.45,19,0.0,0.0,0.0,0.0,21.92,52.27
樣本外,B,8,15,off,77.37,25.48,39.34,49.03,1.37,361,1.32,0,0.0,0.0,0.0,0.0,33.21,33.15
樣本外,B,8,15,fixed,36.39,27.22,19.68,46.93,1.21,277,0.78,12,0.0,0.0,0.0,0.0,7.04,27.42
樣本外,B,8,15,fixed_veto_only,50.38,31.85,26.64,47.01,1.28,334,0.99,12,0.0,0.0,0.0,0.0,15.18,30.56
樣本外,B,8,20,on,105.6,27.56,51.77,50.4,1.65,250,1.67,19,0.0,0.0,0.0,0.0,34.45,52.92
樣本外,B,8,20,off,103.32,23.92,50.8,49.17,1.46,362,1.62,0,0.0,0.0,0.0,0.0,54.21,31.85
樣本外,B,8,20,fixed,63.77,26.39,33.05,48.93,1.36,280,1.15,12,0.0,0.0,0.0,0.0,17.06,39.9
樣本外,B,8,20,fixed_veto_only,63.37,32.49,32.86,47.02,1.32,336,1.12,12,0.0,0.0,0.0,0.0,27.44,28.19
樣本外,B,8,30,on,137.53,28.19,65.0,51.25,1.88,240,2.0,19,0.0,0.0,0.0,0.0,50.92,57.38
樣本外,B,8,30,off,90.91,24.25,45.4,49.86,1.42,347,1.45,0,0.0,0.0,0.0,0.0,49.24,27.92
樣本外,B,8,30,fixed,72.49,26.64,37.1,48.16,1.4,272,1.27,12,0.0,0.0,0.0,0.0,28.84,33.87
樣本外,B,8,30,fixed_veto_only,76.45,27.69,38.92,47.58,1.38,330,1.3,12,0.0,0.0,0.0,0.0,44.09,22.46
樣本外,B,8,45,on,138.08,27.76,65.22,50.83,1.87,240,2.0,19,0.0,0.0,0.0,0.0,50.76,57.92
樣本外,B,8,45,off,94.21,24.16,46.85,50.14,1.43,345,1.46,0,0.0,0.0,0.0,0.0,51.62,28.09
樣本外,B,8,45,fixed,73.93,26.47,37.76,47.97,1.4,271,1.28,12,0.0,0.0,0.0,0.0,29.06,34.76
樣本外,B,8,45,fixed_veto_only,77.76,28.32,39.51,47.71,1.39,327,1.31,12,0.0,0.0,0.0,0.0,43.96,23.48
樣本外,B,8,60,on,138.08,27.76,65.22,50.83,1.87,240,2.0,19,0.0,0.0,0.0,0.0,50.76,57.92
樣本外,B,8,60,off,93.18,24.13,46.39,49.71,1.43,344,1.45,0,0.0,0.0,0.0,0.0,49.52,29.2
樣本外,B,8,60,fixed,73.93,26.47,37.76,47.97,1.4,271,1.28,12,0.0,0.0,0.0,0.0,29.06,34.76
樣本外,B,8,60,fixed_veto_only,72.65,28.27,37.18,46.34,1.37,328,1.25,12,0.0,0.0,0.0,0.0,38.32,24.82
樣本外,B,8,90,on,138.08,27.76,65.22,50.83,1.87,240,2.0,19,0.0,0.0,0.0,0.0,50.76,57.92
樣本外,B,8,90,off,93.18,24.13,46.39,49.71,1.43,344,1.45,0,0.0,0.0,0.0,0.0,49.52,29.2
樣本外,B,8,90,fixed,73.93,26.47,37.76,47.97,1.4,271,1.28,12,0.0,0.0,0.0,0.0,29.06,34.76
樣本外,B,8,90,fixed_veto_only,72.65,28.27,37.18,46.34,1.37,328,1.25,12,0.0,0.0,0.0,0.0,38.32,24.82
樣本外,B,8,120,on,138.08,27.76,65.22,50.83,1.87,240,2.0,19,0.0,0.0,0.0,0.0,50.76,57.92
樣本外,B,8,120,off,93.18,24.13,46.39,49.71,1.43,344,1.45,0,0.0,0.0,0.0,0.0,49.52,29.2
樣本外,B,8,120,fixed,73.93,26.47,37.76,47.97,1.4,271,1.28,12,0.0,0.0,0.0,0.0,29.06,34.76
樣本外,B,8,120,fixed_veto_only,72.65,28.27,37.18,46.34,1.37,328,1.25,12,0.0,0.0,0.0,0.0,38.32,24.82
樣本外,B,10,5,on,3.15,26.98,1.81,45.98,1.04,485,0.21,19,0.0,0.0,0.0,0.0,-1.67,4.91
樣本外,B,10,5,off,9.45,35.35,5.37,46.79,1.07,748,0.33,0,0.0,0.0,0.0,0.0,-9.05,20.34
樣本外,B,10,5,fixed,5.33,32.66,3.05,45.62,1.05,548,0.25,12,0.0,0.0,0.0,0.0,-11.04,18.4
樣本外,B,10,5,fixed_veto_only,-1.95,31.95,-1.13,46.03,1.01,667,0.1,12,0.0,0.0,0.0,0.0,-8.52,7.18
樣本外,B,10,10,on,71.49,24.53,36.64,47.71,1.52,350,1.32,19,0.0,0.0,0.0,0.0,16.46,47.25
樣本外,B,10,10,off,54.23,29.04,28.51,48.8,1.29,500,1.03,0,0.0,0.0,0.0,0.0,7.68,43.23
樣本外,B,10,10,fixed,62.27,27.39,32.34,47.91,1.44,382,1.24,12,0.0,0.0,0.0,0.0,9.1,48.73
樣本外,B,10,10,fixed_veto_only,31.25,24.65,17.05,46.2,1.2,474,0.74,12,0.0,0.0,0.0,0.0,6.59,23.14
樣本外,B,10,15,on,71.8,26.35,36.79,46.91,1.48,307,1.3,19,0.0,0.0,0.0,0.0,21.88,40.96
樣本外,B,10,15,off,62.12,27.79,32.27,47.67,1.32,430,1.13,0,0.0,0.0,0.0,0.0,21.54,33.39
樣本外,B,10,15,fixed,34.95,29.2,18.94,46.95,1.22,328,0.76,12,0.0,0.0,0.0,0.0,7.46,25.58
樣本外,B,10,15,fixed_veto_only,41.28,26.59,22.14,46.55,1.23,406,0.85,12,0.0,0.0,0.0,0.0,15.03,22.82
樣本外,B,10,20,on,101.58,26.03,50.05,48.4,1.64,312,1.67,19,0.0,0.0,0.0,0.0,39.0,45.02
樣本外,B,10,20,off,80.69,27.69,40.84,47.49,1.38,438,1.35,0,0.0,0.0,0.0,0.0,33.93,34.91
樣本外,B,10,20,fixed,52.98,29.18,27.9,47.89,1.31,332,1.02,12,0.0,0.0,0.0,0.0,18.23,29.39
樣本外,B,10,20,fixed_veto_only,68.21,27.32,35.12,46.73,1.35,413,1.2,12,0.0,0.0,0.0,0.0,30.67,28.73
樣本外,B,10,30,on,101.41,26.36,49.97,47.54,1.64,305,1.65,19,0.0,0.0,0.0,0.0,44.45,39.43
樣本外,B,10,30,off,96.69,22.97,47.93,47.73,1.46,419,1.55,0,0.0,0.0,0.0,0.0,50.31,30.86
樣本外,B,10,30,fixed,69.14,29.54,35.55,47.35,1.41,321,1.22,12,0.0,0.0,0.0,0.0,23.84,36.58
樣本外,B,10,30,fixed_veto_only,67.54,28.41,34.81,46.88,1.35,401,1.19,12,0.0,0.0,0.0,0.0,38.63,20.85
樣本外,B,10,45,on,99.67,28.49,49.22,47.52,1.62,303,1.61,19,0.0,0.0,0.0,0.0,41.91,40.7
樣本外,B,10,45,off,92.95,22.64,46.29,47.46,1.44,413,1.48,0,0.0,0.0,0.0,0.0,53.19,25.96
樣本外,B,10,45,fixed,68.03,29.38,35.04,46.88,1.4,320,1.21,12,0.0,0.0,0.0,0.0,23.21,36.38
樣本外,B,10,45,fixed_veto_only,72.61,26.3,37.16,46.46,1.38,396,1.26,12,0.0,0.0,0.0,0.0,43.89,19.96
樣本外,B,10,60,on,98.62,28.49,48.77,47.52,1.61,303,1.6,19,0.0,0.0,0.0,0.0,41.91,39.97
樣本外,B,10,60,off,88.81,22.57,44.47,46.96,1.42,411,1.44,0,0.0,0.0,0.0,0.0,49.81,26.04
樣本外,B,10,60,fixed,68.03,29.38,35.04,46.88,1.4,320,1.21,12,0.0,0.0,0.0,0.0,23.21,36.38
樣本外,B,10,60,fixed_veto_only,64.22,26.23,33.26,46.56,1.34,393,1.16,12,0.0,0.0,0.0,0.0,36.49,20.31
樣本外,B,10,90,on,98.62,28.49,48.77,47.52,1.61,303,1.6,19,0.0,0.0,0.0,0.0,41.91,39.97
樣本外,B,10,90,off,89.96,22.57,44.98,47.07,1.42,410,1.45,0,0.0,0.0,0.0,0.0,49.81,26.8
樣本外,B,10,90,fixed,68.03,29.38,35.04,46.88,1.4,320,1.21,12,0.0,0.0,0.0,0.0,23.21,36.38
樣本外,B,10,90,fixed_veto_only,65.26,26.23,33.75,46.68,1.34,392,1.17,12,0.0,0.0,0.0,0.0,36.49,21.08
樣本外,B,10,120,on,98.62,28.49,48.77,47.52,1.61,303,1.6,19,0.0,0.0,0.0,0.0,41.91,39.97
樣本外,B,10,120,off,89.96,22.57,44.98,47.07,1.42,410,1.45,0,0.0,0.0,0.0,0.0,49.81,26.8
樣本外,B,10,120,fixed,68.03,29.38,35.04,46.88,1.4,320,1.21,12,0.0,0.0,0.0,0.0,23.21,36.38
樣本外,B,10,120,fixed_veto_only,65.26,26.23,33.75,46.68,1.34,392,1.17,12,0.0,0.0,0.0,0.0,36.49,21.08
樣本外,C,3,5,on,161.03,37.48,74.26,53.96,2.02,139,1.9,19,0.0,0.0,0.0,0.0,62.48,60.65
樣本外,C,3,5,off,62.05,42.28,32.24,51.84,1.28,245,1.01,0,0.0,0.0,0.0,0.0,24.42,30.25
樣本外,C,3,5,fixed,53.0,40.23,27.91,50.8,1.26,187,0.9,12,0.0,0.0,0.0,0.0,30.86,16.91
樣本外,C,3,5,fixed_veto_only,40.41,40.43,21.71,50.0,1.2,212,0.78,12,0.0,0.0,0.0,0.0,19.41,17.59
樣本外,C,3,10,on,150.97,41.3,70.34,56.32,2.4,87,1.7,19,0.0,0.0,0.0,0.0,29.05,94.48
樣本外,C,3,10,off,80.02,30.46,40.54,54.93,1.37,142,1.12,0,0.0,0.0,0.0,0.0,37.17,31.24
樣本外,C,3,10,fixed,77.42,45.81,39.36,51.3,1.5,115,1.15,12,0.0,0.0,0.0,0.0,-0.11,77.61
樣本外,C,3,10,fixed_veto_only,57.85,41.36,30.24,50.38,1.32,131,0.94,12,0.0,0.0,0.0,0.0,-4.04,64.51
樣本外,C,3,15,on,82.53,47.32,41.67,56.41,1.56,78,1.04,19,0.0,0.0,0.0,0.0,0.15,82.26
樣本外,C,3,15,off,135.66,26.68,64.24,56.52,1.74,115,1.6,0,0.0,0.0,0.0,0.0,56.73,50.35
樣本外,C,3,15,fixed,102.87,37.45,50.6,57.58,1.63,99,1.33,12,0.0,0.0,0.0,0.0,8.44,87.07
樣本外,C,3,15,fixed_veto_only,99.77,31.49,49.27,54.63,1.57,108,1.26,12,0.0,0.0,0.0,0.0,14.3,74.78
樣本外,C,3,20,on,94.67,46.75,47.05,52.56,1.58,78,1.1,19,0.0,0.0,0.0,0.0,0.06,94.56
樣本外,C,3,20,off,161.39,27.47,74.4,54.78,1.77,115,1.72,0,0.0,0.0,0.0,0.0,63.93,59.45
樣本外,C,3,20,fixed,136.34,37.86,64.52,53.54,1.73,99,1.52,12,0.0,0.0,0.0,0.0,9.96,114.93
樣本外,C,3,20,fixed_veto_only,131.19,30.78,62.43,50.93,1.66,108,1.43,12,0.0,0.0,0.0,0.0,14.15,102.52
樣本外,C,3,30,on,196.2,40.91,87.49,57.89,2.34,76,1.92,19,0.0,0.0,0.0,0.0,49.67,97.91
樣本外,C,3,30,off,66.64,25.5,34.39,49.5,1.36,101,1.0,0,0.0,0.0,0.0,0.0,6.69,56.19
樣本外,C,3,30,fixed,117.2,34.35,56.67,51.69,1.65,89,1.39,12,0.0,0.0,0.0,0.0,26.19,72.12
樣本外,C,3,30,fixed_veto_only,109.65,33.19,53.5,49.48,1.63,97,1.35,12,0.0,0.0,0.0,0.0,17.66,78.19
樣本外,C,3,45,on,113.36,40.91,55.06,53.12,1.96,64,1.31,19,0.0,0.0,0.0,0.0,-9.76,136.43
樣本外,C,3,45,off,86.84,22.73,43.59,52.63,1.4,95,1.19,0,0.0,0.0,0.0,0.0,24.17,50.47
樣本外,C,3,45,fixed,81.67,25.49,41.28,49.38,1.45,81,1.11,12,0.0,0.0,0.0,0.0,5.45,72.27
樣本外,C,3,45,fixed_veto_only,96.71,26.36,47.94,47.31,1.54,93,1.26,12,0.0,0.0,0.0,0.0,10.61,77.83
樣本外,C,3,60,on,119.87,40.91,57.78,53.12,2.0,64,1.36,19,0.0,0.0,0.0,0.0,-9.55,143.08
樣本外,C,3,60,off,99.09,21.72,48.97,52.13,1.46,94,1.31,0,0.0,0.0,0.0,0.0,29.15,54.15
樣本外,C,3,60,fixed,113.21,20.49,55.0,51.9,1.65,79,1.4,12,0.0,0.0,0.0,0.0,12.58,89.39
樣本外,C,3,60,fixed_veto_only,114.48,21.33,55.53,48.35,1.65,91,1.44,12,0.0,0.0,0.0,0.0,16.83,83.57
樣本外,C,3,90,on,119.87,40.91,57.78,53.12,2.0,64,1.36,19,0.0,0.0,0.0,0.0,-9.55,143.08
樣本外,C,3,90,off,99.09,21.72,48.97,52.13,1.46,94,1.31,0,0.0,0.0,0.0,0.0,29.15,54.15
樣本外,C,3,90,fixed,113.21,20.49,55.0,51.9,1.65,79,1.4,12,0.0,0.0,0.0,0.0,12.58,89.39
樣本外,C,3,90,fixed_veto_only,114.48,21.33,55.53,48.35,1.65,91,1.44,12,0.0,0.0,0.0,0.0,16.83,83.57
樣本外,C,3,120,on,119.87,40.91,57.78,53.12,2.0,64,1.36,19,0.0,0.0,0.0,0.0,-9.55,143.08
樣本外,C,3,120,off,99.09,21.72,48.97,52.13,1.46,94,1.31,0,0.0,0.0,0.0,0.0,29.15,54.15
樣本外,C,3,120,fixed,113.21,20.49,55.0,51.9,1.65,79,1.4,12,0.0,0.0,0.0,0.0,12.58,89.39
樣本外,C,3,120,fixed_veto_only,114.48,21.33,55.53,48.35,1.65,91,1.44,12,0.0,0.0,0.0,0.0,16.83,83.57
樣本外,C,5,5,on,54.23,37.49,28.51,50.43,1.31,232,0.98,19,0.0,0.0,0.0,0.0,19.43,29.14
樣本外,C,5,5,off,24.89,44.14,13.73,49.87,1.12,387,0.56,0,0.0,0.0,0.0,0.0,-2.22,27.72
樣本外,C,5,5,fixed,20.87,44.05,11.6,49.48,1.11,289,0.51,12,0.0,0.0,0.0,0.0,3.21,17.11
樣本外,C,5,5,fixed_veto_only,10.67,41.96,6.04,48.37,1.06,337,0.35,12,0.0,0.0,0.0,0.0,-2.15,13.1
樣本外,C,5,10,on,51.47,39.0,27.17,51.03,1.35,145,0.87,19,0.0,0.0,0.0,0.0,6.25,42.57
樣本外,C,5,10,off,74.97,31.19,38.24,54.5,1.38,222,1.13,0,0.0,0.0,0.0,0.0,11.7,56.64
樣本外,C,5,10,fixed,80.62,42.68,40.81,50.29,1.56,173,1.18,12,0.0,0.0,0.0,0.0,-14.46,111.17
樣本外,C,5,10,fixed_veto_only,49.02,40.37,25.97,49.26,1.32,203,0.85,12,0.0,0.0,0.0,0.0,-12.15,69.63
樣本外,C,5,15,on,43.88,30.42,23.44,55.2,1.3,125,0.81,19,0.0,0.0,0.0,0.0,1.85,41.27
樣本外,C,5,15,off,89.4,34.46,44.73,54.44,1.5,180,1.26,0,0.0,0.0,0.0,0.0,9.58,72.84
樣本外,C,5,15,fixed,41.75,33.46,22.38,52.05,1.26,146,0.76,12,0.0,0.0,0.0,0.0,-5.34,49.75
樣本外,C,5,15,fixed_veto_only,41.78,31.43,22.4,49.69,1.27,163,0.78,12,0.0,0.0,0.0,0.0,-0.61,42.66
樣本外,C,5,20,on,113.09,31.22,54.95,55.04,1.66,129,1.49,19,0.0,0.0,0.0,0.0,22.68,73.7
樣本外,C,5,20,off,122.82,34.93,59.0,52.17,1.6,184,1.52,0,0.0,0.0,0.0,0.0,21.56,83.3
樣本外,C,5,20,fixed,111.75,34.01,54.38,53.69,1.6,149,1.39,12,0.0,0.0,0.0,0.0,15.02,84.1
樣本外,C,5,20,fixed_veto_only,84.34,31.48,42.48,50.6,1.48,166,1.18,12,0.0,0.0,0.0,0.0,9.25,68.73
樣本外,C,5,30,on,163.8,30.03,75.33,54.87,2.0,113,1.87,19,0.0,0.0,0.0,0.0,46.4,80.19
樣本外,C,5,30,off,97.28,26.94,48.18,50.33,1.5,153,1.36,0,0.0,0.0,0.0,0.0,11.0,77.73
樣本外,C,5,30,fixed,49.92,38.08,26.41,47.2,1.27,125,0.82,12,0.0,0.0,0.0,0.0,10.64,35.51
樣本外,C,5,30,fixed_veto_only,90.97,35.23,45.42,49.31,1.52,144,1.28,12,0.0,0.0,0.0,0.0,9.12,75.01
樣本外,C,5,45,on,100.31,23.35,49.5,51.43,1.63,105,1.35,19,0.0,0.0,0.0,0.0,17.58,70.36
樣本外,C,5,45,off,128.89,19.97,61.5,51.66,1.62,151,1.67,0,0.0,0.0,0.0,0.0,29.65,76.54
樣本外,C,5,45,fixed,28.61,35.9,15.68,45.83,1.16,120,0.58,12,0.0,0.0,0.0,0.0,3.26,24.55
樣本外,C,5,45,fixed_veto_only,68.71,34.09,35.36,46.43,1.39,140,1.1,12,0.0,0.0,0.0,0.0,2.33,64.86
樣本外,C,5,60,on,185.2,18.13,83.43,53.7,2.11,108,2.06,19,0.0,0.0,0.0,0.0,43.36,98.94
樣本外,C,5,60,off,125.14,21.72,59.96,51.32,1.61,152,1.63,0,0.0,0.0,0.0,0.0,24.96,80.17
樣本外,C,5,60,fixed,33.24,33.76,18.07,46.61,1.18,118,0.64,12,0.0,0.0,0.0,0.0,-2.62,36.83
樣本外,C,5,60,fixed_veto_only,75.77,31.7,38.6,46.43,1.43,140,1.18,12,0.0,0.0,0.0,0.0,4.6,68.04
樣本外,C,5,90,on,185.2,18.13,83.43,53.7,2.11,108,2.06,19,0.0,0.0,0.0,0.0,43.36,98.94
樣本外,C,5,90,off,125.14,21.72,59.96,51.32,1.61,152,1.63,0,0.0,0.0,0.0,0.0,24.96,80.17
樣本外,C,5,90,fixed,33.24,33.76,18.07,46.61,1.18,118,0.64,12,0.0,0.0,0.0,0.0,-2.62,36.83
樣本外,C,5,90,fixed_veto_only,75.77,31.7,38.6,46.43,1.43,140,1.18,12,0.0,0.0,0.0,0.0,4.6,68.04
樣本外,C,5,120,on,185.2,18.13,83.43,53.7,2.11,108,2.06,19,0.0,0.0,0.0,0.0,43.36,98.94
樣本外,C,5,120,off,125.14,21.72,59.96,51.32,1.61,152,1.63,0,0.0,0.0,0.0,0.0,24.96,80.17
樣本外,C,5,120,fixed,33.24,33.76,18.07,46.61,1.18,118,0.64,12,0.0,0.0,0.0,0.0,-2.62,36.83
樣本外,C,5,120,fixed_veto_only,75.77,31.7,38.6,46.43,1.43,140,1.18,12,0.0,0.0,0.0,0.0,4.6,68.04
樣本外,C,8,5,on,34.62,30.55,18.78,50.13,1.21,393,0.76,19,0.0,0.0,0.0,0.0,6.15,26.82
樣本外,C,8,5,off,27.74,41.51,15.22,49.18,1.14,612,0.61,0,0.0,0.0,0.0,0.0,-0.04,27.79
樣本外,C,8,5,fixed,15.52,39.47,8.71,48.42,1.09,442,0.43,12,0.0,0.0,0.0,0.0,-2.32,18.27
樣本外,C,8,5,fixed_veto_only,9.34,38.31,5.3,48.05,1.06,539,0.33,12,0.0,0.0,0.0,0.0,-2.26,11.86
樣本外,C,8,10,on,36.71,28.98,19.84,51.29,1.24,232,0.75,19,0.0,0.0,0.0,0.0,-2.04,39.56
樣本外,C,8,10,off,118.24,25.3,57.1,56.98,1.57,351,1.72,0,0.0,0.0,0.0,0.0,42.07,53.61
樣本外,C,8,10,fixed,67.03,35.82,34.58,48.69,1.47,267,1.12,12,0.0,0.0,0.0,0.0,-7.55,80.67
樣本外,C,8,10,fixed_veto_only,30.46,34.29,16.64,48.88,1.21,313,0.67,12,0.0,0.0,0.0,0.0,-6.66,39.77
樣本外,C,8,15,on,57.23,29.5,29.95,55.44,1.37,193,1.03,19,0.0,0.0,0.0,0.0,0.16,56.99
樣本外,C,8,15,off,74.61,29.74,38.08,55.3,1.41,264,1.21,0,0.0,0.0,0.0,0.0,6.65,63.72
樣本外,C,8,15,fixed,17.97,30.82,10.04,52.38,1.12,210,0.46,12,0.0,0.0,0.0,0.0,-5.4,24.7
樣本外,C,8,15,fixed_veto_only,36.85,29.55,19.91,51.25,1.25,240,0.76,12,0.0,0.0,0.0,0.0,-4.98,44.02
樣本外,C,8,20,on,101.82,29.61,50.15,54.0,1.57,200,1.48,19,0.0,0.0,0.0,0.0,13.84,77.28
樣本外,C,8,20,off,105.13,29.07,51.57,53.31,1.47,272,1.49,0,0.0,0.0,0.0,0.0,23.48,66.13
樣本外,C,8,20,fixed,68.81,32.33,35.4,49.77,1.41,215,1.12,12,0.0,0.0,0.0,0.0,2.12,65.32
樣本外,C,8,20,fixed_veto_only,60.65,31.12,31.58,50.0,1.35,244,1.03,12,0.0,0.0,0.0,0.0,3.35,55.44
樣本外,C,8,30,on,139.29,34.96,65.71,51.7,1.8,176,1.78,19,0.0,0.0,0.0,0.0,27.02,88.39
樣本外,C,8,30,off,90.14,28.85,45.06,50.22,1.42,231,1.33,0,0.0,0.0,0.0,0.0,22.53,55.18
樣本外,C,8,30,fixed,99.14,39.31,48.99,50.0,1.59,184,1.36,12,0.0,0.0,0.0,0.0,13.03,76.18
樣本外,C,8,30,fixed_veto_only,96.72,35.92,47.94,49.54,1.55,218,1.42,12,0.0,0.0,0.0,0.0,12.81,74.38
樣本外,C,8,45,on,105.1,32.95,51.56,50.0,1.64,162,1.48,19,0.0,0.0,0.0,0.0,2.84,99.44
樣本外,C,8,45,off,111.65,22.42,54.34,50.0,1.48,224,1.56,0,0.0,0.0,0.0,0.0,34.77,57.05
樣本外,C,8,45,fixed,77.14,38.0,39.23,46.71,1.5,167,1.15,12,0.0,0.0,0.0,0.0,-0.08,77.27
樣本外,C,8,45,fixed_veto_only,88.76,35.58,44.45,47.32,1.54,205,1.35,12,0.0,0.0,0.0,0.0,-4.92,98.52
樣本外,C,8,60,on,120.63,28.75,58.1,49.69,1.74,163,1.66,19,0.0,0.0,0.0,0.0,6.0,108.14
樣本外,C,8,60,off,111.71,22.58,54.37,51.11,1.48,225,1.58,0,0.0,0.0,0.0,0.0,39.87,51.37
樣本外,C,8,60,fixed,84.94,35.76,42.75,47.93,1.56,169,1.25,12,0.0,0.0,0.0,0.0,3.93,77.95
樣本外,C,8,60,fixed_veto_only,91.37,32.6,45.6,46.04,1.57,202,1.4,12,0.0,0.0,0.0,0.0,0.21,90.97
樣本外,C,8,90,on,120.63,28.75,58.1,49.69,1.74,163,1.66,19,0.0,0.0,0.0,0.0,6.0,108.14
樣本外,C,8,90,off,111.71,22.58,54.37,51.11,1.48,225,1.58,0,0.0,0.0,0.0,0.0,39.87,51.37
樣本外,C,8,90,fixed,84.94,35.76,42.75,47.93,1.56,169,1.25,12,0.0,0.0,0.0,0.0,3.93,77.95
樣本外,C,8,90,fixed_veto_only,91.37,32.6,45.6,46.04,1.57,202,1.4,12,0.0,0.0,0.0,0.0,0.21,90.97
樣本外,C,8,120,on,120.63,28.75,58.1,49.69,1.74,163,1.66,19,0.0,0.0,0.0,0.0,6.0,108.14
樣本外,C,8,120,off,111.71,22.58,54.37,51.11,1.48,225,1.58,0,0.0,0.0,0.0,0.0,39.87,51.37
樣本外,C,8,120,fixed,84.94,35.76,42.75,47.93,1.56,169,1.25,12,0.0,0.0,0.0,0.0,3.93,77.95
樣本外,C,8,120,fixed_veto_only,91.37,32.6,45.6,46.04,1.57,202,1.4,12,0.0,0.0,0.0,0.0,0.21,90.97
樣本外,C,10,5,on,15.87,29.69,8.9,49.28,1.1,487,0.45,19,0.0,0.0,0.0,0.0,6.68,8.62
樣本外,C,10,5,off,24.85,40.11,13.71,49.53,1.13,747,0.57,0,0.0,0.0,0.0,0.0,-4.86,31.23
樣本外,C,10,5,fixed,2.93,38.61,1.68,47.97,1.03,542,0.22,12,0.0,0.0,0.0,0.0,-7.91,11.77
樣本外,C,10,5,fixed_veto_only,5.39,37.25,3.09,48.56,1.04,659,0.26,12,0.0,0.0,0.0,0.0,-6.12,12.26
樣本外,C,10,10,on,30.87,28.81,16.85,51.61,1.23,279,0.69,19,0.0,0.0,0.0,0.0,-6.14,39.43
樣本外,C,10,10,off,86.94,26.73,43.64,54.46,1.45,426,1.37,0,0.0,0.0,0.0,0.0,21.41,53.97
樣本外,C,10,10,fixed,55.0,35.55,28.87,49.69,1.41,320,1.02,12,0.0,0.0,0.0,0.0,-9.55,71.37
樣本外,C,10,10,fixed_veto_only,28.3,31.05,15.52,48.3,1.2,383,0.65,12,0.0,0.0,0.0,0.0,-7.94,39.37
樣本外,C,10,15,on,42.55,29.85,22.78,52.38,1.32,231,0.85,19,0.0,0.0,0.0,0.0,-8.69,56.11
樣本外,C,10,15,off,41.63,31.05,22.32,52.05,1.23,317,0.82,0,0.0,0.0,0.0,0.0,3.6,36.71
樣本外,C,10,15,fixed,18.63,30.22,10.4,49.59,1.14,246,0.48,12,0.0,0.0,0.0,0.0,-13.71,37.49
樣本外,C,10,15,fixed_veto_only,25.99,27.99,14.31,50.52,1.18,289,0.61,12,0.0,0.0,0.0,0.0,-7.41,36.07
樣本外,C,10,20,on,80.73,30.19,40.86,52.48,1.5,242,1.28,19,0.0,0.0,0.0,0.0,3.72,74.24
樣本外,C,10,20,off,81.59,30.81,41.24,51.53,1.39,326,1.26,0,0.0,0.0,0.0,0.0,14.47,58.63
樣本外,C,10,20,fixed,59.78,31.58,31.16,50.38,1.38,260,1.04,12,0.0,0.0,0.0,0.0,-1.68,62.51
樣本外,C,10,20,fixed_veto_only,44.36,29.59,23.68,48.3,1.27,294,0.86,12,0.0,0.0,0.0,0.0,-1.84,47.06
樣本外,C,10,30,on,120.68,32.01,58.12,50.48,1.71,210,1.71,19,0.0,0.0,0.0,0.0,25.18,76.29
樣本外,C,10,30,off,126.16,27.99,60.38,51.25,1.65,279,1.76,0,0.0,0.0,0.0,0.0,22.68,84.36
樣本外,C,10,30,fixed,97.57,36.88,48.31,49.78,1.53,229,1.44,12,0.0,0.0,0.0,0.0,33.18,48.35
樣本外,C,10,30,fixed_veto_only,100.52,32.46,49.59,49.05,1.58,263,1.54,12,0.0,0.0,0.0,0.0,20.67,66.16
樣本外,C,10,45,on,78.05,33.34,39.65,48.73,1.48,197,1.27,19,0.0,0.0,0.0,0.0,3.96,71.28
樣本外,C,10,45,off,112.91,31.28,54.87,49.24,1.59,264,1.61,0,0.0,0.0,0.0,0.0,16.56,82.66
樣本外,C,10,45,fixed,101.96,36.55,50.21,49.76,1.64,211,1.49,12,0.0,0.0,0.0,0.0,7.36,88.11
樣本外,C,10,45,fixed_veto_only,87.93,32.45,44.08,45.38,1.54,249,1.4,12,0.0,0.0,0.0,0.0,0.86,86.33
樣本外,C,10,60,on,97.97,30.25,48.49,48.76,1.57,201,1.48,19,0.0,0.0,0.0,0.0,8.46,82.53
樣本外,C,10,60,off,109.81,27.55,53.56,49.07,1.53,269,1.59,0,0.0,0.0,0.0,0.0,26.66,65.65
樣本外,C,10,60,fixed,90.65,35.39,45.28,48.56,1.57,208,1.39,12,0.0,0.0,0.0,0.0,7.6,77.19
樣本外,C,10,60,fixed_veto_only,88.82,31.11,44.47,45.34,1.55,247,1.42,12,0.0,0.0,0.0,0.0,2.61,84.01
樣本外,C,10,90,on,97.97,30.25,48.49,48.76,1.57,201,1.48,19,0.0,0.0,0.0,0.0,8.46,82.53
樣本外,C,10,90,off,109.81,27.55,53.56,49.07,1.53,269,1.59,0,0.0,0.0,0.0,0.0,26.66,65.65
樣本外,C,10,90,fixed,90.65,35.39,45.28,48.56,1.57,208,1.39,12,0.0,0.0,0.0,0.0,7.6,77.19
樣本外,C,10,90,fixed_veto_only,88.82,31.11,44.47,45.34,1.55,247,1.42,12,0.0,0.0,0.0,0.0,2.61,84.01
樣本外,C,10,120,on,97.97,30.25,48.49,48.76,1.57,201,1.48,19,0.0,0.0,0.0,0.0,8.46,82.53
樣本外,C,10,120,off,109.81,27.55,53.56,49.07,1.53,269,1.59,0,0.0,0.0,0.0,0.0,26.66,65.65
樣本外,C,10,120,fixed,90.65,35.39,45.28,48.56,1.57,208,1.39,12,0.0,0.0,0.0,0.0,7.6,77.19
樣本外,C,10,120,fixed_veto_only,88.82,31.11,44.47,45.34,1.55,247,1.42,12,0.0,0.0,0.0,0.0,2.61,84.01
樣本外,D,3,5,on,166.9,37.65,76.52,54.35,2.07,138,1.91,19,0.0,0.0,0.0,0.0,55.93,71.16
樣本外,D,3,5,off,78.51,39.96,39.85,52.05,1.36,244,1.2,0,0.0,0.0,0.0,0.0,26.22,41.43
樣本外,D,3,5,fixed,69.09,37.78,35.53,51.08,1.36,186,1.1,12,0.0,0.0,0.0,0.0,30.56,29.51
樣本外,D,3,5,fixed_veto_only,57.18,37.87,29.92,50.71,1.29,211,1.02,12,0.0,0.0,0.0,0.0,23.63,27.14
樣本外,D,3,10,on,116.75,36.36,56.48,57.47,1.95,87,1.41,19,0.0,0.0,0.0,0.0,29.64,67.2
樣本外,D,3,10,off,155.06,24.28,71.94,54.74,2.09,137,1.77,0,0.0,0.0,0.0,0.0,10.92,129.96
樣本外,D,3,10,fixed,72.14,38.7,36.94,54.46,1.53,112,1.04,12,0.0,0.0,0.0,0.0,-0.26,72.59
樣本外,D,3,10,fixed_veto_only,86.01,31.75,43.22,54.76,1.64,126,1.25,12,0.0,0.0,0.0,0.0,2.9,80.77
樣本外,D,3,15,on,81.52,32.26,41.21,58.82,1.73,68,1.08,19,0.0,0.0,0.0,0.0,-8.65,98.71
樣本外,D,3,15,off,178.67,23.76,80.98,59.62,2.45,104,2.04,0,0.0,0.0,0.0,0.0,41.14,97.44
樣本外,D,3,15,fixed,87.85,33.16,44.04,53.57,1.71,84,1.24,12,0.0,0.0,0.0,0.0,-2.03,91.75
樣本外,D,3,15,fixed_veto_only,97.16,20.6,48.13,55.91,1.85,93,1.47,12,0.0,0.0,0.0,0.0,30.72,50.82
樣本外,D,3,20,on,137.4,34.82,64.95,53.52,2.01,71,1.49,19,0.0,0.0,0.0,0.0,27.57,86.09
樣本外,D,3,20,off,233.43,24.67,100.79,54.81,2.63,104,2.39,0,0.0,0.0,0.0,0.0,89.93,75.56
樣本外,D,3,20,fixed,138.63,32.29,65.44,55.17,2.0,87,1.72,12,0.0,0.0,0.0,0.0,41.84,68.24
樣本外,D,3,20,fixed_veto_only,134.67,21.24,63.85,51.61,2.0,93,1.83,12,0.0,0.0,0.0,0.0,68.56,39.22
樣本外,D,3,30,on,169.63,38.34,77.56,58.93,2.31,56,1.66,19,0.0,0.0,0.0,0.0,47.68,82.58
樣本外,D,3,30,off,174.55,32.5,79.43,49.4,2.28,83,1.78,0,0.0,0.0,0.0,0.0,23.95,121.5
樣本外,D,3,30,fixed,160.05,34.97,73.88,55.88,2.32,68,1.78,12,0.0,0.0,0.0,0.0,34.07,93.96
樣本外,D,3,30,fixed_veto_only,200.62,22.9,89.1,50.65,2.52,77,2.08,12,0.0,0.0,0.0,0.0,43.66,109.26
樣本外,D,3,45,on,143.78,24.53,67.5,55.77,2.44,52,1.5,19,0.0,0.0,0.0,0.0,50.2,62.31
樣本外,D,3,45,off,155.9,21.93,72.27,54.67,2.46,75,1.66,0,0.0,0.0,0.0,0.0,24.26,105.94
樣本外,D,3,45,fixed,123.81,20.01,59.41,57.14,2.2,63,1.53,12,0.0,0.0,0.0,0.0,38.75,61.3
樣本外,D,3,45,fixed_veto_only,131.47,23.15,62.55,51.43,2.39,70,1.55,12,0.0,0.0,0.0,0.0,25.57,84.34
樣本外,D,3,60,on,145.02,24.53,67.99,50.98,2.4,51,1.56,19,0.0,0.0,0.0,0.0,51.47,61.77
樣本外,D,3,60,off,189.47,22.17,85.01,54.79,2.84,73,1.85,0,0.0,0.0,0.0,0.0,26.01,129.72
樣本外,D,3,60,fixed,138.49,19.9,65.39,56.45,2.37,62,1.64,12,0.0,0.0,0.0,0.0,49.78,59.23
樣本外,D,3,60,fixed_veto_only,125.35,20.76,60.05,50.72,2.39,69,1.51,12,0.0,0.0,0.0,0.0,22.64,83.75
樣本外,D,3,90,on,144.5,24.53,67.79,52.94,2.44,51,1.5,19,0.0,0.0,0.0,0.0,50.94,61.99
樣本外,D,3,90,off,175.08,23.93,79.63,56.34,2.64,71,1.73,0,0.0,0.0,0.0,0.0,20.79,127.73
樣本外,D,3,90,fixed,108.28,25.98,52.91,53.97,2.06,63,1.33,12,0.0,0.0,0.0,0.0,26.46,64.7
樣本外,D,3,90,fixed_veto_only,113.49,22.74,55.12,52.24,2.23,67,1.38,12,0.0,0.0,0.0,0.0,17.15,82.23
樣本外,D,3,120,on,144.5,24.53,67.79,52.94,2.44,51,1.5,19,0.0,0.0,0.0,0.0,50.94,61.99
樣本外,D,3,120,off,175.08,23.93,79.63,56.34,2.64,71,1.73,0,0.0,0.0,0.0,0.0,20.79,127.73
樣本外,D,3,120,fixed,108.28,25.98,52.91,53.97,2.06,63,1.33,12,0.0,0.0,0.0,0.0,26.46,64.7
樣本外,D,3,120,fixed_veto_only,113.49,22.74,55.12,52.24,2.23,67,1.38,12,0.0,0.0,0.0,0.0,17.15,82.23
樣本外,D,5,5,on,71.14,33.7,36.48,51.28,1.41,234,1.21,19,0.0,0.0,0.0,0.0,23.41,38.67
樣本外,D,5,5,off,42.12,41.48,22.56,49.48,1.2,386,0.8,0,0.0,0.0,0.0,0.0,3.84,36.87
樣本外,D,5,5,fixed,43.38,38.39,23.19,49.66,1.22,292,0.85,12,0.0,0.0,0.0,0.0,14.88,24.81
樣本外,D,5,5,fixed_veto_only,28.14,38.15,15.44,48.38,1.15,339,0.64,12,0.0,0.0,0.0,0.0,8.33,18.29
樣本外,D,5,10,on,54.59,35.28,28.68,55.64,1.45,133,0.95,19,0.0,0.0,0.0,0.0,-1.14,56.38
樣本外,D,5,10,off,47.45,31.7,25.2,50.93,1.27,214,0.85,0,0.0,0.0,0.0,0.0,-7.93,60.15
樣本外,D,5,10,fixed,75.19,29.92,38.34,53.71,1.51,175,1.19,12,0.0,0.0,0.0,0.0,7.74,62.6
樣本外,D,5,10,fixed_veto_only,47.96,30.03,25.45,51.0,1.33,200,0.89,12,0.0,0.0,0.0,0.0,5.11,40.77
樣本外,D,5,15,on,82.36,31.01,41.59,59.13,1.7,115,1.29,19,0.0,0.0,0.0,0.0,3.74,75.79
樣本外,D,5,15,off,92.26,27.3,45.99,54.49,1.59,167,1.31,0,0.0,0.0,0.0,0.0,14.39,68.07
樣本外,D,5,15,fixed,79.58,26.33,40.34,55.97,1.64,134,1.26,12,0.0,0.0,0.0,0.0,14.07,57.43
樣本外,D,5,15,fixed_veto_only,58.68,26.01,30.64,50.65,1.42,154,1.01,12,0.0,0.0,0.0,0.0,17.33,35.25
樣本外,D,5,20,on,126.52,31.48,60.53,54.31,1.86,116,1.63,19,0.0,0.0,0.0,0.0,31.28,72.55
樣本外,D,5,20,off,171.32,22.9,78.2,50.88,1.87,171,1.95,0,0.0,0.0,0.0,0.0,62.55,66.92
樣本外,D,5,20,fixed,138.61,25.17,65.43,52.9,1.91,138,1.79,12,0.0,0.0,0.0,0.0,48.67,60.49
樣本外,D,5,20,fixed_veto_only,115.73,25.25,56.06,47.47,1.62,158,1.54,12,0.0,0.0,0.0,0.0,51.25,42.63
樣本外,D,5,30,on,125.13,34.17,59.96,54.55,1.9,88,1.55,19,0.0,0.0,0.0,0.0,48.12,51.99
樣本外,D,5,30,off,127.85,25.64,61.07,49.62,1.9,131,1.6,0,0.0,0.0,0.0,0.0,46.62,55.4
樣本外,D,5,30,fixed,171.04,25.56,78.1,53.85,2.55,104,1.99,12,0.0,0.0,0.0,0.0,54.13,75.85
樣本外,D,5,30,fixed_veto_only,116.57,30.26,56.41,48.36,1.87,122,1.5,12,0.0,0.0,0.0,0.0,15.4,87.68
樣本外,D,5,45,on,137.16,18.06,64.85,56.79,2.25,81,1.66,19,0.0,0.0,0.0,0.0,60.78,47.51
樣本外,D,5,45,off,211.73,25.82,93.12,54.05,2.83,111,2.17,0,0.0,0.0,0.0,0.0,62.24,92.14
樣本外,D,5,45,fixed,122.41,29.17,58.84,52.17,2.32,92,1.57,12,0.0,0.0,0.0,0.0,20.5,84.58
樣本外,D,5,45,fixed_veto_only,107.76,27.71,52.69,48.15,1.93,108,1.43,12,0.0,0.0,0.0,0.0,16.29,78.66
樣本外,D,5,60,on,138.19,19.16,65.26,52.44,2.28,82,1.74,19,0.0,0.0,0.0,0.0,61.11,47.84
樣本外,D,5,60,off,193.53,23.95,86.51,51.35,2.61,111,2.05,0,0.0,0.0,0.0,0.0,75.37,67.38
樣本外,D,5,60,fixed,129.36,26.1,61.69,53.33,2.44,90,1.59,12,0.0,0.0,0.0,0.0,26.59,81.18
樣本外,D,5,60,fixed_veto_only,125.22,25.12,59.99,47.12,2.15,104,1.56,12,0.0,0.0,0.0,0.0,19.43,88.58
樣本外,D,5,90,on,136.1,20.55,64.42,54.43,2.33,79,1.67,19,0.0,0.0,0.0,0.0,58.82,48.65
樣本外,D,5,90,off,169.56,26.74,77.53,51.35,2.37,111,1.91,0,0.0,0.0,0.0,0.0,57.84,70.78
樣本外,D,5,90,fixed,120.42,26.3,58.01,52.27,2.33,88,1.5,12,0.0,0.0,0.0,0.0,16.79,88.74
樣本外,D,5,90,fixed_veto_only,127.79,24.12,61.05,48.0,2.23,100,1.58,12,0.0,0.0,0.0,0.0,18.99,91.43
樣本外,D,5,120,on,136.1,20.55,64.42,54.43,2.33,79,1.67,19,0.0,0.0,0.0,0.0,58.82,48.65
樣本外,D,5,120,off,169.56,26.74,77.53,51.35,2.37,111,1.91,0,0.0,0.0,0.0,0.0,57.84,70.78
樣本外,D,5,120,fixed,120.42,26.3,58.01,52.27,2.33,88,1.5,12,0.0,0.0,0.0,0.0,16.79,88.74
樣本外,D,5,120,fixed_veto_only,127.79,24.12,61.05,48.0,2.23,100,1.58,12,0.0,0.0,0.0,0.0,18.99,91.43
樣本外,D,8,5,on,45.77,29.92,24.38,49.61,1.27,389,0.96,19,0.0,0.0,0.0,0.0,12.2,29.92
樣本外,D,8,5,off,42.62,39.31,22.81,48.43,1.21,607,0.84,0,0.0,0.0,0.0,0.0,4.29,36.76
樣本外,D,8,5,fixed,25.37,37.54,13.98,48.42,1.14,442,0.6,12,0.0,0.0,0.0,0.0,4.28,20.22
樣本外,D,8,5,fixed_veto_only,21.96,36.03,12.18,47.76,1.12,536,0.56,12,0.0,0.0,0.0,0.0,3.79,17.51
樣本外,D,8,10,on,46.84,27.92,24.91,50.66,1.37,229,0.97,19,0.0,0.0,0.0,0.0,6.56,37.8
樣本外,D,8,10,off,82.06,30.01,41.46,53.73,1.48,322,1.3,0,0.0,0.0,0.0,0.0,6.19,71.45
樣本外,D,8,10,fixed,42.93,30.6,22.97,50.0,1.31,258,0.84,12,0.0,0.0,0.0,0.0,1.29,41.12
樣本外,D,8,10,fixed_veto_only,57.55,28.87,30.1,49.36,1.44,314,1.06,12,0.0,0.0,0.0,0.0,2.1,54.31
樣本外,D,8,15,on,53.79,24.32,28.29,51.93,1.44,181,0.97,19,0.0,0.0,0.0,0.0,-0.77,54.98
樣本外,D,8,15,off,93.64,27.89,46.6,51.38,1.63,253,1.4,0,0.0,0.0,0.0,0.0,12.41,72.27
樣本外,D,8,15,fixed,66.19,27.26,34.18,51.24,1.54,201,1.14,12,0.0,0.0,0.0,0.0,7.66,54.37
樣本外,D,8,15,fixed_veto_only,56.98,25.51,29.82,50.63,1.4,237,1.04,12,0.0,0.0,0.0,0.0,17.95,33.09
樣本外,D,8,20,on,111.51,23.78,54.28,49.2,1.69,187,1.56,19,0.0,0.0,0.0,0.0,32.67,59.43
樣本外,D,8,20,off,219.7,26.8,95.96,51.72,2.14,261,2.39,0,0.0,0.0,0.0,0.0,63.33,95.74
樣本外,D,8,20,fixed,153.6,27.38,71.37,48.8,2.06,209,1.9,12,0.0,0.0,0.0,0.0,40.0,81.14
樣本外,D,8,20,fixed_veto_only,185.71,25.92,83.62,47.95,2.05,244,2.16,12,0.0,0.0,0.0,0.0,67.69,70.38
樣本外,D,8,30,on,104.66,24.08,51.37,50.36,1.83,137,1.5,19,0.0,0.0,0.0,0.0,24.1,64.92
樣本外,D,8,30,off,149.68,26.14,69.83,50.77,2.0,195,1.81,0,0.0,0.0,0.0,0.0,35.94,83.67
樣本外,D,8,30,fixed,123.88,30.61,59.44,48.72,1.89,156,1.59,12,0.0,0.0,0.0,0.0,34.78,66.1
樣本外,D,8,30,fixed_veto_only,66.28,30.93,34.23,44.75,1.49,181,1.09,12,0.0,0.0,0.0,0.0,2.58,62.1
樣本外,D,8,45,on,105.4,24.97,51.69,50.0,1.86,130,1.48,19,0.0,0.0,0.0,0.0,26.48,62.4
樣本外,D,8,45,off,152.13,28.46,70.8,46.59,1.91,176,1.74,0,0.0,0.0,0.0,0.0,49.66,68.47
樣本外,D,8,45,fixed,95.14,31.35,47.26,45.77,1.77,142,1.39,12,0.0,0.0,0.0,0.0,32.29,47.51
樣本外,D,8,45,fixed_veto_only,98.74,30.19,48.82,42.17,1.72,166,1.39,12,0.0,0.0,0.0,0.0,18.63,67.54
樣本外,D,8,60,on,109.34,21.33,53.36,47.69,1.9,130,1.54,19,0.0,0.0,0.0,0.0,29.09,62.17
樣本外,D,8,60,off,152.58,30.12,70.97,45.66,1.94,173,1.77,0,0.0,0.0,0.0,0.0,47.37,71.39
樣本外,D,8,60,fixed,91.1,29.79,45.48,44.2,1.75,138,1.32,12,0.0,0.0,0.0,0.0,21.71,57.01
樣本外,D,8,60,fixed_veto_only,92.7,28.78,46.18,40.12,1.72,162,1.34,12,0.0,0.0,0.0,0.0,12.2,71.75
樣本外,D,8,90,on,103.19,21.09,50.74,48.78,1.85,123,1.48,19,0.0,0.0,0.0,0.0,27.49,59.38
樣本外,D,8,90,off,188.48,28.48,84.65,46.71,2.25,167,2.04,0,0.0,0.0,0.0,0.0,60.47,79.78
樣本外,D,8,90,fixed,89.68,28.85,44.85,45.19,1.75,135,1.3,12,0.0,0.0,0.0,0.0,23.35,53.77
樣本外,D,8,90,fixed_veto_only,101.32,29.05,49.94,40.99,1.76,161,1.41,12,0.0,0.0,0.0,0.0,21.17,66.15
樣本外,D,8,120,on,103.19,21.09,50.74,48.78,1.85,123,1.48,19,0.0,0.0,0.0,0.0,27.49,59.38
樣本外,D,8,120,off,180.81,28.48,81.79,46.11,2.17,167,1.99,0,0.0,0.0,0.0,0.0,60.47,75.0
樣本外,D,8,120,fixed,89.68,28.85,44.85,45.19,1.75,135,1.3,12,0.0,0.0,0.0,0.0,23.35,53.77
樣本外,D,8,120,fixed_veto_only,101.32,29.05,49.94,40.99,1.76,161,1.41,12,0.0,0.0,0.0,0.0,21.17,66.15
樣本外,D,10,5,on,31.5,29.1,17.18,49.48,1.19,481,0.75,19,0.0,0.0,0.0,0.0,14.39,14.96
樣本外,D,10,5,off,40.3,37.51,21.65,49.39,1.2,741,0.82,0,0.0,0.0,0.0,0.0,4.26,34.57
樣本外,D,10,5,fixed,16.5,37.79,9.24,48.24,1.1,541,0.45,12,0.0,0.0,0.0,0.0,-0.7,17.32
樣本外,D,10,5,fixed_veto_only,26.8,34.86,14.73,48.86,1.15,659,0.65,12,0.0,0.0,0.0,0.0,5.07,20.68
樣本外,D,10,10,on,42.36,27.63,22.68,51.09,1.35,274,0.92,19,0.0,0.0,0.0,0.0,4.89,35.72
樣本外,D,10,10,off,63.74,31.3,33.03,51.97,1.39,381,1.11,0,0.0,0.0,0.0,0.0,1.41,61.47
樣本外,D,10,10,fixed,31.01,29.81,16.92,49.36,1.23,312,0.68,12,0.0,0.0,0.0,0.0,-4.42,37.07
樣本外,D,10,10,fixed_veto_only,43.46,26.19,23.23,49.48,1.34,382,0.91,12,0.0,0.0,0.0,0.0,2.36,40.14
樣本外,D,10,15,on,40.17,25.0,21.59,50.9,1.35,222,0.83,19,0.0,0.0,0.0,0.0,4.26,34.45
樣本外,D,10,15,off,100.04,29.13,49.38,52.82,1.68,301,1.53,0,0.0,0.0,0.0,0.0,8.3,84.71
樣本外,D,10,15,fixed,50.01,27.04,26.46,51.45,1.42,241,0.98,12,0.0,0.0,0.0,0.0,0.12,49.84
樣本外,D,10,15,fixed_veto_only,58.1,23.74,30.36,50.0,1.43,288,1.08,12,0.0,0.0,0.0,0.0,15.84,36.49
樣本外,D,10,20,on,140.97,24.43,66.38,50.43,1.97,230,1.9,19,0.0,0.0,0.0,0.0,41.71,70.05
樣本外,D,10,20,off,147.12,27.34,68.82,48.75,1.73,320,1.89,0,0.0,0.0,0.0,0.0,39.61,77.01
樣本外,D,10,20,fixed,128.04,27.35,61.15,48.05,1.88,256,1.76,12,0.0,0.0,0.0,0.0,39.6,63.36
樣本外,D,10,20,fixed_veto_only,163.64,25.32,75.27,46.98,1.96,298,2.02,12,0.0,0.0,0.0,0.0,51.85,73.62
樣本外,D,10,30,on,77.47,25.16,39.38,47.93,1.58,169,1.24,19,0.0,0.0,0.0,0.0,15.11,54.17
樣本外,D,10,30,off,118.7,24.97,57.3,48.31,1.75,236,1.64,0,0.0,0.0,0.0,0.0,26.28,73.18
樣本外,D,10,30,fixed,114.42,31.6,55.51,48.65,1.92,185,1.53,12,0.0,0.0,0.0,0.0,23.99,72.93
樣本外,D,10,30,fixed_veto_only,68.42,30.25,35.22,43.38,1.48,219,1.12,12,0.0,0.0,0.0,0.0,7.63,56.48
樣本外,D,10,45,on,82.57,23.2,41.68,44.3,1.66,158,1.32,19,0.0,0.0,0.0,0.0,23.02,48.4
樣本外,D,10,45,off,150.94,23.32,70.33,48.85,1.84,217,1.84,0,0.0,0.0,0.0,0.0,65.45,51.67
樣本外,D,10,45,fixed,113.81,32.36,55.25,46.06,1.96,165,1.52,12,0.0,0.0,0.0,0.0,33.73,59.88
樣本外,D,10,45,fixed_veto_only,97.42,28.16,48.25,40.58,1.69,207,1.44,12,0.0,0.0,0.0,0.0,17.71,67.72
樣本外,D,10,60,on,88.78,20.72,44.46,44.52,1.73,155,1.38,19,0.0,0.0,0.0,0.0,26.84,48.83
樣本外,D,10,60,off,201.08,24.68,89.27,47.12,2.34,208,2.19,0,0.0,0.0,0.0,0.0,62.58,85.19
樣本外,D,10,60,fixed,111.83,31.45,54.42,45.45,1.96,165,1.5,12,0.0,0.0,0.0,0.0,30.17,62.73
樣本外,D,10,60,fixed_veto_only,114.86,27.19,55.69,40.39,1.78,203,1.58,12,0.0,0.0,0.0,0.0,28.21,67.59
樣本外,D,10,90,on,84.99,19.96,42.77,45.03,1.72,151,1.34,19,0.0,0.0,0.0,0.0,25.31,47.63
樣本外,D,10,90,off,198.63,26.21,88.38,47.74,2.34,199,2.14,0,0.0,0.0,0.0,0.0,62.47,83.81
樣本外,D,10,90,fixed,104.16,31.18,51.15,45.68,1.92,162,1.44,12,0.0,0.0,0.0,0.0,26.11,61.89
樣本外,D,10,90,fixed_veto_only,100.88,30.06,49.74,40.8,1.71,201,1.44,12,0.0,0.0,0.0,0.0,19.36,68.29
樣本外,D,10,120,on,84.99,19.96,42.77,45.03,1.72,151,1.34,19,0.0,0.0,0.0,0.0,25.31,47.63
樣本外,D,10,120,off,191.19,26.21,85.65,47.24,2.26,199,2.09,0,0.0,0.0,0.0,0.0,62.47,79.23
樣本外,D,10,120,fixed,104.16,31.18,51.15,45.68,1.92,162,1.44,12,0.0,0.0,0.0,0.0,26.11,61.89
樣本外,D,10,120,fixed_veto_only,100.88,30.06,49.74,40.8,1.71,201,1.44,12,0.0,0.0,0.0,0.0,19.36,68.29
樣本外,E,3,5,on,164.57,36.56,75.62,51.08,2.19,139,1.94,19,0.0,0.0,0.0,0.0,58.12,67.32
樣本外,E,3,5,off,67.34,40.54,34.72,48.98,1.32,245,1.08,0,0.0,0.0,0.0,0.0,20.21,39.21
樣本外,E,3,5,fixed,64.09,37.96,33.2,48.13,1.35,187,1.05,12,0.0,0.0,0.0,0.0,29.03,27.17
樣本外,E,3,5,fixed_veto_only,47.99,37.88,25.47,46.7,1.25,212,0.9,12,0.0,0.0,0.0,0.0,18.1,25.31
樣本外,E,3,10,on,121.24,30.21,58.35,52.53,1.96,99,1.54,19,0.0,0.0,0.0,0.0,46.13,51.39
樣本外,E,3,10,off,193.7,26.26,86.57,51.72,2.25,145,2.13,0,0.0,0.0,0.0,0.0,44.61,103.1
樣本外,E,3,10,fixed,54.42,36.76,28.6,47.11,1.33,121,0.91,12,0.0,0.0,0.0,0.0,11.3,38.74
樣本外,E,3,10,fixed_veto_only,78.34,35.89,39.78,48.55,1.49,138,1.21,12,0.0,0.0,0.0,0.0,8.34,64.62
樣本外,E,3,15,on,90.57,36.53,45.25,49.37,1.7,79,1.2,19,0.0,0.0,0.0,0.0,25.71,51.6
樣本外,E,3,15,off,141.51,28.8,66.6,51.26,1.86,119,1.62,0,0.0,0.0,0.0,0.0,24.9,93.36
樣本外,E,3,15,fixed,33.81,25.42,18.36,44.33,1.25,97,0.66,12,0.0,0.0,0.0,0.0,16.81,14.55
樣本外,E,3,15,fixed_veto_only,78.52,25.02,39.86,48.62,1.57,109,1.18,12,0.0,0.0,0.0,0.0,14.96,55.3
樣本外,E,3,20,on,123.98,35.69,59.49,49.37,1.91,79,1.47,19,0.0,0.0,0.0,0.0,37.1,63.37
樣本外,E,3,20,off,172.95,26.22,78.82,48.74,1.98,119,1.88,0,0.0,0.0,0.0,0.0,49.72,82.31
樣本外,E,3,20,fixed,60.12,25.77,31.32,46.39,1.38,97,0.94,12,0.0,0.0,0.0,0.0,26.21,26.87
樣本外,E,3,20,fixed_veto_only,119.08,22.7,57.45,47.71,1.8,109,1.57,12,0.0,0.0,0.0,0.0,29.19,69.57
樣本外,E,3,30,on,158.56,35.69,73.31,46.84,2.22,79,1.77,19,0.0,0.0,0.0,0.0,76.54,46.46
樣本外,E,3,30,off,163.31,26.53,75.14,44.23,2.0,104,1.7,0,0.0,0.0,0.0,0.0,42.93,84.23
樣本外,E,3,30,fixed,140.54,26.75,66.21,45.16,1.89,93,1.64,12,0.0,0.0,0.0,0.0,67.09,43.96
樣本外,E,3,30,fixed_veto_only,155.79,23.95,72.23,44.23,1.93,104,1.75,12,0.0,0.0,0.0,0.0,50.03,70.49
樣本外,E,3,45,on,123.83,35.69,59.42,41.56,1.91,77,1.46,19,0.0,0.0,0.0,0.0,48.61,50.62
樣本外,E,3,45,off,198.11,20.11,88.19,49.0,2.14,100,1.99,0,0.0,0.0,0.0,0.0,70.97,74.37
樣本外,E,3,45,fixed,124.1,20.8,59.54,41.76,1.8,91,1.47,12,0.0,0.0,0.0,0.0,46.99,52.46
樣本外,E,3,45,fixed_veto_only,154.59,21.04,71.76,42.72,1.9,103,1.76,12,0.0,0.0,0.0,0.0,52.1,67.39
樣本外,E,3,60,on,119.77,35.69,57.74,41.56,1.88,77,1.43,19,0.0,0.0,0.0,0.0,45.98,50.55
樣本外,E,3,60,off,202.64,15.94,89.84,43.88,2.2,98,2.09,0,0.0,0.0,0.0,0.0,57.68,91.93
樣本外,E,3,60,fixed,123.46,21.33,59.27,41.57,1.83,89,1.47,12,0.0,0.0,0.0,0.0,44.86,54.26
樣本外,E,3,60,fixed_veto_only,162.06,21.67,74.66,45.1,1.93,102,1.85,12,0.0,0.0,0.0,0.0,57.19,66.72
樣本外,E,3,90,on,119.77,35.69,57.74,41.56,1.88,77,1.43,19,0.0,0.0,0.0,0.0,45.98,50.55
樣本外,E,3,90,off,202.64,15.94,89.84,43.88,2.2,98,2.09,0,0.0,0.0,0.0,0.0,57.68,91.93
樣本外,E,3,90,fixed,123.46,21.33,59.27,41.57,1.83,89,1.47,12,0.0,0.0,0.0,0.0,44.86,54.26
樣本外,E,3,90,fixed_veto_only,162.06,21.67,74.66,45.1,1.93,102,1.85,12,0.0,0.0,0.0,0.0,57.19,66.72
樣本外,E,3,120,on,119.77,35.69,57.74,41.56,1.88,77,1.43,19,0.0,0.0,0.0,0.0,45.98,50.55
樣本外,E,3,120,off,202.64,15.94,89.84,43.88,2.2,98,2.09,0,0.0,0.0,0.0,0.0,57.68,91.93
樣本外,E,3,120,fixed,123.46,21.33,59.27,41.57,1.83,89,1.47,12,0.0,0.0,0.0,0.0,44.86,54.26
樣本外,E,3,120,fixed_veto_only,162.06,21.67,74.66,45.1,1.93,102,1.85,12,0.0,0.0,0.0,0.0,57.19,66.72
樣本外,E,5,5,on,50.73,35.99,26.81,48.07,1.3,233,0.96,19,0.0,0.0,0.0,0.0,17.63,28.14
樣本外,E,5,5,off,24.21,41.6,13.37,46.79,1.12,389,0.56,0,0.0,0.0,0.0,0.0,-2.51,27.41
樣本外,E,5,5,fixed,26.73,39.87,14.7,46.23,1.15,292,0.61,12,0.0,0.0,0.0,0.0,5.17,20.5
樣本外,E,5,5,fixed_veto_only,12.38,38.37,6.99,45.1,1.08,337,0.38,12,0.0,0.0,0.0,0.0,0.66,11.64
樣本外,E,5,10,on,69.91,28.57,35.91,47.85,1.43,163,1.2,19,0.0,0.0,0.0,0.0,33.27,27.5
樣本外,E,5,10,off,127.13,31.64,60.78,47.39,1.67,230,1.78,0,0.0,0.0,0.0,0.0,38.85,63.58
樣本外,E,5,10,fixed,65.17,34.67,33.7,46.2,1.38,184,1.1,12,0.0,0.0,0.0,0.0,13.16,45.96
樣本外,E,5,10,fixed_veto_only,70.57,30.11,36.22,46.05,1.43,215,1.22,12,0.0,0.0,0.0,0.0,16.22,46.77
樣本外,E,5,15,on,50.82,25.45,26.85,45.45,1.34,132,0.91,19,0.0,0.0,0.0,0.0,16.01,30.0
樣本外,E,5,15,off,166.23,24.93,76.26,48.17,1.91,191,2.0,0,0.0,0.0,0.0,0.0,33.53,99.37
樣本外,E,5,15,fixed,29.8,25.96,16.29,43.79,1.21,153,0.63,12,0.0,0.0,0.0,0.0,11.39,16.52
樣本外,E,5,15,fixed_veto_only,95.67,26.04,47.49,46.15,1.64,182,1.45,12,0.0,0.0,0.0,0.0,27.73,53.19
樣本外,E,5,20,on,85.43,24.5,42.97,45.52,1.51,134,1.28,19,0.0,0.0,0.0,0.0,32.19,40.28
樣本外,E,5,20,off,203.19,23.35,90.04,46.07,2.05,191,2.28,0,0.0,0.0,0.0,0.0,55.31,95.21
樣本外,E,5,20,fixed,50.51,26.55,26.7,45.16,1.31,155,0.89,12,0.0,0.0,0.0,0.0,20.82,24.57
樣本外,E,5,20,fixed_veto_only,140.56,26.13,66.21,45.9,1.91,183,1.87,12,0.0,0.0,0.0,0.0,45.74,65.06
樣本外,E,5,30,on,100.58,26.31,49.62,45.6,1.6,125,1.42,19,0.0,0.0,0.0,0.0,64.8,21.71
樣本外,E,5,30,off,249.63,23.1,106.38,45.09,2.39,173,2.45,0,0.0,0.0,0.0,0.0,67.36,108.91
樣本外,E,5,30,fixed,62.14,26.36,32.28,39.44,1.39,142,1.0,12,0.0,0.0,0.0,0.0,33.97,21.03
樣本外,E,5,30,fixed_veto_only,132.75,26.04,63.07,41.67,1.71,168,1.73,12,0.0,0.0,0.0,0.0,68.19,38.38
樣本外,E,5,45,on,94.68,27.28,47.05,44.07,1.56,118,1.35,19,0.0,0.0,0.0,0.0,48.01,31.54
樣本外,E,5,45,off,293.94,19.14,121.14,46.43,2.64,168,2.73,0,0.0,0.0,0.0,0.0,92.79,104.34
樣本外,E,5,45,fixed,82.74,26.98,41.76,40.15,1.52,137,1.21,12,0.0,0.0,0.0,0.0,40.41,30.15
樣本外,E,5,45,fixed_veto_only,105.88,26.3,51.89,38.51,1.57,161,1.43,12,0.0,0.0,0.0,0.0,36.32,51.02
樣本外,E,5,60,on,109.48,26.24,53.42,44.44,1.67,117,1.51,19,0.0,0.0,0.0,0.0,60.34,30.64
樣本外,E,5,60,off,279.61,16.42,116.44,44.91,2.6,167,2.68,0,0.0,0.0,0.0,0.0,76.04,115.63
樣本外,E,5,60,fixed,82.76,26.86,41.77,40.74,1.53,135,1.2,12,0.0,0.0,0.0,0.0,38.34,32.11
樣本外,E,5,60,fixed_veto_only,131.11,24.33,62.4,42.04,1.7,157,1.7,12,0.0,0.0,0.0,0.0,57.82,46.44
樣本外,E,5,90,on,114.58,25.83,55.57,44.83,1.7,116,1.56,19,0.0,0.0,0.0,0.0,64.97,30.07
樣本外,E,5,90,off,279.61,16.42,116.44,44.91,2.6,167,2.68,0,0.0,0.0,0.0,0.0,76.04,115.63
樣本外,E,5,90,fixed,84.38,26.86,42.5,41.04,1.54,134,1.22,12,0.0,0.0,0.0,0.0,39.98,31.72
樣本外,E,5,90,fixed_veto_only,135.39,24.33,64.14,42.31,1.73,156,1.73,12,0.0,0.0,0.0,0.0,61.38,45.86
樣本外,E,5,120,on,114.58,25.83,55.57,44.83,1.7,116,1.56,19,0.0,0.0,0.0,0.0,64.97,30.07
樣本外,E,5,120,off,279.61,16.42,116.44,44.91,2.6,167,2.68,0,0.0,0.0,0.0,0.0,76.04,115.63
樣本外,E,5,120,fixed,84.38,26.86,42.5,41.04,1.54,134,1.22,12,0.0,0.0,0.0,0.0,39.98,31.72
樣本外,E,5,120,fixed_veto_only,135.39,24.33,64.14,42.31,1.73,156,1.73,12,0.0,0.0,0.0,0.0,61.38,45.86
樣本外,E,8,5,on,31.66,30.14,17.26,46.56,1.2,393,0.73,19,0.0,0.0,0.0,0.0,4.14,26.43
樣本外,E,8,5,off,29.54,37.28,16.16,45.22,1.16,617,0.66,0,0.0,0.0,0.0,0.0,3.25,25.46
樣本外,E,8,5,fixed,22.34,36.2,12.38,45.19,1.13,447,0.55,12,0.0,0.0,0.0,0.0,-1.3,23.96
樣本外,E,8,5,fixed_veto_only,12.4,33.65,7.0,43.91,1.08,542,0.39,12,0.0,0.0,0.0,0.0,3.65,8.44
樣本外,E,8,10,on,60.16,24.95,31.34,44.57,1.37,258,1.14,19,0.0,0.0,0.0,0.0,25.44,27.67
樣本外,E,8,10,off,56.47,29.39,29.58,45.68,1.29,359,1.03,0,0.0,0.0,0.0,0.0,18.7,31.82
樣本外,E,8,10,fixed,51.67,28.77,27.27,43.93,1.32,280,1.01,12,0.0,0.0,0.0,0.0,5.54,43.71
樣本外,E,8,10,fixed_veto_only,29.73,27.23,16.26,43.57,1.18,342,0.7,12,0.0,0.0,0.0,0.0,10.9,16.98
樣本外,E,8,15,on,66.52,27.1,34.34,46.19,1.42,210,1.16,19,0.0,0.0,0.0,0.0,24.74,33.49
樣本外,E,8,15,off,62.66,29.84,32.52,44.41,1.34,295,1.08,0,0.0,0.0,0.0,0.0,11.72,45.59
樣本外,E,8,15,fixed,45.82,24.78,24.4,44.74,1.29,228,0.9,12,0.0,0.0,0.0,0.0,20.21,21.31
樣本外,E,8,15,fixed_veto_only,54.4,24.41,28.59,44.4,1.33,277,1.01,12,0.0,0.0,0.0,0.0,27.07,21.51
樣本外,E,8,20,on,106.44,26.09,52.13,45.79,1.62,214,1.6,19,0.0,0.0,0.0,0.0,46.26,41.14
樣本外,E,8,20,off,93.06,28.43,46.34,42.67,1.43,300,1.4,0,0.0,0.0,0.0,0.0,35.06,42.94
樣本外,E,8,20,fixed,63.66,25.76,33.0,43.53,1.38,232,1.11,12,0.0,0.0,0.0,0.0,24.45,31.51
樣本外,E,8,20,fixed_veto_only,68.23,25.26,35.14,41.58,1.36,279,1.13,12,0.0,0.0,0.0,0.0,36.81,22.97
樣本外,E,8,30,on,155.24,25.26,72.01,45.45,1.96,198,2.04,19,0.0,0.0,0.0,0.0,67.58,52.31
樣本外,E,8,30,off,99.9,21.91,49.32,40.82,1.45,267,1.49,0,0.0,0.0,0.0,0.0,52.28,31.27
樣本外,E,8,30,fixed,97.87,26.69,48.44,40.18,1.58,219,1.51,12,0.0,0.0,0.0,0.0,62.32,21.9
樣本外,E,8,30,fixed_veto_only,94.69,25.41,47.06,39.31,1.47,262,1.43,12,0.0,0.0,0.0,0.0,60.38,21.4
樣本外,E,8,45,on,131.5,29.16,62.56,43.41,1.82,182,1.74,19,0.0,0.0,0.0,0.0,39.55,65.89
樣本外,E,8,45,off,133.41,22.63,63.34,40.0,1.6,255,1.8,0,0.0,0.0,0.0,0.0,69.9,37.38
樣本外,E,8,45,fixed,87.78,28.39,44.01,37.88,1.58,198,1.33,12,0.0,0.0,0.0,0.0,35.89,38.18
樣本外,E,8,45,fixed_veto_only,81.57,26.03,41.23,36.73,1.43,245,1.27,12,0.0,0.0,0.0,0.0,35.0,34.5
樣本外,E,8,60,on,144.43,26.36,67.76,44.26,1.91,183,1.92,19,0.0,0.0,0.0,0.0,49.81,63.17
樣本外,E,8,60,off,143.48,20.97,67.38,41.2,1.63,250,1.9,0,0.0,0.0,0.0,0.0,80.35,35.0
樣本外,E,8,60,fixed,92.62,28.32,46.15,38.38,1.62,198,1.39,12,0.0,0.0,0.0,0.0,40.75,36.86
樣本外,E,8,60,fixed_veto_only,88.67,23.4,44.41,36.59,1.46,246,1.35,12,0.0,0.0,0.0,0.0,41.79,33.07
樣本外,E,8,90,on,145.05,26.36,68.0,44.75,1.93,181,1.94,19,0.0,0.0,0.0,0.0,50.23,63.12
樣本外,E,8,90,off,136.95,20.97,64.77,40.49,1.61,247,1.84,0,0.0,0.0,0.0,0.0,70.9,38.65
樣本外,E,8,90,fixed,89.85,28.32,44.93,38.14,1.62,194,1.37,12,0.0,0.0,0.0,0.0,37.67,37.9
樣本外,E,8,90,fixed_veto_only,88.88,23.4,44.5,36.89,1.47,244,1.36,12,0.0,0.0,0.0,0.0,41.96,33.05
樣本外,E,8,120,on,145.05,26.36,68.0,44.75,1.93,181,1.94,19,0.0,0.0,0.0,0.0,50.23,63.12
樣本外,E,8,120,off,136.95,20.97,64.77,40.49,1.61,247,1.84,0,0.0,0.0,0.0,0.0,70.9,38.65
樣本外,E,8,120,fixed,89.85,28.32,44.93,38.14,1.62,194,1.37,12,0.0,0.0,0.0,0.0,37.67,37.9
樣本外,E,8,120,fixed_veto_only,88.88,23.4,44.5,36.89,1.47,244,1.36,12,0.0,0.0,0.0,0.0,41.96,33.05
樣本外,E,10,5,on,10.76,28.89,6.09,45.45,1.08,484,0.36,19,0.0,0.0,0.0,0.0,2.8,7.74
樣本外,E,10,5,off,20.83,36.79,11.58,45.42,1.12,753,0.52,0,0.0,0.0,0.0,0.0,-4.88,27.03
樣本外,E,10,5,fixed,10.4,34.98,5.89,44.55,1.07,550,0.35,12,0.0,0.0,0.0,0.0,-5.82,17.22
樣本外,E,10,5,fixed_veto_only,6.77,33.73,3.86,44.53,1.05,667,0.28,12,0.0,0.0,0.0,0.0,-2.38,9.37
樣本外,E,10,10,on,59.13,23.25,30.85,45.37,1.38,313,1.15,19,0.0,0.0,0.0,0.0,25.65,26.64
樣本外,E,10,10,off,30.68,26.43,16.75,43.86,1.17,440,0.69,0,0.0,0.0,0.0,0.0,17.16,11.54
樣本外,E,10,10,fixed,62.5,26.62,32.45,45.93,1.43,344,1.15,12,0.0,0.0,0.0,0.0,17.1,38.78
樣本外,E,10,10,fixed_veto_only,18.89,25.76,10.53,41.99,1.12,412,0.52,12,0.0,0.0,0.0,0.0,10.53,7.57
樣本外,E,10,15,on,54.79,25.71,28.77,43.08,1.36,260,1.05,19,0.0,0.0,0.0,0.0,24.21,24.62
樣本外,E,10,15,off,40.34,30.13,21.67,42.49,1.23,353,0.8,0,0.0,0.0,0.0,0.0,1.65,38.06
樣本外,E,10,15,fixed,40.78,26.19,21.89,43.53,1.27,278,0.85,12,0.0,0.0,0.0,0.0,22.85,14.59
樣本外,E,10,15,fixed_veto_only,37.27,24.52,20.13,43.48,1.21,345,0.78,12,0.0,0.0,0.0,0.0,30.88,4.88
樣本外,E,10,20,on,98.84,25.86,48.86,42.8,1.58,264,1.56,19,0.0,0.0,0.0,0.0,40.13,41.89
樣本外,E,10,20,off,66.34,29.41,34.25,41.19,1.31,369,1.11,0,0.0,0.0,0.0,0.0,22.09,36.25
樣本外,E,10,20,fixed,68.86,26.56,35.43,41.49,1.42,282,1.2,12,0.0,0.0,0.0,0.0,35.81,24.34
樣本外,E,10,20,fixed_veto_only,55.24,25.1,28.99,40.46,1.28,351,0.99,12,0.0,0.0,0.0,0.0,38.33,12.22
樣本外,E,10,30,on,132.6,23.15,63.01,41.77,1.79,249,1.91,19,0.0,0.0,0.0,0.0,65.43,40.6
樣本外,E,10,30,off,92.31,21.81,46.01,38.41,1.42,328,1.43,0,0.0,0.0,0.0,0.0,48.69,29.33
樣本外,E,10,30,fixed,65.05,26.48,33.65,37.8,1.41,254,1.14,12,0.0,0.0,0.0,0.0,24.98,32.06
樣本外,E,10,30,fixed_veto_only,65.73,28.16,33.97,36.74,1.35,313,1.14,12,0.0,0.0,0.0,0.0,30.84,26.66
樣本外,E,10,45,on,132.1,27.01,62.8,41.56,1.78,243,1.83,19,0.0,0.0,0.0,0.0,56.85,47.97
樣本外,E,10,45,off,105.94,21.61,51.92,38.05,1.47,318,1.6,0,0.0,0.0,0.0,0.0,51.06,36.34
樣本外,E,10,45,fixed,82.97,24.16,41.87,36.76,1.51,253,1.32,12,0.0,0.0,0.0,0.0,37.33,33.24
樣本外,E,10,45,fixed_veto_only,85.01,25.55,42.78,36.54,1.43,301,1.36,12,0.0,0.0,0.0,0.0,43.75,28.7
樣本外,E,10,60,on,147.0,24.43,68.77,41.67,1.86,240,1.99,19,0.0,0.0,0.0,0.0,66.64,48.22
樣本外,E,10,60,off,107.16,20.44,52.44,38.29,1.47,316,1.61,0,0.0,0.0,0.0,0.0,52.94,35.45
樣本外,E,10,60,fixed,79.3,23.72,40.21,36.44,1.49,247,1.3,12,0.0,0.0,0.0,0.0,35.82,32.01
樣本外,E,10,60,fixed_veto_only,86.13,22.09,43.28,36.49,1.44,296,1.38,12,0.0,0.0,0.0,0.0,46.99,26.63
樣本外,E,10,90,on,137.61,24.43,65.03,40.85,1.83,235,1.91,19,0.0,0.0,0.0,0.0,60.25,48.28
樣本外,E,10,90,off,107.16,20.44,52.44,38.29,1.47,316,1.61,0,0.0,0.0,0.0,0.0,52.94,35.45
樣本外,E,10,90,fixed,79.65,23.72,40.37,36.33,1.5,245,1.31,12,0.0,0.0,0.0,0.0,36.3,31.8
樣本外,E,10,90,fixed_veto_only,74.56,22.09,38.05,35.37,1.4,294,1.25,12,0.0,0.0,0.0,0.0,38.6,25.94
樣本外,E,10,120,on,137.61,24.43,65.03,40.85,1.83,235,1.91,19,0.0,0.0,0.0,0.0,60.25,48.28
樣本外,E,10,120,off,107.16,20.44,52.44,38.29,1.47,316,1.61,0,0.0,0.0,0.0,0.0,52.94,35.45
樣本外,E,10,120,fixed,79.65,23.72,40.37,36.33,1.5,245,1.31,12,0.0,0.0,0.0,0.0,36.3,31.8
樣本外,E,10,120,fixed_veto_only,74.56,22.09,38.05,35.37,1.4,294,1.25,12,0.0,0.0,0.0,0.0,38.6,25.94
