exp_id,strategy,ticker,buy_date,pnl_pct,bias_pct,runup60_pct,limitup_streak
2218,A,2059,2021-08-09,-2.98,1.0,3.59,0
2218,A,2059,2022-04-11,-3.09,2.17,7.87,0
2218,A,2059,2025-02-17,16.11,16.96,35.0,0
2218,A,2059,2025-03-03,-2.09,16.11,48.7,0
2218,A,2059,2025-07-21,16.3,17.36,43.27,0
2218,A,2059,2026-05-11,-9.78,37.13,89.69,0
2218,A,2059,2026-06-22,-7.97,27.31,137.8,1
2218,A,2303,2021-04-12,-1.53,8.25,17.67,0
2218,A,2303,2021-04-26,-14.75,16.49,34.2,0
2218,A,2303,2021-08-09,-7.5,12.42,45.42,0
2218,A,2303,2022-03-21,-5.06,1.87,7.65,0
2218,A,2303,2022-10-24,17.57,5.02,11.46,0
2218,A,2303,2023-08-28,1.4,-0.46,3.23,0
2218,A,2303,2023-10-16,-1.76,2.72,8.64,0
2218,A,2303,2024-08-12,-2.05,4.92,10.83,0
2218,A,2303,2025-03-10,-1.15,5.36,12.34,0
2218,A,2303,2025-04-14,5.68,0.45,11.03,0
2218,A,2308,2021-03-22,-1.64,1.23,8.92,0
2218,A,2308,2021-04-19,-0.93,2.29,13.09,0
2218,A,2308,2021-07-05,-3.54,2.08,14.93,0
2218,A,2308,2022-10-17,-1.71,1.4,8.27,0
2218,A,2308,2024-07-29,-11.89,-0.8,30.33,0
2218,A,2308,2025-07-14,19.16,9.22,55.29,0
2218,A,2308,2025-08-04,14.99,17.27,66.27,0
2218,A,2308,2026-03-02,-12.46,12.85,60.11,0
2218,A,2313,2021-11-01,-3.29,11.78,19.27,0
2218,A,2313,2023-10-23,-1.54,-1.1,24.0,0
2218,A,2313,2023-11-20,17.07,13.84,44.83,0
2218,A,2313,2025-10-20,-1.17,8.54,38.56,0
2218,A,2313,2025-12-22,0.95,12.27,34.59,1
2218,A,2313,2026-01-12,15.84,28.89,66.23,2
2218,A,2313,2026-03-16,-0.15,10.14,166.27,0
2218,A,2313,2026-05-18,14.56,5.42,50.14,1
2218,A,2313,2026-05-25,-10.37,17.75,63.11,0
2218,A,2317,2021-03-22,-3.27,10.52,30.13,0
2218,A,2317,2022-05-09,-2.51,1.32,4.0,0
2218,A,2317,2023-06-26,-2.75,5.65,13.24,0
2218,A,2317,2024-03-11,19.83,5.36,11.05,0
2218,A,2317,2024-04-01,-0.93,14.93,52.64,0
2218,A,2317,2024-05-06,-0.6,10.31,65.84,0
2218,A,2317,2025-08-25,-2.51,7.21,41.94,0
2218,A,2324,2022-01-17,-0.99,3.43,9.29,0
2218,A,2324,2024-09-09,0.3,1.29,12.01,0
2218,A,2330,2021-02-01,4.28,1.16,13.99,0
2218,A,2330,2021-08-09,-2.94,0.75,8.83,0
2218,A,2330,2022-01-17,-6.71,8.05,16.89,0
2218,A,2330,2024-01-08,-0.94,0.03,10.99,0
2218,A,2330,2024-01-29,-3.67,7.77,18.43,0
2218,A,2345,2021-05-17,7.41,-4.44,8.76,0
2218,A,2345,2022-06-13,-1.65,5.58,16.26,0
2218,A,2345,2023-04-17,-6.16,1.54,28.81,0
2218,A,2345,2023-07-24,-3.45,7.41,42.38,0
2218,A,2345,2023-11-20,-3.28,5.61,22.65,0
2218,A,2345,2024-05-27,2.3,8.11,33.68,0
2218,A,2345,2024-11-18,18.21,2.94,20.33,0
2218,A,2345,2025-08-11,-6.84,21.72,46.78,0
2218,A,2353,2021-04-12,-2.74,7.32,38.22,0
2218,A,2353,2021-05-10,-15.56,4.18,38.86,0
2218,A,2353,2021-10-18,3.33,2.64,6.3,0
2218,A,2353,2022-02-21,-5.05,2.39,12.29,0
2218,A,2353,2022-03-21,-2.73,4.25,11.4,0
2218,A,2353,2022-08-22,-3.03,0.99,8.96,0
2218,A,2353,2022-10-03,-2.19,0.51,5.3,0
2218,A,2353,2023-12-18,15.76,9.15,15.43,0
2218,A,2356,2021-03-08,3.46,6.61,12.72,0
2218,A,2356,2021-08-16,10.7,0.59,2.37,0
2218,A,2356,2022-04-11,-0.8,-0.47,1.22,0
2218,A,2356,2022-05-16,-3.79,3.98,7.74,0
2218,A,2356,2022-10-31,-4.67,5.32,8.2,0
2218,A,2356,2022-12-26,-2.5,4.4,15.23,0
2218,A,2356,2023-03-27,1.98,9.74,21.98,0
2218,A,2356,2025-12-01,-1.5,3.69,8.63,0
2218,A,2357,2021-03-08,18.94,6.39,25.7,0
2218,A,2357,2021-12-27,0.87,1.78,15.33,0
2218,A,2357,2022-02-21,-2.44,2.29,7.38,0
2218,A,2357,2022-11-21,3.25,6.45,14.67,0
2218,A,2357,2023-08-07,14.83,10.72,38.25,0
2218,A,2357,2024-05-06,14.36,4.87,10.06,0
2218,A,2357,2024-08-26,-5.15,10.35,26.1,0
2218,A,2357,2026-05-25,17.35,11.22,41.8,0
2218,A,2360,2022-01-24,-3.11,2.95,20.17,0
2218,A,2360,2026-03-30,15.0,9.04,112.98,0
2218,A,2368,2021-03-08,-5.19,7.13,14.04,0
2218,A,2368,2021-07-05,15.25,9.5,64.87,0
2218,A,2368,2022-03-21,-1.21,3.24,13.9,0
2218,A,2368,2022-06-27,-20.36,5.54,15.41,0
2218,A,2368,2022-09-26,-8.59,8.37,32.42,0
2218,A,2368,2023-04-24,-6.96,5.06,23.49,0
2218,A,2368,2024-06-24,8.83,4.18,12.36,0
2218,A,2368,2026-02-02,4.89,6.88,51.99,0
2218,A,2376,2021-04-12,1.79,6.89,36.84,0
2218,A,2376,2021-04-26,-11.64,12.55,53.95,0
2218,A,2376,2022-09-12,-1.8,7.2,28.48,0
2218,A,2376,2023-06-05,15.15,27.22,80.77,0
2218,A,2376,2024-02-19,-5.75,21.44,60.39,0
2218,A,2376,2025-03-10,-3.2,1.41,13.14,0
2218,A,2382,2022-09-05,0.03,0.11,14.54,0
2218,A,2382,2023-04-24,18.7,2.22,23.98,0
2218,A,2382,2023-05-15,15.6,10.56,34.66,0
2218,A,2382,2023-06-19,6.36,20.72,89.18,0
2218,A,2382,2023-10-02,-7.04,9.1,58.57,0
2218,A,2382,2024-10-21,3.58,12.02,29.02,0
2218,A,2382,2025-04-21,18.47,1.92,29.97,0
2218,A,2382,2026-06-22,-2.69,3.92,36.45,0
2218,A,2383,2021-06-21,-2.23,19.76,42.33,0
2218,A,2383,2023-07-10,16.77,12.86,80.78,0
2218,A,2383,2024-12-02,18.14,11.68,21.59,0
2218,A,2383,2024-12-16,-3.69,19.05,47.17,0
2218,A,2383,2025-02-10,-3.52,3.47,44.17,0
2218,A,2383,2025-05-26,15.29,8.04,73.71,0
2218,A,2383,2026-02-09,15.65,17.7,58.78,0
2218,A,2383,2026-04-27,-7.64,34.8,203.21,0
2218,A,2395,2022-04-25,-8.44,1.66,7.01,0
2218,A,2395,2022-06-27,-2.7,2.48,8.76,0
2218,A,2395,2024-04-22,-3.7,-4.96,11.16,0
2218,A,2395,2024-07-22,-6.73,2.39,9.49,0
2218,A,2395,2025-02-24,-6.59,4.37,23.7,0
2218,A,2395,2026-03-09,-1.46,10.28,26.87,0
2218,A,2421,2022-10-24,-6.44,7.45,15.67,0
2218,A,2421,2023-07-24,-9.95,39.63,183.82,0
2218,A,2421,2024-01-29,17.24,12.77,25.13,0
2218,A,2449,2021-12-06,-1.81,4.41,22.15,0
2218,A,2449,2023-02-13,15.17,4.91,19.2,0
2218,A,2449,2023-03-13,1.8,10.81,36.04,0
2218,A,2449,2023-05-29,3.29,14.3,26.65,0
2218,A,2449,2024-06-24,-3.62,20.0,36.09,0
2218,A,2449,2024-07-08,-16.84,20.3,57.4,1
2218,A,2449,2025-11-03,-5.26,22.64,93.1,0
2218,A,2449,2026-07-06,-13.48,13.07,29.52,0
2218,A,2454,2021-11-15,0.86,8.81,22.02,0
2218,A,2454,2024-02-26,1.18,15.33,26.85,0
2218,A,2454,2024-05-20,15.69,11.65,23.19,0
2218,A,2454,2025-04-14,-3.08,-1.1,18.14,0
2218,A,2454,2025-12-01,-3.35,15.09,26.2,0
2218,A,2454,2026-04-27,17.16,35.15,66.21,0
2218,A,2454,2026-06-15,-0.71,7.12,205.12,0
2218,A,2455,2021-07-05,-4.19,9.66,49.25,0
2218,A,2455,2026-04-13,15.35,14.06,98.64,0
2218,A,3013,2024-07-15,20.09,20.48,62.98,1
2218,A,3013,2025-10-20,-6.62,9.63,16.81,0
2218,A,3017,2022-05-23,-0.15,6.04,10.89,0
2218,A,3017,2022-07-18,9.92,9.97,25.91,0
2218,A,3017,2023-05-08,-4.43,16.55,66.16,0
2218,A,3017,2024-04-15,-8.51,7.74,95.56,0
2218,A,3017,2025-05-19,0.74,17.0,74.74,0
2218,A,3017,2025-06-16,-2.72,13.81,120.26,0
2218,A,3017,2025-10-27,17.78,6.53,37.66,0
2218,A,3017,2026-03-02,-4.54,13.63,37.89,0
2218,A,3034,2021-03-29,3.84,9.94,55.77,0
2218,A,3034,2021-12-06,4.52,6.23,35.94,0
2218,A,3034,2023-09-11,0.1,6.93,12.32,0
2218,A,3034,2023-11-27,0.39,3.13,25.91,0
2218,A,3034,2024-03-18,-3.23,3.08,23.47,0
2218,A,3035,2021-12-20,9.48,13.9,101.86,0
2218,A,3035,2023-10-16,-5.0,8.75,25.0,0
2218,A,3035,2023-10-30,-7.76,-0.84,16.43,0
2218,A,3035,2024-06-17,-4.26,10.46,19.85,0
2218,A,3037,2021-05-31,18.4,11.87,30.97,0
2218,A,3037,2023-12-04,-4.53,8.42,23.78,0
2218,A,3037,2024-03-25,-3.86,7.87,26.11,0
2218,A,3037,2024-10-28,-0.6,11.22,21.17,0
2218,A,3037,2025-09-15,4.3,2.38,30.68,0
2218,A,3037,2026-02-02,21.46,23.33,128.13,0
2218,A,3044,2022-12-12,-5.16,1.55,16.67,0
2218,A,3044,2023-07-31,15.87,31.3,68.13,0
2218,A,3044,2023-11-13,-3.11,12.46,20.43,0
2218,A,3044,2024-12-30,-0.85,1.76,8.77,0
2218,A,3081,2022-03-07,-6.34,0.12,6.42,0
2218,A,3081,2022-08-08,14.91,20.82,67.21,1
2218,A,3081,2024-02-05,17.92,25.0,35.15,0
2218,A,3081,2024-06-17,16.25,6.94,21.9,0
2218,A,3081,2024-09-30,16.39,30.94,194.03,0
2218,A,3081,2025-01-20,-9.37,25.75,61.9,0
2218,A,3105,2022-06-06,-4.42,14.08,23.81,0
2218,A,3105,2023-01-09,6.69,17.71,49.56,1
2218,A,3105,2023-11-06,-2.2,13.87,28.1,0
2218,A,3105,2025-12-22,21.26,20.58,108.29,1
2218,A,3105,2026-04-20,-8.15,42.95,181.9,3
2218,A,3131,2021-08-02,-1.07,4.07,55.08,0
2218,A,3131,2024-02-26,17.94,23.56,66.4,0
2218,A,3131,2024-07-01,-4.46,12.79,56.35,0
2218,A,3131,2025-05-26,18.04,19.08,58.94,0
2218,A,3131,2025-06-16,2.55,22.98,109.27,0
2218,A,3131,2026-01-05,0.81,18.28,32.21,1
2218,A,3189,2026-07-13,-15.89,6.0,109.55,0
2218,A,3231,2022-01-17,2.2,3.08,5.98,0
2218,A,3231,2022-08-08,0.48,8.09,18.16,0
2218,A,3231,2022-12-19,-4.02,8.6,20.32,0
2218,A,3231,2023-12-25,-3.79,4.31,8.3,0
2218,A,3231,2024-01-22,-1.88,19.11,30.61,0
2218,A,3231,2025-04-14,16.97,-0.92,30.25,0
2218,A,3231,2026-06-01,-6.6,20.94,42.04,2
2218,A,3231,2026-07-27,9.51,15.9,38.48,0
2218,A,3289,2022-10-17,-7.41,1.17,38.52,0
2218,A,3324,2023-04-17,-3.77,17.4,70.17,0
2218,A,3324,2024-03-11,14.44,25.19,97.17,1
2218,A,3324,2025-09-15,3.12,17.66,30.96,0
2218,A,3363,2023-05-22,-6.77,20.15,79.41,0
2218,A,3363,2024-10-07,15.23,20.1,61.74,1
2218,A,3363,2025-09-08,-8.14,8.56,54.34,0
2218,A,3443,2021-02-22,-10.95,15.7,28.86,1
2218,A,3443,2021-07-12,-12.41,9.3,54.26,0
2218,A,3443,2021-09-13,14.46,8.56,25.89,0
2218,A,3443,2021-11-01,-3.54,13.73,65.94,0
2218,A,3443,2022-05-09,16.68,3.8,21.67,0
2218,A,3443,2023-10-16,-5.52,17.45,37.2,0
2218,A,3443,2024-05-20,7.59,10.86,32.13,0
2218,A,3443,2025-11-24,6.18,12.69,57.77,0
2218,A,3443,2026-05-11,-15.95,40.06,164.67,1
2218,A,3529,2021-02-01,25.02,6.02,16.39,0
2218,A,3529,2021-05-03,-5.45,16.83,52.76,0
2218,A,3529,2023-02-06,-5.45,15.65,55.36,0
2218,A,3529,2024-06-17,-4.44,14.33,40.93,0
2218,A,3529,2024-08-19,-2.89,12.69,31.31,0
2218,A,3529,2024-10-21,-1.21,15.2,63.13,0
2218,A,3529,2026-04-13,16.55,14.72,112.08,0
2218,A,3533,2021-05-10,-12.41,5.86,12.77,0
2218,A,3533,2021-11-29,-4.03,8.54,33.33,0
2218,A,3533,2022-09-19,-8.67,6.35,39.7,0
2218,A,3533,2024-03-25,16.56,14.8,45.09,0
2218,A,3533,2026-01-26,-3.96,8.09,28.14,0
2218,A,3533,2026-03-23,2.66,14.52,56.3,0
2218,A,3587,2022-10-31,-0.24,5.97,22.22,1
2218,A,3587,2022-12-12,-2.11,12.71,46.22,0
2218,A,3587,2024-08-12,2.08,5.52,16.28,0
2218,A,3653,2021-06-07,-7.01,15.09,42.2,0
2218,A,3653,2021-10-18,10.3,4.41,22.98,0
2218,A,3653,2021-11-01,-1.75,8.37,39.52,0
2218,A,3653,2021-11-29,0.57,6.61,47.48,0
2218,A,3653,2023-03-27,-2.33,17.92,33.52,0
2218,A,3653,2023-05-29,-2.7,21.73,54.58,0
2218,A,3653,2023-12-18,-2.53,12.46,27.89,0
2218,A,3653,2024-02-26,3.42,15.75,56.41,0
2218,A,3653,2025-08-25,16.34,20.07,37.69,1
2218,A,3653,2026-02-02,-0.09,13.85,35.55,0
2218,A,3661,2021-03-15,-5.38,6.66,37.04,0
2218,A,3661,2021-10-18,20.52,5.32,69.98,0
2218,A,3661,2022-08-29,-3.67,18.68,55.34,0
2218,A,3661,2023-02-06,-2.84,9.42,37.61,0
2218,A,3661,2023-05-15,15.23,7.12,50.0,0
2218,A,3661,2023-10-30,16.9,3.69,52.59,0
2218,A,3661,2024-12-09,23.37,15.02,44.2,0
2218,A,3661,2025-02-10,0.54,11.95,62.62,0
2218,A,3661,2025-06-30,15.62,10.12,59.13,0
2218,A,3693,2026-01-12,-9.93,30.85,47.37,1
2218,A,3706,2024-11-25,-18.17,40.72,104.06,0
2218,A,3706,2025-08-25,-3.23,16.66,69.59,0
2218,A,3711,2022-05-30,-1.56,6.35,12.2,0
2218,A,3711,2022-11-21,2.36,10.35,30.11,0
2218,A,3711,2023-08-28,-5.19,7.28,14.47,0
2218,A,3711,2024-04-15,-3.08,2.17,28.0,0
2218,A,4966,2021-08-02,-5.12,10.03,35.91,0
2218,A,4966,2021-08-16,14.8,-2.73,19.2,0
2218,A,4966,2023-09-25,-4.57,5.34,31.24,0
2218,A,4966,2023-12-11,2.47,6.92,16.77,0
2218,A,5269,2021-02-01,-1.85,8.63,21.85,0
2218,A,5269,2021-05-17,23.41,6.89,18.71,0
2218,A,5269,2021-05-31,-8.17,24.85,51.91,0
2218,A,5269,2022-02-14,-3.09,11.73,17.7,0
2218,A,5269,2023-01-16,17.93,9.85,48.08,0
2218,A,5269,2024-01-08,2.2,4.29,47.92,0
2218,A,5269,2024-03-18,-4.92,1.95,41.1,0
2218,A,6139,2023-10-30,-3.59,13.72,90.72,0
2218,A,6139,2024-01-08,-6.57,4.16,54.17,0
2218,A,6139,2025-01-20,14.46,6.97,19.01,0
2218,A,6139,2025-09-08,-2.23,9.05,45.61,0
2218,A,6139,2025-12-15,-2.45,25.61,69.05,0
2218,A,6187,2023-07-31,-15.3,19.69,139.91,0
2218,A,6187,2024-08-12,19.25,10.81,33.57,0
2218,A,6187,2024-09-16,-0.18,25.84,100.0,0
2218,A,6187,2025-09-08,-7.72,7.42,18.47,0
2218,A,6213,2024-04-01,15.19,23.01,33.42,0
2218,A,6213,2025-08-18,-5.22,30.01,62.19,2
2218,A,6230,2022-07-04,6.8,-1.42,13.64,0
2218,A,6230,2024-04-22,15.0,21.0,92.74,0
2218,A,6274,2021-02-22,-8.75,10.65,17.97,0
2218,A,6274,2023-07-17,14.41,33.15,76.37,1
2218,A,6274,2023-09-25,0.49,7.7,83.89,0
2218,A,6274,2025-03-24,-2.01,5.66,16.89,0
2218,A,6274,2025-06-09,14.97,21.83,86.02,1
2218,A,6274,2025-09-01,-6.57,11.03,64.34,0
2218,A,6274,2026-01-26,-2.35,6.31,35.63,0
2218,A,6274,2026-05-25,-6.81,25.09,256.42,3
2218,A,6274,2026-06-15,16.18,2.38,194.16,1
2218,A,6274,2026-06-22,-7.66,17.01,236.59,0
2218,A,6414,2021-11-29,-2.43,7.35,33.52,0
2218,A,6414,2022-04-18,-3.51,1.54,8.2,0
2218,A,6414,2023-11-20,-4.53,8.64,12.1,0
2218,A,6414,2026-07-20,20.26,5.62,34.89,0
2218,A,6442,2022-07-04,0.5,0.41,14.65,0
2218,A,6442,2024-10-14,-2.85,23.44,38.86,1
2218,A,6442,2024-11-04,-4.52,14.05,55.46,0
2218,A,6442,2025-11-17,19.46,18.42,42.48,1
2218,A,6515,2022-01-03,-11.15,7.51,72.78,0
2218,A,6515,2022-05-16,-5.83,5.08,13.65,0
2218,A,6515,2024-04-15,-7.9,15.06,27.16,0
2218,A,6515,2024-09-09,16.04,10.31,49.21,0
2218,A,6515,2025-09-01,14.87,26.76,51.0,2
2218,A,6531,2021-03-29,-2.5,18.74,105.79,0
2218,A,6531,2021-08-02,-3.41,10.24,50.19,0
2218,A,6531,2023-02-20,15.2,20.68,69.7,0
2218,A,6531,2023-03-20,-3.05,12.72,96.67,0
2218,A,6531,2023-09-18,1.41,10.03,27.66,0
2218,A,6643,2022-11-07,20.97,17.57,29.67,1
2218,A,6643,2023-12-11,-13.27,14.44,43.4,1
2218,A,6643,2024-01-15,20.62,17.29,45.07,0
2218,A,6669,2021-11-15,1.35,9.61,24.33,0
2218,A,6669,2022-03-14,-8.8,5.09,14.83,0
2218,A,6669,2023-07-03,15.36,24.73,55.4,0
2218,A,6669,2023-11-13,-6.23,18.36,42.12,0
2218,A,6669,2025-08-11,-6.55,20.5,44.69,1
2218,A,6830,2023-04-24,-2.54,7.51,51.98,0
2218,A,6830,2025-01-13,-2.77,1.26,4.9,0
2218,A,8046,2021-05-17,15.86,-0.86,13.96,0
2218,A,8046,2021-06-07,-2.43,12.77,31.1,0
2218,A,8046,2021-07-12,-10.47,10.08,59.4,0
2218,A,8046,2021-09-06,-7.83,14.61,34.31,0
2218,A,8046,2023-08-28,14.32,-1.21,3.73,0
2218,A,8046,2024-09-30,-5.83,6.17,16.8,0
2218,A,8046,2025-01-06,-8.46,18.12,32.38,0
2218,A,8046,2025-07-07,14.91,12.15,50.66,0
2218,A,8046,2025-10-13,2.37,19.53,64.11,0
2218,A,8046,2025-10-27,-2.92,8.57,66.77,0
2218,A,8046,2026-01-19,15.81,26.52,35.61,2
2218,A,8046,2026-03-02,-22.28,27.65,130.7,0
2218,A,8046,2026-03-30,14.65,13.29,144.73,0
2218,A,8046,2026-04-27,-1.14,32.57,167.35,0
2218,A,8046,2026-06-29,16.89,19.47,90.54,0
2218,A,8210,2022-02-07,-3.27,12.75,23.37,0
2218,A,8210,2025-05-26,18.19,13.6,71.12,0
2218,A,8210,2025-11-10,-1.09,21.77,78.38,0
2218,A,8299,2021-12-13,-4.16,11.18,39.37,0
2218,A,8299,2022-12-12,-1.8,-2.41,27.09,0
2218,A,8299,2023-09-11,2.78,10.14,23.32,0
2218,A,8299,2023-12-11,-0.41,7.28,16.37,0
2218,A,8299,2025-03-10,-4.77,10.28,37.16,0
2218,A,8299,2025-11-03,17.31,22.31,136.17,0
2218,A,8299,2026-01-26,2.76,19.63,105.57,0
2218,A,8996,2022-03-07,15.29,7.9,13.17,0
2218,A,8996,2023-07-24,-11.35,18.28,114.54,0
2218,A,8996,2024-04-29,20.59,11.21,80.42,0
2218,A,8996,2024-09-09,-2.72,10.78,41.49,1
2218,A,8996,2025-05-19,-6.23,12.89,44.44,0
2218,A,8996,2025-12-29,20.46,10.09,60.22,0
2218,A,8996,2026-02-09,-1.05,16.54,91.13,1
2218,A,8996,2026-04-13,-2.87,20.89,93.83,0
2218,A,8996,2026-06-08,24.46,10.38,57.59,0
2516,A,1503,2023-05-08,-6.35,21.27,86.44,0
2516,A,1503,2023-05-22,10.29,20.43,71.68,0
2516,A,1513,2022-07-11,-1.32,5.34,18.66,0
2516,A,1513,2022-08-01,-2.95,11.46,34.37,0
2516,A,1513,2022-08-15,-4.75,13.36,45.38,0
2516,A,1513,2022-08-22,-2.42,9.05,46.95,0
2516,A,1513,2023-11-27,4.0,16.02,27.68,0
2516,A,1513,2024-07-15,-6.93,19.28,48.21,0
2516,A,1513,2025-05-19,-0.27,12.89,42.25,0
2516,A,1519,2023-07-17,-5.42,33.09,135.64,0
2516,A,1519,2023-12-04,15.78,17.0,38.17,0
2516,A,1519,2024-01-29,22.65,8.72,68.66,0
2516,A,1519,2024-02-26,-7.25,18.03,113.07,0
2516,A,1519,2025-02-24,-8.27,21.16,37.14,0
2516,A,1519,2025-11-03,-12.99,30.59,42.65,2
2516,A,1519,2025-12-15,-6.18,10.47,45.55,0
2516,A,1560,2023-10-02,-4.02,14.27,36.69,0
2516,A,2059,2025-02-17,16.11,16.96,35.0,0
2516,A,2059,2025-03-03,-2.09,16.11,48.7,0
2516,A,2059,2025-07-21,16.3,17.36,43.27,0
2516,A,2303,2021-04-26,-14.75,16.49,34.2,0
2516,A,2303,2021-08-09,-7.5,12.42,45.42,0
2516,A,2303,2025-03-10,-1.15,5.36,12.34,0
2516,A,2303,2025-04-14,5.68,0.45,11.03,0
2516,A,2308,2022-10-17,-1.71,1.4,8.27,0
2516,A,2308,2025-03-17,-1.1,1.5,6.34,0
2516,A,2308,2025-07-14,19.16,9.22,55.29,0
2516,A,2308,2025-08-04,14.99,17.27,66.27,0
2516,A,2308,2025-10-13,-3.98,14.81,106.41,0
2516,A,2313,2021-11-01,-3.29,11.78,19.27,0
2516,A,2313,2023-11-20,17.07,13.84,44.83,0
2516,A,2313,2026-01-12,15.84,28.89,66.23,2
2516,A,2313,2026-05-18,14.56,5.42,50.14,1
2516,A,2317,2021-03-22,-3.27,10.52,30.13,0
2516,A,2317,2022-05-09,-2.51,1.32,4.0,0
2516,A,2317,2024-04-01,-0.93,14.93,52.64,0
2516,A,2317,2024-10-28,-0.83,6.16,31.5,0
2516,A,2317,2025-08-18,-3.67,13.88,43.65,0
2516,A,2324,2022-01-17,-0.99,3.43,9.29,0
2516,A,2330,2021-02-01,4.28,1.16,13.99,0
2516,A,2330,2022-01-17,-6.71,8.05,16.89,0
2516,A,2337,2022-02-21,-7.6,7.26,15.8,0
2516,A,2337,2022-10-17,-1.97,4.53,12.03,0
2516,A,2337,2023-08-28,8.66,1.05,3.66,0
2516,A,2337,2026-01-12,19.7,38.82,128.79,0
2516,A,2337,2026-03-02,-16.02,27.51,253.66,0
2516,A,2345,2024-11-18,18.21,2.94,20.33,0
2516,A,2345,2025-08-11,-6.84,21.72,46.78,0
2516,A,2345,2026-05-04,-1.0,24.3,124.66,1
2516,A,2353,2021-05-10,-15.56,4.18,38.86,0
2516,A,2353,2022-03-21,-2.73,4.25,11.4,0
2516,A,2353,2022-10-03,-2.19,0.51,5.3,0
2516,A,2353,2022-11-07,0.02,9.39,16.63,0
2516,A,2353,2023-12-18,15.76,9.15,15.43,0
2516,A,2356,2021-03-08,3.46,6.61,12.72,0
2516,A,2356,2021-08-16,7.98,0.59,2.37,0
2516,A,2356,2022-05-09,-3.1,2.17,5.3,0
2516,A,2356,2022-10-31,-4.67,5.32,8.2,0
2516,A,2356,2022-12-26,-2.5,4.4,15.23,0
2516,A,2356,2023-03-27,1.98,9.74,21.98,0
2516,A,2357,2021-03-08,18.94,6.39,25.7,0
2516,A,2357,2021-12-27,0.87,1.78,15.33,0
2516,A,2357,2023-05-15,-0.43,6.81,16.28,0
2516,A,2357,2023-12-18,7.87,8.81,28.29,0
2516,A,2357,2026-03-09,11.9,0.76,4.23,0
2516,A,2368,2021-03-08,-5.19,7.13,14.04,0
2516,A,2368,2022-09-26,-8.59,8.37,32.42,0
2516,A,2368,2023-04-24,-6.96,5.06,23.49,0
2516,A,2368,2023-09-25,-2.25,4.09,42.09,0
2516,A,2368,2024-06-24,8.83,4.18,12.36,0
2516,A,2368,2026-02-09,-1.85,15.3,57.2,0
2516,A,2376,2021-04-12,1.79,6.89,36.84,0
2516,A,2376,2021-04-26,-11.64,12.55,53.95,0
2516,A,2376,2022-09-19,-6.13,9.55,34.41,0
2516,A,2376,2023-06-05,15.15,27.22,80.77,0
2516,A,2376,2024-02-19,-5.75,21.44,60.39,0
2516,A,2376,2025-03-10,-3.2,1.41,13.14,0
2516,A,2382,2021-10-04,0.17,0.43,5.6,0
2516,A,2382,2023-05-15,15.6,10.56,34.66,0
2516,A,2382,2023-06-19,6.36,20.72,89.18,0
2516,A,2382,2024-10-21,3.58,12.02,29.02,0
2516,A,2382,2025-04-21,18.47,1.92,29.97,0
2516,A,2383,2021-06-21,-2.23,19.76,42.33,0
2516,A,2383,2023-07-10,16.77,12.86,80.78,0
2516,A,2383,2024-02-05,-1.6,19.37,38.77,0
2516,A,2383,2024-12-02,18.14,11.68,21.59,0
2516,A,2383,2024-12-16,-3.69,19.05,47.17,0
2516,A,2383,2025-02-10,-3.52,3.47,44.17,0
2516,A,2383,2025-11-17,-1.28,10.84,31.22,0
2516,A,2383,2026-02-09,15.65,17.7,58.78,0
2516,A,2383,2026-04-27,-7.64,34.8,203.21,0
2516,A,2385,2023-10-23,17.04,4.31,25.0,0
2516,A,2385,2023-11-13,15.69,15.44,47.29,0
2516,A,2385,2024-01-08,-3.37,0.77,49.58,0
2516,A,2385,2024-03-11,14.57,16.46,36.76,0
2516,A,2395,2024-07-22,-6.73,2.39,9.49,0
2516,A,2395,2026-03-09,-1.46,10.28,26.87,0
2516,A,2404,2022-06-13,-2.21,3.48,7.87,0
2516,A,2404,2023-10-23,1.92,2.49,11.79,0
2516,A,2404,2024-07-29,-8.19,-2.38,4.05,0
2516,A,2404,2025-03-31,-8.98,4.32,11.61,0
2516,A,2404,2025-08-25,-5.92,17.19,110.67,0
2516,A,2404,2026-06-15,-7.8,16.85,68.09,0
2516,A,2412,2022-04-11,-2.51,2.73,12.55,0
2516,A,2412,2022-06-20,2.22,-0.28,1.21,0
2516,A,2412,2024-04-22,-2.18,0.08,5.91,0
2516,A,2412,2024-07-29,1.86,1.17,2.53,0
2516,A,2412,2026-07-20,-2.39,2.22,6.55,0
2516,A,2421,2022-10-24,-6.44,7.45,15.67,0
2516,A,2421,2024-01-29,17.24,12.77,25.13,0
2516,A,2436,2021-11-15,-1.98,27.34,58.59,0
2516,A,2449,2021-12-06,-1.81,4.41,22.15,0
2516,A,2449,2023-02-13,15.17,4.91,19.2,0
2516,A,2449,2023-03-13,1.8,10.81,36.04,0
2516,A,2449,2024-07-08,-16.84,20.3,57.4,1
2516,A,2449,2025-11-03,-5.26,22.64,93.1,0
2516,A,2454,2021-11-15,0.86,8.81,22.02,0
2516,A,2454,2024-03-11,-7.9,14.27,39.36,0
2516,A,2454,2024-05-13,14.56,7.63,19.0,0
2516,A,2454,2024-05-27,14.87,14.59,33.02,0
2516,A,2454,2025-04-14,-3.08,-1.1,18.14,0
2516,A,2454,2025-12-01,-3.35,15.09,26.2,0
2516,A,2454,2026-04-27,17.16,35.15,66.21,0
2516,A,2455,2023-01-09,5.37,14.74,49.81,0
2516,A,2455,2023-06-12,-1.24,16.47,46.81,0
2516,A,2455,2026-04-13,15.35,14.06,98.64,0
2516,A,2458,2023-09-11,-1.68,13.72,42.4,0
2516,A,2458,2026-03-09,7.4,7.3,12.99,0
2516,A,2492,2021-02-22,-4.16,17.17,26.53,0
2516,A,2492,2024-04-22,5.47,-5.0,3.9,0
2516,A,2492,2026-05-25,20.58,67.75,182.02,4
2516,A,2492,2026-06-01,18.04,64.87,264.91,0
2516,A,2492,2026-06-22,-19.13,42.9,441.23,1
2516,A,3005,2023-04-17,3.99,7.94,41.54,0
2516,A,3013,2024-06-03,-3.74,11.81,96.68,0
2516,A,3013,2024-07-15,20.09,20.48,62.98,1
2516,A,3017,2021-06-07,11.97,8.74,26.32,0
2516,A,3017,2022-05-23,-0.15,6.04,10.89,0
2516,A,3017,2022-07-18,9.92,9.97,25.91,0
2516,A,3017,2025-05-19,0.74,17.0,74.74,0
2516,A,3017,2025-06-16,-2.72,13.81,120.26,0
2516,A,3034,2021-12-06,4.52,6.23,35.94,0
2516,A,3034,2024-03-18,-3.23,3.08,23.47,0
2516,A,3035,2023-06-19,15.34,14.05,27.38,0
2516,A,3035,2023-10-16,-5.0,8.75,25.0,0
2516,A,3037,2024-10-28,-0.6,11.22,21.17,0
2516,A,3037,2025-12-08,-3.53,21.65,55.83,0
2516,A,3044,2023-07-31,15.87,31.3,68.13,0
2516,A,3044,2024-12-30,-0.85,1.76,8.77,0
2516,A,3081,2021-07-19,-2.38,-2.12,11.56,0
2516,A,3081,2022-03-07,-6.34,0.12,6.42,0
2516,A,3081,2022-08-08,14.91,20.82,67.21,1
2516,A,3081,2024-02-05,17.92,25.0,35.15,0
2516,A,3081,2024-09-30,16.39,30.94,194.03,0
2516,A,3081,2025-01-20,-9.37,25.75,61.9,0
2516,A,3105,2021-12-13,-4.63,6.48,29.44,0
2516,A,3105,2022-06-06,-4.42,14.08,23.81,0
2516,A,3105,2023-01-09,6.69,17.71,49.56,1
2516,A,3105,2025-12-22,21.26,20.58,108.29,1
2516,A,3131,2024-02-26,17.94,23.56,66.4,0
2516,A,3131,2024-07-01,-4.46,12.79,56.35,0
2516,A,3131,2024-07-22,0.85,2.35,45.43,0
2516,A,3131,2025-05-26,18.04,19.08,58.94,0
2516,A,3131,2025-06-16,2.55,22.98,109.27,0
2516,A,3189,2021-08-30,-1.08,13.18,78.49,0
2516,A,3189,2021-10-25,-2.83,14.66,54.09,0
2516,A,3189,2026-05-04,-7.81,21.33,155.29,0
2516,A,3227,2021-07-26,-6.59,9.62,41.28,0
2516,A,3227,2022-11-21,2.48,9.22,19.69,0
2516,A,3227,2023-09-11,-5.99,6.79,25.9,0
2516,A,3227,2024-09-02,14.36,8.16,41.1,0
2516,A,3231,2022-01-24,-2.02,5.66,10.54,0
2516,A,3231,2022-12-19,-4.02,8.6,20.32,0
2516,A,3231,2024-01-22,-1.88,19.11,30.61,0
2516,A,3231,2025-04-14,16.97,-0.92,30.25,0
2516,A,3231,2026-06-01,-6.6,20.94,42.04,2
2516,A,3231,2026-07-27,3.05,15.9,38.48,0
2516,A,3324,2024-03-11,14.44,25.19,97.17,1
2516,A,3324,2024-12-02,-1.58,5.04,28.36,0
2516,A,3324,2025-09-15,3.12,17.66,30.96,0
2516,A,3363,2024-10-07,15.23,20.1,61.74,1
2516,A,3363,2025-09-08,-8.14,8.56,54.34,0
2516,A,3374,2022-04-25,-2.41,8.73,17.6,0
2516,A,3374,2022-08-22,-8.63,2.99,21.5,0
2516,A,3380,2024-09-02,-9.17,10.85,24.39,0
2516,A,3413,2021-04-12,-10.92,14.1,28.57,0
2516,A,3413,2021-07-05,-0.4,4.84,28.53,0
2516,A,3443,2021-06-21,4.53,13.42,38.93,0
2516,A,3443,2021-07-19,-9.37,3.44,49.09,0
2516,A,3443,2021-09-13,14.46,8.56,25.89,0
2516,A,3443,2021-11-01,-3.54,13.73,65.94,0
2516,A,3443,2022-05-09,16.68,3.8,21.67,0
2516,A,3443,2022-12-19,-8.19,7.26,103.76,0
2516,A,3443,2024-04-29,-7.18,8.69,23.08,0
2516,A,3443,2024-06-03,-0.91,11.32,43.46,0
2516,A,3443,2025-11-24,6.18,12.69,57.77,0
2516,A,3443,2026-03-23,-5.01,6.44,28.86,0
2516,A,3443,2026-05-11,-15.95,40.06,164.67,1
2516,A,3529,2021-05-03,-5.45,16.83,52.76,0
2516,A,3529,2023-02-06,-5.45,15.65,55.36,0
2516,A,3529,2024-06-17,-4.44,14.33,40.93,0
2516,A,3529,2024-08-19,-2.89,12.69,31.31,0
2516,A,3529,2024-10-21,-1.21,15.2,63.13,0
2516,A,3529,2026-04-13,16.55,14.72,112.08,0
2516,A,3532,2022-03-21,-16.42,24.7,48.55,0
2516,A,3533,2021-04-26,-4.82,5.23,10.21,0
2516,A,3533,2021-05-10,-12.41,5.86,12.77,0
2516,A,3533,2021-11-29,-4.03,8.54,33.33,0
2516,A,3533,2024-03-25,16.56,14.8,45.09,0
2516,A,3533,2026-01-26,-3.96,8.09,28.14,0
2516,A,3533,2026-03-23,2.66,14.52,56.3,0
2516,A,3587,2022-10-31,-0.24,5.97,22.22,1
2516,A,3587,2024-08-12,2.08,5.52,16.28,0
2516,A,3653,2021-06-07,-7.01,15.09,42.2,0
2516,A,3653,2021-10-18,10.3,4.41,22.98,0
2516,A,3653,2021-11-01,-1.75,8.37,39.52,0
2516,A,3653,2021-11-29,0.57,6.61,47.48,0
2516,A,3653,2022-03-28,-10.3,10.59,29.54,0
2516,A,3653,2023-02-06,-3.5,7.02,12.31,0
2516,A,3653,2023-03-27,-2.33,17.92,33.52,0
2516,A,3653,2023-05-29,-2.7,21.73,54.58,0
2516,A,3653,2023-12-18,-2.53,12.46,27.89,0
2516,A,3653,2024-02-26,3.42,15.75,56.41,0
2516,A,3653,2025-08-25,16.34,20.07,37.69,1
2516,A,3653,2026-02-02,-0.09,13.85,35.55,0
2516,A,3661,2021-03-15,-5.38,6.66,37.04,0
2516,A,3661,2021-10-18,20.52,5.32,69.98,0
2516,A,3661,2023-02-06,-2.84,9.42,37.61,0
2516,A,3661,2023-05-15,15.23,7.12,50.0,0
2516,A,3661,2024-12-16,5.98,23.23,62.8,0
2516,A,3661,2025-06-30,15.62,10.12,59.13,0
2516,A,3680,2022-05-30,-6.22,14.15,22.43,0
2516,A,3680,2022-08-08,-3.38,13.57,48.81,0
2516,A,3680,2023-03-20,2.11,13.53,41.3,0
2516,A,3693,2026-01-12,-9.93,30.85,47.37,1
2516,A,3706,2024-11-18,19.25,26.51,59.14,0
2516,A,3706,2024-11-25,-18.17,40.72,104.06,0
2516,A,3711,2022-05-30,-1.56,6.35,12.2,0
2516,A,3711,2022-11-21,2.36,10.35,30.11,0
2516,A,3711,2023-08-28,-5.19,7.28,14.47,0
2516,A,4958,2022-03-21,-1.06,13.45,19.23,0
2516,A,4958,2026-02-02,-1.41,10.99,34.93,0
2516,A,4958,2026-03-30,15.64,16.44,61.21,0
2516,A,4958,2026-07-13,-19.83,7.63,130.64,1
2516,A,4966,2023-09-25,-4.57,5.34,31.24,0
2516,A,4979,2022-07-11,-2.07,27.18,54.29,0
2516,A,4979,2023-07-24,-8.57,34.51,330.55,0
2516,A,4979,2024-09-30,5.94,13.04,79.5,0
2516,A,4979,2025-02-03,-5.1,15.6,66.31,0
2516,A,4979,2025-12-29,-0.93,15.1,65.36,0
2516,A,4979,2026-03-02,-14.03,36.71,127.83,1
2516,A,4979,2026-04-20,-20.39,57.16,167.67,4
2516,A,4991,2024-12-30,-10.05,17.44,209.05,0
2516,A,4991,2025-12-22,-1.54,22.76,62.69,1
2516,A,5227,2022-09-26,18.6,7.84,17.12,0
2516,A,5269,2021-02-01,-1.85,8.63,21.85,0
2516,A,5269,2021-05-17,23.41,6.89,18.71,0
2516,A,5269,2021-05-31,-8.17,24.85,51.91,0
2516,A,5269,2021-11-22,-7.12,15.3,33.78,0
2516,A,5269,2022-02-14,-3.09,11.73,17.7,0
2516,A,5269,2022-11-28,-1.4,9.51,36.56,0
2516,A,5269,2024-01-08,2.2,4.29,47.92,0
2516,A,5347,2021-08-09,-4.42,17.91,36.84,0
2516,A,5347,2024-03-18,2.13,10.91,16.53,0
2516,A,5388,2022-01-17,0.75,5.3,15.75,0
2516,A,5434,2021-03-22,-0.23,9.11,13.98,0
2516,A,5434,2021-12-20,8.95,2.32,12.69,0
2516,A,5434,2024-04-15,1.61,8.84,37.78,0
2516,A,5434,2025-02-10,-3.49,1.54,4.84,0
2516,A,5483,2024-06-24,1.03,1.34,13.26,0
2516,A,5483,2026-07-13,19.37,21.95,85.94,1
2516,A,6139,2023-10-30,-3.59,13.72,90.72,0
2516,A,6139,2024-01-08,-6.57,4.16,54.17,0
2516,A,6139,2025-06-23,-5.68,21.89,83.52,2
2516,A,6139,2025-09-08,-2.23,9.05,45.61,0
2516,A,6139,2025-12-15,-2.45,25.61,69.05,0
2516,A,6139,2026-05-18,8.09,2.88,44.2,0
2516,A,6139,2026-06-29,-9.86,18.19,84.72,0
2516,A,6182,2026-07-13,-12.93,39.97,429.33,1
2516,A,6187,2024-08-12,19.25,10.81,33.57,0
2516,A,6187,2024-09-16,-0.18,25.84,100.0,0
2516,A,6187,2026-03-23,14.37,34.79,152.28,0
2516,A,6196,2021-12-20,8.47,3.84,52.15,0
2516,A,6196,2022-01-10,-7.37,10.88,63.84,0
2516,A,6196,2025-07-14,1.89,9.64,38.76,0
2516,A,6202,2021-07-12,17.83,12.69,39.09,1
2516,A,6202,2024-11-18,-3.99,-4.18,17.07,0
2516,A,6206,2025-01-13,14.95,3.64,12.66,0
2516,A,6206,2025-02-10,22.43,29.14,52.61,1
2516,A,6213,2024-04-01,15.19,23.01,33.42,0
2516,A,6213,2025-08-18,-5.22,30.01,62.19,2
2516,A,6214,2024-09-16,-2.52,7.98,19.91,0
2516,A,6223,2021-08-02,-10.01,17.09,98.83,0
2516,A,6223,2022-12-05,-9.74,21.53,68.17,0
2516,A,6223,2025-09-08,9.83,17.13,78.58,0
2516,A,6239,2023-12-11,20.01,9.9,22.39,0
2516,A,6257,2025-03-03,-3.48,5.99,17.8,0
2516,A,6274,2023-07-17,14.41,33.15,76.37,1
2516,A,6274,2023-09-25,0.49,7.7,83.89,0
2516,A,6274,2025-03-24,-2.01,5.66,16.89,0
2516,A,6274,2025-06-02,18.54,9.59,55.99,0
2516,A,6274,2025-06-09,14.97,21.83,86.02,1
2516,A,6274,2025-09-01,-6.57,11.03,64.34,0
2516,A,6274,2026-01-26,-2.35,6.31,35.63,0
2516,A,6274,2026-05-25,-6.81,25.09,256.42,3
2516,A,6274,2026-06-22,-7.66,17.01,236.59,0
2516,A,6282,2021-10-04,-5.09,3.77,13.83,0
2516,A,6282,2022-07-11,-0.93,4.16,13.75,0
2516,A,6285,2022-08-08,-0.6,11.02,34.04,0
2516,A,6285,2022-09-12,-10.3,7.25,47.16,0
2516,A,6412,2022-10-17,2.18,1.38,6.25,0
2516,A,6412,2022-12-12,-1.67,2.24,15.63,0
2516,A,6412,2023-08-07,15.22,14.8,40.13,0
2516,A,6412,2025-01-13,-4.47,5.5,11.26,0
2516,A,6414,2021-11-29,-2.43,7.35,33.52,0
2516,A,6414,2026-07-20,20.26,5.62,34.89,0
2516,A,6415,2021-02-01,3.77,7.8,21.84,0
2516,A,6415,2021-05-17,20.69,-3.15,27.25,0
2516,A,6415,2021-05-24,0.29,13.95,54.5,1
2516,A,6415,2021-06-28,6.89,7.37,58.7,0
2516,A,6415,2023-01-16,15.11,10.39,42.78,0
2516,A,6415,2023-11-13,17.51,15.89,41.6,0
2516,A,6415,2023-11-20,-0.84,26.09,65.2,0
2516,A,6415,2023-12-25,15.05,4.39,59.41,0
2516,A,6415,2024-04-15,-7.62,13.25,24.88,0
2516,A,6415,2024-05-27,-2.68,11.49,50.55,0
2516,A,6415,2024-06-17,-5.33,10.68,65.35,0
2516,A,6415,2024-08-26,-2.26,11.82,27.7,0
2516,A,6415,2026-02-02,-6.26,15.97,61.28,0
2516,A,6415,2026-04-27,-6.99,30.34,81.84,0
2516,A,6438,2024-10-07,19.62,29.77,69.38,1
2516,A,6442,2024-10-14,-2.85,23.44,38.86,1
2516,A,6442,2025-11-17,19.46,18.42,42.48,1
2516,A,6488,2021-04-19,0.48,8.65,34.03,0
2516,A,6488,2026-06-22,-13.97,21.44,172.28,0
2516,A,6510,2023-10-16,-3.34,4.58,21.09,0
2516,A,6515,2024-04-15,-7.9,15.06,27.16,0
2516,A,6515,2025-09-01,14.87,26.76,51.0,2
2516,A,6515,2025-10-13,15.17,13.16,127.0,0
2516,A,6531,2021-03-29,-2.5,18.74,105.79,0
2516,A,6531,2021-08-02,-3.41,10.24,50.19,0
2516,A,6531,2023-02-20,15.2,20.68,69.7,0
2516,A,6533,2022-08-29,4.04,25.98,66.67,0
2516,A,6533,2026-07-20,10.16,12.97,20.94,1
2516,A,6643,2022-11-07,20.97,17.57,29.67,1
2516,A,6643,2023-12-11,-13.27,14.44,43.4,1
2516,A,6643,2024-01-15,20.62,17.29,45.07,0
2516,A,6669,2021-11-15,1.35,9.61,24.33,0
2516,A,6669,2022-03-14,-8.8,5.09,14.83,0
2516,A,6669,2023-07-03,15.36,24.73,55.4,0
2516,A,6669,2023-11-13,-6.23,18.36,42.12,0
2516,A,6719,2023-04-17,-4.08,8.05,35.64,0
2516,A,6770,2022-05-16,-3.71,7.28,15.69,0
2516,A,6770,2022-10-24,-2.36,5.68,15.03,0
2516,A,6770,2025-07-07,-8.35,9.98,26.74,0
2516,A,6770,2025-10-27,-5.02,12.25,112.12,1
2516,A,6830,2023-04-24,-2.54,7.51,51.98,0
2516,A,6830,2025-01-13,-2.77,1.26,4.9,0
2516,A,8046,2021-05-17,15.86,-0.86,13.96,0
2516,A,8046,2021-06-07,-2.43,12.77,31.1,0
2516,A,8046,2025-10-13,2.37,19.53,64.11,0
2516,A,8046,2026-01-19,15.81,26.52,35.61,2
2516,A,8046,2026-03-02,-22.28,27.65,130.7,0
2516,A,8046,2026-03-30,14.65,13.29,144.73,0
2516,A,8046,2026-06-29,16.89,19.47,90.54,0
2516,A,8050,2022-08-22,16.38,3.66,54.93,0
2516,A,8050,2022-12-12,-2.69,11.82,40.79,0
2516,A,8081,2021-07-19,0.18,11.6,54.97,0
2516,A,8086,2023-04-17,-5.79,10.53,34.33,0
2516,A,8086,2025-07-28,14.42,14.16,35.79,0
2516,A,8210,2022-02-07,-3.27,12.75,23.37,0
2516,A,8210,2023-06-05,17.83,20.43,51.04,0
2516,A,8210,2024-05-13,5.42,7.7,24.22,0
2516,A,8210,2025-05-26,18.19,13.6,71.12,0
2516,A,8210,2025-11-10,-1.09,21.77,78.38,0
2516,A,8299,2021-12-13,-4.16,11.18,39.37,0
2516,A,8299,2022-02-14,-0.9,6.09,27.32,0
2516,A,8299,2024-12-30,-2.88,10.7,29.21,0
2516,A,8299,2025-03-10,-4.77,10.28,37.16,0
2516,A,8299,2025-11-03,17.31,22.31,136.17,0
2516,A,8299,2026-01-26,2.76,19.63,105.57,0
2516,A,8996,2023-07-24,-11.35,18.28,114.54,0
2516,A,8996,2024-04-29,20.59,11.21,80.42,0
2516,A,8996,2024-09-09,-2.72,10.78,41.49,1
2516,A,8996,2026-02-09,-1.05,16.54,91.13,1
2516,A,8996,2026-04-13,-2.87,20.89,93.83,0
2516,A,8996,2026-06-08,24.46,10.38,57.59,0
2501,A,1503,2023-05-08,-6.35,21.27,86.44,0
2501,A,1513,2022-07-11,-1.32,5.34,18.66,0
2501,A,1513,2022-08-15,-4.75,13.36,45.38,0
2501,A,1513,2022-08-22,-2.42,9.05,46.95,0
2501,A,1513,2023-11-27,4.0,16.02,27.68,0
2501,A,1513,2025-05-19,-0.27,12.89,42.25,0
2501,A,1519,2023-12-04,15.78,17.0,38.17,0
2501,A,1519,2024-01-29,22.65,8.72,68.66,0
2501,A,1519,2024-02-26,-7.25,18.03,113.07,0
2501,A,1519,2025-02-24,-8.27,21.16,37.14,0
2501,A,1519,2025-11-03,-12.99,30.59,42.65,2
2501,A,1519,2025-12-15,-6.18,10.47,45.55,0
2501,A,1560,2023-10-02,-4.02,14.27,36.69,0
2501,A,2059,2025-02-17,16.11,16.96,35.0,0
2501,A,2059,2025-03-03,-2.09,16.11,48.7,0
2501,A,2059,2025-07-21,16.3,17.36,43.27,0
2501,A,2303,2021-04-26,-14.75,16.49,34.2,0
2501,A,2303,2025-03-10,-1.15,5.36,12.34,0
2501,A,2303,2025-04-14,5.46,0.45,11.03,0
2501,A,2308,2022-10-17,-1.71,1.4,8.27,0
2501,A,2308,2025-10-13,-3.98,14.81,106.41,0
2501,A,2313,2021-11-01,-3.29,11.78,19.27,0
2501,A,2313,2023-11-20,17.07,13.84,44.83,0
2501,A,2313,2026-05-18,14.56,5.42,50.14,1
2501,A,2317,2021-03-22,-3.27,10.52,30.13,0
2501,A,2317,2022-05-09,-2.51,1.32,4.0,0
2501,A,2317,2024-04-01,-0.93,14.93,52.64,0
2501,A,2317,2024-10-28,-0.83,6.16,31.5,0
2501,A,2330,2022-01-17,-6.71,8.05,16.89,0
2501,A,2337,2022-10-17,-1.97,4.53,12.03,0
2501,A,2337,2026-01-12,19.7,38.82,128.79,0
2501,A,2345,2024-11-18,18.21,2.94,20.33,0
2501,A,2345,2025-08-11,-6.84,21.72,46.78,0
2501,A,2345,2026-05-04,-1.0,24.3,124.66,1
2501,A,2353,2022-10-03,-2.19,0.51,5.3,0
2501,A,2353,2023-12-18,15.76,9.15,15.43,0
2501,A,2356,2021-03-08,3.46,6.61,12.72,0
2501,A,2356,2021-08-16,4.01,0.59,2.37,0
2501,A,2356,2022-10-31,-4.67,5.32,8.2,0
2501,A,2357,2021-12-27,0.87,1.78,15.33,0
2501,A,2357,2026-03-09,11.9,0.76,4.23,0
2501,A,2368,2021-03-08,-5.19,7.13,14.04,0
2501,A,2368,2022-09-26,-8.59,8.37,32.42,0
2501,A,2368,2023-04-24,-6.96,5.06,23.49,0
2501,A,2368,2024-06-24,8.83,4.18,12.36,0
2501,A,2376,2021-04-12,1.79,6.89,36.84,0
2501,A,2376,2021-04-26,-11.64,12.55,53.95,0
2501,A,2376,2022-09-19,-6.13,9.55,34.41,0
2501,A,2376,2023-06-05,15.15,27.22,80.77,0
2501,A,2376,2024-02-19,-5.75,21.44,60.39,0
2501,A,2382,2023-05-15,15.6,10.56,34.66,0
2501,A,2382,2023-06-19,6.36,20.72,89.18,0
2501,A,2383,2021-06-21,-2.23,19.76,42.33,0
2501,A,2383,2023-07-10,16.77,12.86,80.78,0
2501,A,2383,2024-12-02,18.14,11.68,21.59,0
2501,A,2383,2024-12-16,-3.69,19.05,47.17,0
2501,A,2383,2025-02-10,-3.52,3.47,44.17,0
2501,A,2383,2026-02-09,15.65,17.7,58.78,0
2501,A,2383,2026-04-27,-7.64,34.8,203.21,0
2501,A,2385,2023-10-23,17.04,4.31,25.0,0
2501,A,2385,2024-03-11,14.57,16.46,36.76,0
2501,A,2395,2022-04-25,-8.44,1.66,7.01,0
2501,A,2395,2024-07-22,-6.73,2.39,9.49,0
2501,A,2395,2026-03-09,-1.46,10.28,26.87,0
2501,A,2404,2022-06-13,-2.21,3.48,7.87,0
2501,A,2404,2024-07-29,-8.19,-2.38,4.05,0
2501,A,2404,2025-03-31,-8.98,4.32,11.61,0
2501,A,2404,2025-08-25,-5.92,17.19,110.67,0
2501,A,2404,2026-06-15,-7.8,16.85,68.09,0
2501,A,2412,2022-06-20,2.22,-0.28,1.21,0
2501,A,2412,2024-04-22,-2.18,0.08,5.91,0
2501,A,2412,2024-07-29,1.45,1.17,2.53,0
2501,A,2412,2026-07-20,-2.39,2.22,6.55,0
2501,A,2421,2022-10-24,-6.44,7.45,15.67,0
2501,A,2421,2024-01-29,17.24,12.77,25.13,0
2501,A,2436,2021-11-15,-1.98,27.34,58.59,0
2501,A,2449,2021-12-06,-1.81,4.41,22.15,0
2501,A,2449,2023-02-13,15.17,4.91,19.2,0
2501,A,2449,2023-03-13,1.8,10.81,36.04,0
2501,A,2449,2023-05-29,3.29,14.3,26.65,0
2501,A,2449,2024-07-08,-16.84,20.3,57.4,1
2501,A,2449,2025-11-03,-5.26,22.64,93.1,0
2501,A,2454,2024-05-27,14.87,14.59,33.02,0
2501,A,2454,2025-12-01,-3.35,15.09,26.2,0
2501,A,2454,2026-04-27,17.16,35.15,66.21,0
2501,A,2455,2023-01-09,5.37,14.74,49.81,0
2501,A,2458,2023-09-11,-1.68,13.72,42.4,0
2501,A,2492,2021-02-22,-4.16,17.17,26.53,0
2501,A,2492,2024-04-22,5.47,-5.0,3.9,0
2501,A,2492,2026-05-25,20.58,67.75,182.02,4
2501,A,2492,2026-06-01,18.04,64.87,264.91,0
2501,A,2492,2026-06-22,-19.13,42.9,441.23,1
2501,A,3005,2022-03-07,-0.42,-0.34,7.52,0
2501,A,3013,2024-06-03,-3.74,11.81,96.68,0
2501,A,3013,2024-07-15,20.09,20.48,62.98,1
2501,A,3017,2021-09-27,-6.61,11.1,26.17,0
2501,A,3017,2022-07-18,9.92,9.97,25.91,0
2501,A,3017,2025-05-19,0.74,17.0,74.74,0
2501,A,3034,2021-12-06,4.52,6.23,35.94,0
2501,A,3035,2023-10-16,-5.0,8.75,25.0,0
2501,A,3037,2024-10-28,-0.6,11.22,21.17,0
2501,A,3044,2023-07-31,15.87,31.3,68.13,0
2501,A,3044,2024-12-30,-0.85,1.76,8.77,0
2501,A,3081,2022-03-07,-6.34,0.12,6.42,0
2501,A,3081,2022-08-08,14.91,20.82,67.21,1
2501,A,3081,2024-02-05,17.92,25.0,35.15,0
2501,A,3081,2025-01-20,-9.37,25.75,61.9,0
2501,A,3105,2023-01-09,6.69,17.71,49.56,1
2501,A,3131,2024-02-26,17.94,23.56,66.4,0
2501,A,3131,2025-05-26,18.04,19.08,58.94,0
2501,A,3131,2025-06-16,2.55,22.98,109.27,0
2501,A,3227,2022-11-21,2.48,9.22,19.69,0
2501,A,3227,2023-09-11,-5.99,6.79,25.9,0
2501,A,3227,2024-09-02,14.36,8.16,41.1,0
2501,A,3231,2022-01-24,-2.02,5.66,10.54,0
2501,A,3231,2022-12-19,-4.02,8.6,20.32,0
2501,A,3231,2025-04-14,16.97,-0.92,30.25,0
2501,A,3324,2024-03-11,14.44,25.19,97.17,1
2501,A,3324,2024-12-02,-1.58,5.04,28.36,0
2501,A,3324,2025-09-15,3.12,17.66,30.96,0
2501,A,3374,2022-04-25,-2.41,8.73,17.6,0
2501,A,3380,2024-09-02,-9.17,10.85,24.39,0
2501,A,3413,2021-04-12,-10.92,14.1,28.57,0
2501,A,3413,2021-07-05,-0.4,4.84,28.53,0
2501,A,3443,2021-06-21,4.53,13.42,38.93,0
2501,A,3443,2021-07-19,-9.37,3.44,49.09,0
2501,A,3443,2021-09-13,14.46,8.56,25.89,0
2501,A,3443,2021-11-01,-3.54,13.73,65.94,0
2501,A,3443,2025-11-24,6.18,12.69,57.77,0
2501,A,3443,2026-03-23,-5.01,6.44,28.86,0
2501,A,3529,2021-05-03,-5.45,16.83,52.76,0
2501,A,3529,2023-02-06,-5.45,15.65,55.36,0
2501,A,3529,2024-06-17,-4.44,14.33,40.93,0
2501,A,3529,2024-08-19,-2.89,12.69,31.31,0
2501,A,3529,2024-10-21,-1.21,15.2,63.13,0
2501,A,3529,2026-04-13,16.55,14.72,112.08,0
2501,A,3532,2022-03-21,-16.42,24.7,48.55,0
2501,A,3533,2021-05-10,-12.41,5.86,12.77,0
2501,A,3533,2021-11-29,-4.03,8.54,33.33,0
2501,A,3533,2026-01-26,-3.96,8.09,28.14,0
2501,A,3533,2026-03-23,2.66,14.52,56.3,0
2501,A,3587,2022-10-31,-0.24,5.97,22.22,1
2501,A,3653,2021-06-07,-7.01,15.09,42.2,0
2501,A,3653,2021-10-18,10.3,4.41,22.98,0
2501,A,3653,2022-03-28,-10.3,10.59,29.54,0
2501,A,3653,2023-03-27,-2.33,17.92,33.52,0
2501,A,3653,2023-05-29,-2.7,21.73,54.58,0
2501,A,3653,2023-12-18,-2.53,12.46,27.89,0
2501,A,3653,2025-08-25,16.34,20.07,37.69,1
2501,A,3653,2026-02-02,-0.09,13.85,35.55,0
2501,A,3661,2021-03-15,-5.38,6.66,37.04,0
2501,A,3661,2021-08-23,16.07,6.58,22.43,1
2501,A,3661,2021-10-18,20.52,5.32,69.98,0
2501,A,3661,2023-02-06,-2.84,9.42,37.61,0
2501,A,3661,2024-12-16,5.98,23.23,62.8,0
2501,A,3661,2025-07-07,15.92,10.37,61.4,0
2501,A,3680,2022-05-30,-6.22,14.15,22.43,0
2501,A,3680,2022-08-08,-3.38,13.57,48.81,0
2501,A,3680,2023-03-20,2.11,13.53,41.3,0
2501,A,3680,2023-06-26,-3.17,11.69,29.7,0
2501,A,3693,2026-01-12,-9.93,30.85,47.37,1
2501,A,3711,2022-05-30,-1.56,6.35,12.2,0
2501,A,3711,2022-11-21,2.36,10.35,30.11,0
2501,A,3711,2023-08-28,-5.19,7.28,14.47,0
2501,A,4958,2022-03-21,0.32,13.45,19.23,0
2501,A,4958,2026-03-30,15.64,16.44,61.21,0
2501,A,4966,2023-09-25,-4.57,5.34,31.24,0
2501,A,4979,2022-07-11,-2.07,27.18,54.29,0
2501,A,4979,2023-07-24,-8.57,34.51,330.55,0
2501,A,4979,2024-09-30,5.94,13.04,79.5,0
2501,A,4979,2025-02-03,-5.1,15.6,66.31,0
2501,A,4979,2025-12-29,-0.93,15.1,65.36,0
2501,A,4979,2026-03-02,-14.03,36.71,127.83,1
2501,A,4979,2026-04-20,-20.39,57.16,167.67,4
2501,A,4991,2024-12-30,-10.05,17.44,209.05,0
2501,A,4991,2025-12-22,-1.54,22.76,62.69,1
2501,A,5269,2021-02-01,-1.85,8.63,21.85,0
2501,A,5269,2021-05-17,23.41,6.89,18.71,0
2501,A,5269,2021-05-31,-8.17,24.85,51.91,0
2501,A,5269,2021-11-22,-7.12,15.3,33.78,0
2501,A,5269,2022-02-14,-3.09,11.73,17.7,0
2501,A,5269,2024-01-08,2.2,4.29,47.92,0
2501,A,5347,2021-08-09,-4.42,17.91,36.84,0
2501,A,5347,2024-03-18,2.13,10.91,16.53,0
2501,A,5388,2022-01-17,0.75,5.3,15.75,0
2501,A,5483,2024-06-24,1.03,1.34,13.26,0
2501,A,5483,2026-07-13,19.37,21.95,85.94,1
2501,A,6139,2023-10-30,-3.59,13.72,90.72,0
2501,A,6139,2024-01-08,-6.57,4.16,54.17,0
2501,A,6139,2025-09-08,-2.23,9.05,45.61,0
2501,A,6139,2025-12-15,-2.45,25.61,69.05,0
2501,A,6182,2026-07-13,-12.93,39.97,429.33,1
2501,A,6187,2024-08-12,19.25,10.81,33.57,0
2501,A,6187,2024-09-16,-0.18,25.84,100.0,0
2501,A,6196,2021-12-20,8.47,3.84,52.15,0
2501,A,6196,2022-01-10,-7.37,10.88,63.84,0
2501,A,6196,2025-07-14,1.89,9.64,38.76,0
2501,A,6202,2021-07-12,17.83,12.69,39.09,1
2501,A,6202,2024-11-18,-3.99,-4.18,17.07,0
2501,A,6206,2025-02-10,22.43,29.14,52.61,1
2501,A,6213,2024-04-01,15.19,23.01,33.42,0
2501,A,6213,2025-08-18,-5.22,30.01,62.19,2
2501,A,6223,2021-08-02,-10.01,17.09,98.83,0
2501,A,6223,2025-09-08,9.83,17.13,78.58,0
2501,A,6274,2023-07-10,21.58,3.58,31.28,0
2501,A,6274,2023-07-17,14.41,33.15,76.37,1
2501,A,6274,2023-09-25,0.49,7.7,83.89,0
2501,A,6274,2025-03-24,-2.01,5.66,16.89,0
2501,A,6274,2025-06-02,18.54,9.59,55.99,0
2501,A,6274,2025-06-09,14.97,21.83,86.02,1
2501,A,6274,2026-05-25,-6.81,25.09,256.42,3
2501,A,6282,2021-10-04,-5.09,3.77,13.83,0
2501,A,6412,2022-12-12,-1.67,2.24,15.63,0
2501,A,6412,2023-08-07,15.22,14.8,40.13,0
2501,A,6412,2025-01-13,-4.47,5.5,11.26,0
2501,A,6414,2021-11-29,-2.43,7.35,33.52,0
2501,A,6415,2021-02-01,3.77,7.8,21.84,0
2501,A,6415,2023-11-13,17.51,15.89,41.6,0
2501,A,6415,2023-11-20,-0.84,26.09,65.2,0
2501,A,6415,2023-12-25,15.05,4.39,59.41,0
2501,A,6415,2024-04-15,-7.62,13.25,24.88,0
2501,A,6415,2024-08-26,-2.26,11.82,27.7,0
2501,A,6415,2026-02-02,-6.26,15.97,61.28,0
2501,A,6438,2024-10-07,19.62,29.77,69.38,1
2501,A,6442,2024-10-21,-2.11,14.65,37.82,0
2501,A,6442,2025-11-17,19.46,18.42,42.48,1
2501,A,6488,2021-04-19,0.48,8.65,34.03,0
2501,A,6488,2026-06-22,-13.97,21.44,172.28,0
2501,A,6510,2023-10-16,-3.34,4.58,21.09,0
2501,A,6515,2024-04-15,-7.9,15.06,27.16,0
2501,A,6515,2025-09-01,14.87,26.76,51.0,2
2501,A,6531,2021-03-29,-2.5,18.74,105.79,0
2501,A,6531,2023-02-20,15.2,20.68,69.7,0
2501,A,6533,2022-08-29,4.04,25.98,66.67,0
2501,A,6533,2026-07-20,10.16,12.97,20.94,1
2501,A,6643,2022-11-07,20.97,17.57,29.67,1
2501,A,6643,2023-12-11,-13.27,14.44,43.4,1
2501,A,6643,2024-01-15,20.62,17.29,45.07,0
2501,A,6669,2021-11-15,1.35,9.61,24.33,0
2501,A,6669,2022-03-14,-8.8,5.09,14.83,0
2501,A,6669,2023-11-13,-6.23,18.36,42.12,0
2501,A,6719,2023-04-17,-4.08,8.05,35.64,0
2501,A,6770,2022-05-16,-3.71,7.28,15.69,0
2501,A,6770,2022-10-24,-2.36,5.68,15.03,0
2501,A,6770,2025-10-27,-5.02,12.25,112.12,1
2501,A,6830,2023-04-24,-2.54,7.51,51.98,0
2501,A,6830,2025-01-13,-2.77,1.26,4.9,0
2501,A,8046,2021-05-17,15.86,-0.86,13.96,0
2501,A,8046,2021-06-07,-2.43,12.77,31.1,0
2501,A,8046,2021-09-06,-7.83,14.61,34.31,0
2501,A,8046,2025-10-13,2.37,19.53,64.11,0
2501,A,8046,2026-01-19,15.81,26.52,35.61,2
2501,A,8046,2026-03-02,-22.28,27.65,130.7,0
2501,A,8046,2026-06-29,16.89,19.47,90.54,0
2501,A,8050,2022-08-22,16.38,3.66,54.93,0
2501,A,8050,2022-12-12,-2.69,11.82,40.79,0
2501,A,8081,2021-07-19,4.45,11.6,54.97,0
2501,A,8086,2023-04-17,-5.79,10.53,34.33,0
2501,A,8086,2025-07-28,14.42,14.16,35.79,0
2501,A,8210,2024-05-13,5.42,7.7,24.22,0
2501,A,8210,2025-11-10,-1.09,21.77,78.38,0
2501,A,8299,2021-12-13,-4.16,11.18,39.37,0
2501,A,8299,2022-02-14,-0.9,6.09,27.32,0
2501,A,8299,2025-03-10,-4.77,10.28,37.16,0
2501,A,8299,2026-01-26,2.76,19.63,105.57,0
2501,A,8996,2023-07-24,-11.35,18.28,114.54,0
2501,A,8996,2024-04-29,20.59,11.21,80.42,0
2501,A,8996,2024-09-09,-2.72,10.78,41.49,1
2501,A,8996,2026-02-09,-1.05,16.54,91.13,1
2501,A,8996,2026-04-13,-2.87,20.89,93.83,0
2517,A,1503,2023-05-08,-6.35,21.27,86.44,0
2517,A,1503,2023-05-22,10.29,20.43,71.68,0
2517,A,1513,2022-07-11,-1.32,5.34,18.66,0
2517,A,1513,2022-08-01,-2.95,11.46,34.37,0
2517,A,1513,2022-08-15,-4.75,13.36,45.38,0
2517,A,1513,2022-08-22,-2.42,9.05,46.95,0
2517,A,1513,2023-11-27,4.0,16.02,27.68,0
2517,A,1513,2024-07-15,-6.93,19.28,48.21,0
2517,A,1513,2025-05-19,-0.27,12.89,42.25,0
2517,A,1519,2023-07-17,-5.42,33.09,135.64,0
2517,A,1519,2023-12-04,15.78,17.0,38.17,0
2517,A,1519,2024-01-29,22.65,8.72,68.66,0
2517,A,1519,2024-02-26,-7.25,18.03,113.07,0
2517,A,1519,2025-02-24,-8.27,21.16,37.14,0
2517,A,1519,2025-11-03,-12.99,30.59,42.65,2
2517,A,1519,2025-12-15,-6.18,10.47,45.55,0
2517,A,1560,2023-10-02,-4.02,14.27,36.69,0
2517,A,2059,2025-02-17,16.11,16.96,35.0,0
2517,A,2059,2025-03-03,-2.09,16.11,48.7,0
2517,A,2059,2025-07-21,16.3,17.36,43.27,0
2517,A,2303,2021-04-26,-14.75,16.49,34.2,0
2517,A,2303,2021-08-09,-7.5,12.42,45.42,0
2517,A,2303,2025-03-10,-1.15,5.36,12.34,0
2517,A,2303,2025-04-14,5.68,0.45,11.03,0
2517,A,2308,2022-10-17,-1.71,1.4,8.27,0
2517,A,2308,2025-03-17,-1.1,1.5,6.34,0
2517,A,2308,2025-07-14,19.16,9.22,55.29,0
2517,A,2308,2025-08-04,14.99,17.27,66.27,0
2517,A,2308,2025-10-13,-3.98,14.81,106.41,0
2517,A,2313,2021-11-01,-3.29,11.78,19.27,0
2517,A,2313,2023-11-20,17.07,13.84,44.83,0
2517,A,2313,2026-01-12,15.84,28.89,66.23,2
2517,A,2313,2026-05-18,14.56,5.42,50.14,1
2517,A,2317,2021-03-22,-3.27,10.52,30.13,0
2517,A,2317,2022-05-09,-2.51,1.32,4.0,0
2517,A,2317,2024-04-01,-0.93,14.93,52.64,0
2517,A,2317,2024-10-28,-0.83,6.16,31.5,0
2517,A,2317,2025-08-18,-3.67,13.88,43.65,0
2517,A,2324,2022-01-17,-0.99,3.43,9.29,0
2517,A,2330,2021-02-01,4.28,1.16,13.99,0
2517,A,2330,2022-01-17,-6.71,8.05,16.89,0
2517,A,2337,2022-02-21,-7.6,7.26,15.8,0
2517,A,2337,2022-10-17,-1.97,4.53,12.03,0
2517,A,2337,2023-08-28,8.66,1.05,3.66,0
2517,A,2337,2026-01-12,19.7,38.82,128.79,0
2517,A,2337,2026-03-02,-16.02,27.51,253.66,0
2517,A,2345,2024-11-18,18.21,2.94,20.33,0
2517,A,2345,2025-08-11,-6.84,21.72,46.78,0
2517,A,2345,2026-05-04,-1.0,24.3,124.66,1
2517,A,2353,2021-05-10,-15.56,4.18,38.86,0
2517,A,2353,2021-10-18,3.33,2.64,6.3,0
2517,A,2353,2022-03-21,-2.73,4.25,11.4,0
2517,A,2353,2022-10-03,-2.19,0.51,5.3,0
2517,A,2353,2023-12-18,15.76,9.15,15.43,0
2517,A,2356,2021-03-08,3.46,6.61,12.72,0
2517,A,2356,2021-08-16,11.12,0.59,2.37,0
2517,A,2356,2022-05-16,-3.79,3.98,7.74,0
2517,A,2356,2022-10-31,-4.67,5.32,8.2,0
2517,A,2356,2022-12-26,-2.5,4.4,15.23,0
2517,A,2357,2021-03-08,18.94,6.39,25.7,0
2517,A,2357,2021-12-27,0.87,1.78,15.33,0
2517,A,2357,2023-05-15,-0.43,6.81,16.28,0
2517,A,2357,2023-12-18,7.87,8.81,28.29,0
2517,A,2357,2026-03-09,11.9,0.76,4.23,0
2517,A,2368,2021-03-08,-5.19,7.13,14.04,0
2517,A,2368,2022-09-26,-8.59,8.37,32.42,0
2517,A,2368,2023-04-24,-6.96,5.06,23.49,0
2517,A,2368,2023-09-25,-2.25,4.09,42.09,0
2517,A,2368,2024-06-24,8.83,4.18,12.36,0
2517,A,2368,2026-02-09,-1.85,15.3,57.2,0
2517,A,2376,2021-04-12,1.79,6.89,36.84,0
2517,A,2376,2021-04-26,-11.64,12.55,53.95,0
2517,A,2376,2022-09-19,-6.13,9.55,34.41,0
2517,A,2376,2023-06-05,15.15,27.22,80.77,0
2517,A,2376,2024-02-19,-5.75,21.44,60.39,0
2517,A,2376,2025-03-10,-3.2,1.41,13.14,0
2517,A,2382,2023-05-15,15.6,10.56,34.66,0
2517,A,2382,2023-06-19,6.36,20.72,89.18,0
2517,A,2382,2024-10-21,3.58,12.02,29.02,0
2517,A,2382,2025-04-21,18.47,1.92,29.97,0
2517,A,2383,2021-06-21,-2.23,19.76,42.33,0
2517,A,2383,2023-07-10,16.77,12.86,80.78,0
2517,A,2383,2024-02-05,-1.6,19.37,38.77,0
2517,A,2383,2024-12-02,18.14,11.68,21.59,0
2517,A,2383,2024-12-16,-3.69,19.05,47.17,0
2517,A,2383,2025-02-10,-3.52,3.47,44.17,0
2517,A,2383,2025-11-17,-1.28,10.84,31.22,0
2517,A,2383,2026-02-09,15.65,17.7,58.78,0
2517,A,2383,2026-04-27,-7.64,34.8,203.21,0
2517,A,2385,2023-10-23,17.04,4.31,25.0,0
2517,A,2385,2023-11-13,15.69,15.44,47.29,0
2517,A,2385,2024-01-08,-3.37,0.77,49.58,0
2517,A,2385,2024-03-11,14.57,16.46,36.76,0
2517,A,2395,2024-07-22,-6.73,2.39,9.49,0
2517,A,2395,2026-03-09,-1.46,10.28,26.87,0
2517,A,2404,2022-06-13,-2.21,3.48,7.87,0
2517,A,2404,2023-10-23,1.92,2.49,11.79,0
2517,A,2404,2024-07-29,-8.19,-2.38,4.05,0
2517,A,2404,2025-03-31,-8.98,4.32,11.61,0
2517,A,2404,2025-08-25,-5.92,17.19,110.67,0
2517,A,2404,2026-06-15,-7.8,16.85,68.09,0
2517,A,2412,2022-04-11,-2.51,2.73,12.55,0
2517,A,2412,2022-06-20,2.22,-0.28,1.21,0
2517,A,2412,2024-04-22,-2.18,0.08,5.91,0
2517,A,2412,2024-07-29,3.49,1.17,2.53,0
2517,A,2412,2026-07-20,-2.39,2.22,6.55,0
2517,A,2421,2022-10-24,-6.44,7.45,15.67,0
2517,A,2421,2024-01-29,17.24,12.77,25.13,0
2517,A,2436,2021-11-15,-1.98,27.34,58.59,0
2517,A,2449,2021-12-06,-1.81,4.41,22.15,0
2517,A,2449,2023-02-13,15.17,4.91,19.2,0
2517,A,2449,2023-03-13,1.8,10.81,36.04,0
2517,A,2449,2024-07-08,-16.84,20.3,57.4,1
2517,A,2449,2025-11-03,-5.26,22.64,93.1,0
2517,A,2454,2021-11-15,0.86,8.81,22.02,0
2517,A,2454,2024-03-11,-7.9,14.27,39.36,0
2517,A,2454,2024-05-13,14.56,7.63,19.0,0
2517,A,2454,2024-05-27,14.87,14.59,33.02,0
2517,A,2454,2025-04-14,-3.08,-1.1,18.14,0
2517,A,2454,2025-12-01,-3.35,15.09,26.2,0
2517,A,2454,2026-04-27,17.16,35.15,66.21,0
2517,A,2455,2023-01-09,5.37,14.74,49.81,0
2517,A,2455,2023-06-12,-1.24,16.47,46.81,0
2517,A,2455,2026-04-13,15.35,14.06,98.64,0
2517,A,2458,2023-09-11,-1.68,13.72,42.4,0
2517,A,2458,2026-03-09,7.4,7.3,12.99,0
2517,A,2492,2021-02-22,-4.16,17.17,26.53,0
2517,A,2492,2024-04-22,5.47,-5.0,3.9,0
2517,A,2492,2026-05-25,20.58,67.75,182.02,4
2517,A,2492,2026-06-01,18.04,64.87,264.91,0
2517,A,2492,2026-06-22,-19.13,42.9,441.23,1
2517,A,3005,2023-04-17,3.99,7.94,41.54,0
2517,A,3013,2024-06-03,-3.74,11.81,96.68,0
2517,A,3013,2024-07-15,20.09,20.48,62.98,1
2517,A,3017,2021-06-07,11.97,8.74,26.32,0
2517,A,3017,2022-05-23,-0.15,6.04,10.89,0
2517,A,3017,2022-07-18,9.92,9.97,25.91,0
2517,A,3017,2025-05-19,0.74,17.0,74.74,0
2517,A,3017,2025-06-16,-2.72,13.81,120.26,0
2517,A,3034,2021-12-06,4.52,6.23,35.94,0
2517,A,3034,2024-03-18,-3.23,3.08,23.47,0
2517,A,3035,2023-06-19,15.34,14.05,27.38,0
2517,A,3035,2023-10-16,-5.0,8.75,25.0,0
2517,A,3037,2024-10-28,-0.6,11.22,21.17,0
2517,A,3037,2025-12-08,-3.53,21.65,55.83,0
2517,A,3044,2023-07-31,15.87,31.3,68.13,0
2517,A,3044,2024-12-30,-0.85,1.76,8.77,0
2517,A,3081,2021-07-19,-2.38,-2.12,11.56,0
2517,A,3081,2022-03-07,-6.34,0.12,6.42,0
2517,A,3081,2022-08-08,14.91,20.82,67.21,1
2517,A,3081,2024-02-05,17.92,25.0,35.15,0
2517,A,3081,2024-09-30,16.39,30.94,194.03,0
2517,A,3081,2025-01-20,-9.37,25.75,61.9,0
2517,A,3105,2021-12-13,-4.63,6.48,29.44,0
2517,A,3105,2022-06-06,-4.42,14.08,23.81,0
2517,A,3105,2023-01-09,6.69,17.71,49.56,1
2517,A,3105,2025-12-22,21.26,20.58,108.29,1
2517,A,3131,2024-02-26,17.94,23.56,66.4,0
2517,A,3131,2024-07-01,-4.46,12.79,56.35,0
2517,A,3131,2024-07-22,0.85,2.35,45.43,0
2517,A,3131,2025-05-26,18.04,19.08,58.94,0
2517,A,3131,2025-06-16,2.55,22.98,109.27,0
2517,A,3189,2021-08-30,-1.08,13.18,78.49,0
2517,A,3189,2026-05-04,-7.81,21.33,155.29,0
2517,A,3227,2021-07-26,-6.59,9.62,41.28,0
2517,A,3227,2022-11-21,2.48,9.22,19.69,0
2517,A,3227,2023-09-11,-5.99,6.79,25.9,0
2517,A,3227,2024-09-02,14.36,8.16,41.1,0
2517,A,3231,2022-01-24,-2.02,5.66,10.54,0
2517,A,3231,2022-12-19,-4.02,8.6,20.32,0
2517,A,3231,2024-01-22,-1.88,19.11,30.61,0
2517,A,3231,2025-04-14,16.97,-0.92,30.25,0
2517,A,3231,2026-06-01,-6.6,20.94,42.04,2
2517,A,3231,2026-07-27,3.05,15.9,38.48,0
2517,A,3324,2024-03-11,14.44,25.19,97.17,1
2517,A,3324,2024-12-02,-1.58,5.04,28.36,0
2517,A,3324,2025-09-15,3.12,17.66,30.96,0
2517,A,3363,2024-10-07,15.23,20.1,61.74,1
2517,A,3363,2025-09-08,-8.14,8.56,54.34,0
2517,A,3374,2022-04-25,-2.41,8.73,17.6,0
2517,A,3380,2024-09-02,-9.17,10.85,24.39,0
2517,A,3413,2021-04-12,-10.92,14.1,28.57,0
2517,A,3413,2021-07-05,-0.4,4.84,28.53,0
2517,A,3443,2021-06-21,4.53,13.42,38.93,0
2517,A,3443,2021-07-19,-9.37,3.44,49.09,0
2517,A,3443,2021-09-13,14.46,8.56,25.89,0
2517,A,3443,2021-11-01,-3.54,13.73,65.94,0
2517,A,3443,2022-12-19,-8.19,7.26,103.76,0
2517,A,3443,2024-04-29,-7.18,8.69,23.08,0
2517,A,3443,2024-06-03,-0.91,11.32,43.46,0
2517,A,3443,2025-11-24,6.18,12.69,57.77,0
2517,A,3443,2026-03-23,-5.01,6.44,28.86,0
2517,A,3443,2026-05-11,-15.95,40.06,164.67,1
2517,A,3529,2021-05-03,-5.45,16.83,52.76,0
2517,A,3529,2023-02-06,-5.45,15.65,55.36,0
2517,A,3529,2024-06-17,-4.44,14.33,40.93,0
2517,A,3529,2024-08-19,-2.89,12.69,31.31,0
2517,A,3529,2024-10-21,-1.21,15.2,63.13,0
2517,A,3529,2026-04-13,16.55,14.72,112.08,0
2517,A,3532,2022-03-21,-16.42,24.7,48.55,0
2517,A,3533,2021-04-26,-4.82,5.23,10.21,0
2517,A,3533,2021-05-10,-12.41,5.86,12.77,0
2517,A,3533,2021-11-29,-4.03,8.54,33.33,0
2517,A,3533,2024-03-25,16.56,14.8,45.09,0
2517,A,3533,2026-01-26,-3.96,8.09,28.14,0
2517,A,3533,2026-03-23,2.66,14.52,56.3,0
2517,A,3587,2022-10-31,-0.24,5.97,22.22,1
2517,A,3587,2024-08-12,2.08,5.52,16.28,0
2517,A,3653,2021-06-07,-7.01,15.09,42.2,0
2517,A,3653,2021-10-18,10.3,4.41,22.98,0
2517,A,3653,2021-11-01,-1.75,8.37,39.52,0
2517,A,3653,2021-11-29,0.57,6.61,47.48,0
2517,A,3653,2022-03-28,-10.3,10.59,29.54,0
2517,A,3653,2023-03-27,-2.33,17.92,33.52,0
2517,A,3653,2023-05-29,-2.7,21.73,54.58,0
2517,A,3653,2023-12-18,-2.53,12.46,27.89,0
2517,A,3653,2024-02-26,3.42,15.75,56.41,0
2517,A,3653,2025-08-25,16.34,20.07,37.69,1
2517,A,3653,2026-02-02,-0.09,13.85,35.55,0
2517,A,3661,2021-03-15,-5.38,6.66,37.04,0
2517,A,3661,2021-10-18,20.52,5.32,69.98,0
2517,A,3661,2023-02-06,-2.84,9.42,37.61,0
2517,A,3661,2023-05-15,15.23,7.12,50.0,0
2517,A,3661,2024-12-16,5.98,23.23,62.8,0
2517,A,3661,2025-06-30,15.62,10.12,59.13,0
2517,A,3680,2022-05-30,-6.22,14.15,22.43,0
2517,A,3680,2022-08-08,-3.38,13.57,48.81,0
2517,A,3680,2023-03-20,2.11,13.53,41.3,0
2517,A,3693,2026-01-12,-9.93,30.85,47.37,1
2517,A,3706,2024-11-18,19.25,26.51,59.14,0
2517,A,3706,2024-11-25,-18.17,40.72,104.06,0
2517,A,3711,2022-05-30,-1.56,6.35,12.2,0
2517,A,3711,2022-11-21,2.36,10.35,30.11,0
2517,A,3711,2023-08-28,-5.19,7.28,14.47,0
2517,A,4958,2022-03-21,-5.18,13.45,19.23,0
2517,A,4958,2026-02-02,-1.41,10.99,34.93,0
2517,A,4958,2026-03-30,15.64,16.44,61.21,0
2517,A,4958,2026-07-13,-19.83,7.63,130.64,1
2517,A,4966,2023-09-25,-4.57,5.34,31.24,0
2517,A,4979,2022-07-11,-2.07,27.18,54.29,0
2517,A,4979,2023-07-24,-8.57,34.51,330.55,0
2517,A,4979,2024-09-30,5.94,13.04,79.5,0
2517,A,4979,2025-02-03,-5.1,15.6,66.31,0
2517,A,4979,2025-12-29,-0.93,15.1,65.36,0
2517,A,4979,2026-03-02,-14.03,36.71,127.83,1
2517,A,4979,2026-04-20,-20.39,57.16,167.67,4
2517,A,4991,2024-12-30,-10.05,17.44,209.05,0
2517,A,4991,2025-12-22,-1.54,22.76,62.69,1
2517,A,5227,2022-09-26,18.6,7.84,17.12,0
2517,A,5269,2021-02-01,-1.85,8.63,21.85,0
2517,A,5269,2021-05-17,23.41,6.89,18.71,0
2517,A,5269,2021-05-31,-8.17,24.85,51.91,0
2517,A,5269,2021-11-22,-7.12,15.3,33.78,0
2517,A,5269,2022-02-14,-3.09,11.73,17.7,0
2517,A,5269,2024-01-08,2.2,4.29,47.92,0
2517,A,5347,2021-08-09,-4.42,17.91,36.84,0
2517,A,5347,2024-03-18,2.13,10.91,16.53,0
2517,A,5388,2022-01-17,0.75,5.3,15.75,0
2517,A,5434,2021-03-22,-0.23,9.11,13.98,0
2517,A,5434,2021-12-20,8.95,2.32,12.69,0
2517,A,5434,2024-04-15,1.61,8.84,37.78,0
2517,A,5434,2025-02-10,-3.49,1.54,4.84,0
2517,A,5483,2024-06-24,1.03,1.34,13.26,0
2517,A,5483,2026-07-13,19.37,21.95,85.94,1
2517,A,6139,2023-10-30,-3.59,13.72,90.72,0
2517,A,6139,2024-01-08,-6.57,4.16,54.17,0
2517,A,6139,2025-06-23,-5.68,21.89,83.52,2
2517,A,6139,2025-09-08,-2.23,9.05,45.61,0
2517,A,6139,2025-12-15,-2.45,25.61,69.05,0
2517,A,6139,2026-05-18,8.09,2.88,44.2,0
2517,A,6139,2026-06-29,-9.86,18.19,84.72,0
2517,A,6182,2026-07-13,-12.93,39.97,429.33,1
2517,A,6187,2024-08-12,19.25,10.81,33.57,0
2517,A,6187,2024-09-16,-0.18,25.84,100.0,0
2517,A,6187,2026-03-23,14.37,34.79,152.28,0
2517,A,6196,2021-12-20,8.47,3.84,52.15,0
2517,A,6196,2022-01-10,-7.37,10.88,63.84,0
2517,A,6196,2025-07-14,1.89,9.64,38.76,0
2517,A,6202,2021-07-12,17.83,12.69,39.09,1
2517,A,6202,2024-11-18,-3.99,-4.18,17.07,0
2517,A,6206,2025-01-13,14.95,3.64,12.66,0
2517,A,6206,2025-02-10,22.43,29.14,52.61,1
2517,A,6213,2024-04-01,15.19,23.01,33.42,0
2517,A,6213,2025-08-18,-5.22,30.01,62.19,2
2517,A,6223,2021-08-02,-10.01,17.09,98.83,0
2517,A,6223,2025-09-08,9.83,17.13,78.58,0
2517,A,6239,2023-12-11,20.01,9.9,22.39,0
2517,A,6257,2025-03-03,-3.48,5.99,17.8,0
2517,A,6274,2023-07-17,14.41,33.15,76.37,1
2517,A,6274,2023-09-25,0.49,7.7,83.89,0
2517,A,6274,2025-03-24,-2.01,5.66,16.89,0
2517,A,6274,2025-06-02,18.54,9.59,55.99,0
2517,A,6274,2025-06-09,14.97,21.83,86.02,1
2517,A,6274,2025-09-01,-6.57,11.03,64.34,0
2517,A,6274,2026-01-26,-2.35,6.31,35.63,0
2517,A,6274,2026-05-25,-6.81,25.09,256.42,3
2517,A,6274,2026-06-22,-7.66,17.01,236.59,0
2517,A,6282,2022-07-11,-0.93,4.16,13.75,0
2517,A,6285,2022-08-08,-0.6,11.02,34.04,0
2517,A,6412,2022-10-17,2.18,1.38,6.25,0
2517,A,6412,2022-12-12,-1.67,2.24,15.63,0
2517,A,6412,2023-08-07,15.22,14.8,40.13,0
2517,A,6412,2025-01-13,-4.47,5.5,11.26,0
2517,A,6414,2021-11-29,-2.43,7.35,33.52,0
2517,A,6414,2026-07-20,20.26,5.62,34.89,0
2517,A,6415,2021-02-01,3.77,7.8,21.84,0
2517,A,6415,2021-05-17,20.69,-3.15,27.25,0
2517,A,6415,2021-05-24,0.29,13.95,54.5,1
2517,A,6415,2021-06-28,6.89,7.37,58.7,0
2517,A,6415,2023-01-16,15.11,10.39,42.78,0
2517,A,6415,2023-11-13,17.51,15.89,41.6,0
2517,A,6415,2023-11-20,-0.84,26.09,65.2,0
2517,A,6415,2023-12-25,15.05,4.39,59.41,0
2517,A,6415,2024-04-15,-7.62,13.25,24.88,0
2517,A,6415,2024-05-27,-2.68,11.49,50.55,0
2517,A,6415,2024-06-17,-5.33,10.68,65.35,0
2517,A,6415,2024-08-26,-2.26,11.82,27.7,0
2517,A,6415,2026-02-02,-6.26,15.97,61.28,0
2517,A,6415,2026-04-27,-6.99,30.34,81.84,0
2517,A,6438,2024-10-07,19.62,29.77,69.38,1
2517,A,6442,2024-10-14,-2.85,23.44,38.86,1
2517,A,6442,2025-11-17,19.46,18.42,42.48,1
2517,A,6488,2021-04-19,0.48,8.65,34.03,0
2517,A,6488,2026-06-22,-13.97,21.44,172.28,0
2517,A,6510,2023-10-16,-3.34,4.58,21.09,0
2517,A,6515,2022-05-16,-5.83,5.08,13.65,0
2517,A,6515,2024-04-15,-7.9,15.06,27.16,0
2517,A,6515,2025-09-01,14.87,26.76,51.0,2
2517,A,6515,2025-10-13,15.17,13.16,127.0,0
2517,A,6531,2021-03-29,-2.5,18.74,105.79,0
2517,A,6531,2021-08-02,-3.41,10.24,50.19,0
2517,A,6531,2023-02-20,15.2,20.68,69.7,0
2517,A,6533,2022-08-29,4.04,25.98,66.67,0
2517,A,6533,2026-07-20,10.16,12.97,20.94,1
2517,A,6643,2022-11-07,20.97,17.57,29.67,1
2517,A,6643,2023-12-11,-13.27,14.44,43.4,1
2517,A,6643,2024-01-15,20.62,17.29,45.07,0
2517,A,6669,2021-11-15,1.35,9.61,24.33,0
2517,A,6669,2022-03-14,-8.8,5.09,14.83,0
2517,A,6669,2023-07-03,15.36,24.73,55.4,0
2517,A,6669,2023-11-13,-6.23,18.36,42.12,0
2517,A,6719,2023-04-17,-4.08,8.05,35.64,0
2517,A,6770,2022-05-16,-3.71,7.28,15.69,0
2517,A,6770,2022-10-24,-2.36,5.68,15.03,0
2517,A,6770,2025-07-07,-8.35,9.98,26.74,0
2517,A,6770,2025-10-27,-5.02,12.25,112.12,1
2517,A,6830,2023-04-24,-2.54,7.51,51.98,0
2517,A,6830,2025-01-13,-2.77,1.26,4.9,0
2517,A,8046,2021-05-17,15.86,-0.86,13.96,0
2517,A,8046,2021-06-07,-2.43,12.77,31.1,0
2517,A,8046,2025-10-13,2.37,19.53,64.11,0
2517,A,8046,2026-01-19,15.81,26.52,35.61,2
2517,A,8046,2026-03-02,-22.28,27.65,130.7,0
2517,A,8046,2026-03-30,14.65,13.29,144.73,0
2517,A,8046,2026-06-29,16.89,19.47,90.54,0
2517,A,8050,2022-08-22,16.38,3.66,54.93,0
2517,A,8050,2022-12-12,-2.69,11.82,40.79,0
2517,A,8081,2021-07-19,0.18,11.6,54.97,0
2517,A,8086,2023-04-17,-5.79,10.53,34.33,0
2517,A,8086,2025-07-28,14.42,14.16,35.79,0
2517,A,8210,2022-02-07,-3.27,12.75,23.37,0
2517,A,8210,2023-06-05,17.83,20.43,51.04,0
2517,A,8210,2024-05-13,5.42,7.7,24.22,0
2517,A,8210,2025-05-26,18.19,13.6,71.12,0
2517,A,8210,2025-11-10,-1.09,21.77,78.38,0
2517,A,8299,2021-12-13,-4.16,11.18,39.37,0
2517,A,8299,2022-02-14,-0.9,6.09,27.32,0
2517,A,8299,2024-12-30,-2.88,10.7,29.21,0
2517,A,8299,2025-03-10,-4.77,10.28,37.16,0
2517,A,8299,2025-11-03,17.31,22.31,136.17,0
2517,A,8299,2026-01-26,2.76,19.63,105.57,0
2517,A,8996,2023-07-24,-11.35,18.28,114.54,0
2517,A,8996,2024-04-29,20.59,11.21,80.42,0
2517,A,8996,2024-09-09,-2.72,10.78,41.49,1
2517,A,8996,2026-02-09,-1.05,16.54,91.13,1
2517,A,8996,2026-04-13,-2.87,20.89,93.83,0
2517,A,8996,2026-06-08,24.46,10.38,57.59,0
2055,D,2059,2021-05-10,1.93,6.11,25.08,0
2055,D,2059,2021-08-09,-4.31,1.0,3.59,0
2055,D,2059,2022-04-11,-7.17,2.17,7.87,0
2055,D,2059,2024-01-22,-7.63,17.24,57.16,0
2055,D,2059,2024-11-11,-9.95,16.95,37.98,0
2055,D,2059,2024-11-25,1.1,8.64,40.87,0
2055,D,2059,2025-02-17,9.03,16.96,35.0,0
2055,D,2059,2025-07-21,19.48,17.36,43.27,0
2055,D,2059,2026-05-11,-9.78,37.13,89.69,0
2055,D,2303,2021-04-12,5.15,8.25,17.67,0
2055,D,2303,2021-08-09,-7.5,12.42,45.42,0
2055,D,2303,2022-03-21,-1.71,1.87,7.65,0
2055,D,2303,2023-01-30,2.86,13.0,28.08,0
2055,D,2303,2023-10-16,-1.34,2.72,8.64,0
2055,D,2303,2024-05-20,1.65,3.76,10.62,0
2055,D,2303,2024-08-12,0.67,4.92,10.83,0
2055,D,2303,2025-03-10,-3.58,5.36,12.34,0
2055,D,2303,2025-04-14,-2.62,0.45,11.03,0
2055,D,2308,2021-04-19,-2.27,2.29,13.09,0
2055,D,2308,2021-06-28,-1.27,0.03,12.29,0
2055,D,2308,2022-01-03,-0.25,4.63,19.75,0
2055,D,2308,2022-10-17,-5.23,1.4,8.27,0
2055,D,2308,2024-06-24,9.57,9.26,30.89,0
2055,D,2308,2024-12-16,-3.86,7.37,16.39,0
2055,D,2308,2025-07-14,24.62,9.22,55.29,0
2055,D,2308,2025-08-04,10.8,17.27,66.27,0
2055,D,2308,2026-04-20,17.45,18.51,84.47,0
2055,D,2313,2021-11-01,1.51,11.78,19.27,0
2055,D,2313,2022-03-21,7.01,1.3,10.48,0
2055,D,2313,2022-07-18,-2.94,9.61,19.02,0
2055,D,2313,2023-11-20,12.18,13.84,44.83,0
2055,D,2313,2025-10-20,-4.27,8.54,38.56,0
2055,D,2313,2025-12-22,-4.1,12.27,34.59,1
2055,D,2313,2026-01-26,-1.16,40.03,131.68,0
2055,D,2313,2026-02-23,1.58,20.09,168.32,1
2055,D,2313,2026-05-25,-13.75,17.75,63.11,0
2055,D,2317,2021-03-22,-7.1,10.52,30.13,0
2055,D,2317,2022-02-21,-3.88,1.65,3.92,0
2055,D,2317,2022-05-09,5.61,1.32,4.0,0
2055,D,2317,2023-06-26,-4.82,5.65,13.24,0
2055,D,2317,2024-03-11,36.62,5.36,11.05,0
2055,D,2317,2024-04-01,-0.93,14.93,52.64,0
2055,D,2317,2024-04-29,5.05,4.85,57.71,0
2055,D,2317,2024-07-08,-5.21,11.99,64.76,0
2055,D,2317,2025-04-28,10.21,3.67,26.67,0
2055,D,2317,2025-08-25,-2.51,7.21,41.94,0
2055,D,2317,2026-07-27,-6.49,4.59,14.52,0
2055,D,2324,2021-03-15,17.38,3.11,10.34,0
2055,D,2324,2021-04-12,-3.75,9.3,30.77,0
2055,D,2324,2021-08-23,0.29,2.65,4.44,0
2055,D,2324,2021-09-27,-3.46,4.9,13.55,0
2055,D,2324,2022-01-10,0.6,2.79,7.34,0
2055,D,2324,2022-12-26,-1.03,3.92,11.92,0
2055,D,2324,2023-03-27,1.41,1.04,9.51,0
2055,D,2330,2021-02-01,5.75,1.16,13.99,0
2055,D,2330,2021-09-06,-4.38,6.89,14.31,0
2055,D,2330,2022-01-03,-0.13,4.3,11.02,0
2055,D,2330,2022-01-17,-5.26,8.05,16.89,0
2055,D,2330,2024-01-08,10.48,0.03,10.99,0
2055,D,2330,2024-01-29,-3.67,7.77,18.43,0
2055,D,2330,2024-12-23,-1.98,2.84,13.29,0
2055,D,2330,2025-10-20,-1.94,7.44,32.08,0
2055,D,2345,2022-06-13,-4.18,5.58,16.26,0
2055,D,2345,2023-04-17,-5.2,1.54,28.81,0
2055,D,2345,2024-05-27,-2.53,8.11,33.68,0
2055,D,2345,2024-09-16,-3.85,6.14,23.18,0
2055,D,2345,2025-05-12,6.92,17.8,54.94,0
2055,D,2345,2025-08-11,-1.09,21.72,46.78,0
2055,D,2345,2026-05-04,-5.76,24.3,124.66,1
2055,D,2353,2021-04-12,4.44,7.32,38.22,0
2055,D,2353,2021-05-10,-11.19,4.18,38.86,0
2055,D,2353,2021-10-18,2.15,2.64,6.3,0
2055,D,2353,2022-02-21,-4.72,2.39,12.29,0
2055,D,2353,2022-03-21,-3.88,4.25,11.4,0
2055,D,2353,2022-08-22,-4.8,0.99,8.96,0
2055,D,2353,2022-10-03,-0.83,0.51,5.3,0
2055,D,2353,2022-11-07,0.63,9.39,16.63,0
2055,D,2353,2023-02-13,0.77,2.74,11.67,0
2055,D,2353,2023-12-18,28.79,9.15,15.43,0
2055,D,2356,2021-03-08,5.4,6.61,12.72,0
2055,D,2356,2021-08-16,1.08,0.59,2.37,0
2055,D,2356,2021-09-27,-2.69,5.42,12.5,0
2055,D,2356,2022-01-10,-2.36,1.35,2.83,0
2055,D,2356,2022-10-31,-4.67,5.32,8.2,0
2055,D,2356,2022-12-12,4.61,1.29,9.98,0
2055,D,2356,2023-03-27,1.66,9.74,21.98,0
2055,D,2356,2025-12-01,2.45,3.69,8.63,0
2055,D,2357,2021-03-08,15.0,6.39,25.7,0
2055,D,2357,2021-12-27,0.87,1.78,15.33,0
2055,D,2357,2022-02-21,-2.57,2.29,7.38,0
2055,D,2357,2022-11-21,4.8,6.45,14.67,0
2055,D,2357,2022-12-12,-2.24,2.64,21.33,0
2055,D,2357,2023-05-15,2.68,6.81,16.28,0
2055,D,2357,2023-08-07,8.66,10.72,38.25,0
2055,D,2357,2024-08-26,-2.24,10.35,26.1,0
2055,D,2357,2026-05-25,18.33,11.22,41.8,0
2055,D,2360,2022-01-10,-6.11,14.13,29.23,0
2055,D,2360,2022-01-24,-8.82,2.95,20.17,0
2055,D,2360,2025-06-30,-3.52,22.61,102.13,0
2055,D,2360,2025-09-01,-1.84,7.73,68.6,0
2055,D,2360,2026-05-25,-2.21,10.26,98.39,0
2055,D,2368,2021-03-08,-7.39,7.13,14.04,0
2055,D,2368,2021-05-31,12.01,10.9,31.9,0
2055,D,2368,2022-01-03,-4.02,6.13,23.46,0
2055,D,2368,2022-03-21,-1.21,3.24,13.9,0
2055,D,2368,2022-06-27,-11.53,5.54,15.41,0
2055,D,2368,2022-07-18,-8.94,4.36,17.84,0
2055,D,2368,2022-09-26,-8.59,8.37,32.42,0
2055,D,2368,2022-10-03,-9.82,4.3,23.25,0
2055,D,2368,2023-03-27,-4.55,7.58,15.16,0
2055,D,2368,2023-04-17,-6.51,9.72,24.7,0
2055,D,2368,2023-09-25,1.29,4.09,42.09,0
2055,D,2368,2024-06-24,8.83,4.18,12.36,0
2055,D,2368,2025-06-09,-5.95,13.04,95.44,0
2055,D,2368,2025-06-30,4.62,9.42,111.73,0
2055,D,2368,2025-07-28,37.87,8.96,64.5,0
2055,D,2368,2025-12-22,-1.67,7.4,62.91,0
2055,D,2368,2026-02-09,-1.85,15.3,57.2,0
2055,D,2376,2021-02-22,-1.5,9.7,15.53,0
2055,D,2376,2021-04-12,-0.6,6.89,36.84,0
2055,D,2376,2021-04-26,-1.87,12.55,53.95,0
2055,D,2376,2021-11-08,0.15,19.25,63.8,0
2055,D,2376,2023-04-10,-3.88,8.7,29.38,0
2055,D,2376,2023-06-05,14.44,27.22,80.77,0
2055,D,2376,2024-02-19,-9.14,21.44,60.39,0
2055,D,2376,2024-05-20,-3.05,7.23,15.66,0
2055,D,2376,2026-06-15,-9.13,0.46,57.08,0
2055,D,2382,2021-10-04,-1.11,0.43,5.6,0
2055,D,2382,2022-02-21,-3.54,1.29,10.24,0
2055,D,2382,2022-09-05,-1.35,0.11,14.54,0
2055,D,2382,2023-04-24,14.14,2.22,23.98,0
2055,D,2382,2023-05-15,19.16,10.56,34.66,0
2055,D,2382,2023-06-19,6.36,20.72,89.18,0
2055,D,2382,2023-10-02,-7.04,9.1,58.57,0
2055,D,2382,2024-10-21,4.55,12.02,29.02,0
2055,D,2382,2025-04-21,10.76,1.92,29.97,0
2055,D,2382,2025-09-15,11.11,4.75,8.88,0
2055,D,2383,2022-09-05,-2.92,5.47,22.16,0
2055,D,2383,2023-06-12,-2.08,15.58,53.42,0
2055,D,2383,2023-07-10,48.3,12.86,80.78,0
2055,D,2383,2024-01-22,2.71,15.23,21.48,1
2055,D,2383,2024-02-05,-1.6,19.37,38.77,0
2055,D,2383,2024-12-02,19.91,11.68,21.59,0
2055,D,2383,2025-02-10,-6.45,3.47,44.17,0
2055,D,2383,2025-05-05,12.8,19.61,53.07,0
2055,D,2383,2025-09-15,-5.13,8.15,59.74,0
2055,D,2383,2026-02-09,13.74,17.7,58.78,0
2055,D,2395,2022-04-25,-8.44,1.66,7.01,0
2055,D,2395,2022-06-27,-4.81,2.48,8.76,0
2055,D,2395,2024-07-22,-6.73,2.39,9.49,0
2055,D,2421,2022-10-24,-6.44,7.45,15.67,0
2055,D,2421,2024-01-29,14.27,12.77,25.13,0
2055,D,2449,2022-05-30,0.28,4.77,13.25,0
2055,D,2449,2023-02-13,13.69,4.91,19.2,0
2055,D,2449,2023-03-06,5.32,11.96,31.67,0
2055,D,2449,2023-05-29,3.66,14.3,26.65,0
2055,D,2449,2023-06-26,2.86,4.9,27.78,0
2055,D,2449,2024-03-11,-5.2,15.77,42.86,0
2055,D,2449,2024-06-24,-3.62,20.0,36.09,0
2055,D,2449,2024-07-08,-4.71,20.3,57.4,1
2055,D,2449,2025-11-03,-12.14,22.64,93.1,0
2055,D,2454,2021-02-01,4.45,4.68,14.27,0
2055,D,2454,2021-11-22,-7.5,10.29,28.57,0
2055,D,2454,2022-05-30,0.42,4.9,8.66,0
2055,D,2454,2022-10-17,-3.18,1.02,6.45,0
2055,D,2454,2023-09-18,-5.17,9.51,19.39,0
2055,D,2454,2023-10-16,-5.21,8.77,28.24,0
2055,D,2454,2023-10-30,5.78,6.16,28.1,0
2055,D,2454,2024-02-26,4.31,15.33,26.85,0
2055,D,2454,2024-05-13,10.1,7.63,19.0,0
2055,D,2454,2025-12-01,-4.04,15.09,26.2,0
2055,D,2454,2026-02-09,3.2,10.89,62.92,0
2055,D,2454,2026-04-27,42.67,35.15,66.21,0
2055,D,2454,2026-06-15,-13.72,7.12,205.12,0
2055,D,2455,2021-06-28,3.72,14.21,48.71,0
2055,D,2455,2023-01-09,8.72,14.74,49.81,0
2055,D,2455,2023-04-10,-5.77,11.93,47.56,0
2055,D,2455,2023-06-05,7.82,16.44,41.72,0
2055,D,2455,2023-07-31,-8.85,10.49,44.5,0
2055,D,2455,2024-06-24,3.44,14.98,28.95,0
2055,D,3013,2024-06-03,-7.73,11.81,96.68,0
2055,D,3013,2025-10-20,-7.75,9.63,16.81,0
2055,D,3017,2021-06-07,11.97,8.74,26.32,0
2055,D,3017,2021-09-06,9.68,8.98,14.35,0
2055,D,3017,2021-09-27,-5.9,11.1,26.17,0
2055,D,3017,2022-07-18,8.0,9.97,25.91,0
2055,D,3017,2023-04-17,-8.88,11.15,48.88,0
2055,D,3017,2023-05-08,-4.43,16.55,66.16,0
2055,D,3017,2024-04-15,1.66,7.74,95.56,0
2055,D,3017,2025-05-19,13.94,17.0,74.74,0
2055,D,3017,2025-06-09,8.29,9.98,100.29,0
2055,D,3017,2026-03-02,-6.23,13.63,37.89,0
2055,D,3034,2021-02-01,29.21,2.73,13.63,0
2055,D,3034,2021-03-29,3.84,9.94,55.77,0
2055,D,3034,2021-12-06,4.52,6.23,35.94,0
2055,D,3034,2022-10-31,22.91,0.94,12.88,0
2055,D,3034,2023-02-20,4.4,9.65,40.03,0
2055,D,3034,2023-04-17,-5.37,4.86,35.1,0
2055,D,3034,2023-09-11,3.81,6.93,12.32,0
2055,D,3034,2023-09-18,-5.15,7.67,17.3,0
2055,D,3034,2023-11-06,0.8,11.39,30.01,0
2055,D,3034,2023-11-27,-0.6,3.13,25.91,0
2055,D,3034,2024-01-15,-4.88,5.35,24.33,0
2055,D,3034,2024-02-26,-0.94,9.37,19.18,0
2055,D,3034,2024-03-18,-2.9,3.08,23.47,0
2055,D,3034,2024-12-23,-1.69,3.01,4.6,0
2055,D,3034,2026-06-15,9.24,1.85,33.78,0
2055,D,3035,2021-06-28,53.73,3.77,46.45,0
2055,D,3035,2021-10-18,14.91,17.77,63.57,0
2055,D,3035,2021-12-20,3.52,13.9,101.86,0
2055,D,3035,2023-10-16,-5.0,8.75,25.0,0
2055,D,3037,2021-04-26,9.06,9.5,18.67,0
2055,D,3037,2021-05-31,15.75,11.87,30.97,0
2055,D,3037,2021-08-02,-7.77,2.63,59.54,0
2055,D,3037,2023-05-08,12.68,13.56,25.78,0
2055,D,3037,2023-12-11,-3.39,6.02,24.48,0
2055,D,3037,2024-01-29,7.5,7.12,17.88,0
2055,D,3037,2024-04-01,-6.01,3.9,22.93,0
2055,D,3037,2024-10-28,-0.6,11.22,21.17,0
2055,D,3037,2025-09-15,4.3,2.38,30.68,0
2055,D,3037,2025-12-01,7.98,15.29,48.68,0
2055,D,3044,2021-09-13,-1.88,1.61,5.91,0
2055,D,3044,2022-01-24,-2.15,2.9,12.72,0
2055,D,3044,2022-12-12,-5.16,1.55,16.67,0
2055,D,3044,2023-07-31,8.81,31.3,68.13,0
2055,D,3044,2023-08-21,-1.14,11.18,68.31,0
2055,D,3044,2024-12-30,-1.35,1.76,8.77,0
2055,D,3081,2021-08-16,-8.08,1.83,9.38,1
2055,D,3081,2022-03-07,-4.25,0.12,6.42,0
2055,D,3081,2022-08-08,7.63,20.82,67.21,1
2055,D,3081,2024-02-05,17.54,25.0,35.15,0
2055,D,3081,2024-09-30,15.04,30.94,194.03,0
2055,D,3081,2025-01-20,-3.93,25.75,61.9,0
2055,D,3105,2021-12-13,-4.63,6.48,29.44,0
2055,D,3105,2023-01-09,13.1,17.71,49.56,1
2055,D,3105,2023-11-06,0.68,13.87,28.1,0
2055,D,3105,2025-12-22,21.26,20.58,108.29,1
2055,D,3105,2026-04-20,-5.97,42.95,181.9,3
2055,D,3131,2021-06-28,-1.33,7.31,46.07,0
2055,D,3131,2021-08-02,-5.19,4.07,55.08,0
2055,D,3131,2023-07-31,-17.12,13.45,101.45,0
2055,D,3131,2024-02-26,6.13,23.56,66.4,0
2055,D,3131,2024-07-22,0.85,2.35,45.43,0
2055,D,3131,2025-04-28,-5.75,8.32,25.17,0
2055,D,3131,2025-05-26,30.88,19.08,58.94,0
2055,D,3131,2025-06-16,2.55,22.98,109.27,0
2055,D,3131,2026-01-05,-1.44,18.28,32.21,1
2055,D,3163,2022-04-11,-5.78,4.96,23.87,0
2055,D,3189,2021-08-30,-2.78,13.18,78.49,0
2055,D,3189,2021-10-25,-1.41,14.66,54.09,0
2055,D,3189,2024-07-29,-12.71,10.16,32.55,0
2055,D,3189,2026-01-05,23.07,12.73,37.14,0
2055,D,3231,2022-01-17,4.18,3.08,5.98,0
2055,D,3231,2022-08-08,0.12,8.09,18.16,0
2055,D,3231,2024-01-22,11.35,19.11,30.61,0
2055,D,3231,2024-08-12,-3.02,2.57,18.22,0
2055,D,3231,2024-11-25,-10.18,6.23,32.45,0
2055,D,3231,2025-01-20,-11.64,6.51,10.84,0
2055,D,3231,2025-04-21,4.71,5.71,37.88,0
2055,D,3231,2026-06-01,0.54,20.94,42.04,2
2055,D,3231,2026-07-27,-10.15,15.9,38.48,0
2055,D,3289,2022-09-05,6.37,11.38,47.41,0
2055,D,3289,2022-10-03,-8.13,5.49,61.03,0
2055,D,3289,2022-10-17,-5.36,1.17,38.52,0
2055,D,3324,2023-04-17,-8.32,17.4,70.17,0
2055,D,3324,2024-03-11,14.44,25.19,97.17,1
2055,D,3324,2024-04-01,11.23,9.34,127.0,0
2055,D,3324,2025-09-15,3.12,17.66,30.96,0
2055,D,3324,2025-12-22,-5.21,9.7,21.6,0
2055,D,3338,2022-07-18,3.02,5.93,20.06,0
2055,D,3363,2024-10-07,8.95,20.1,61.74,1
2055,D,3363,2024-11-25,-7.84,8.57,44.27,1
2055,D,3443,2021-02-22,-7.02,15.7,28.86,1
2055,D,3443,2021-07-12,-8.22,9.3,54.26,0
2055,D,3443,2021-09-13,-0.06,8.56,25.89,0
2055,D,3443,2021-11-01,-4.84,13.73,65.94,0
2055,D,3443,2023-10-16,-7.84,17.45,37.2,0
2055,D,3443,2024-04-29,6.71,8.69,23.08,0
2055,D,3443,2024-05-20,-0.94,10.86,32.13,0
2055,D,3443,2024-06-03,-1.86,11.32,43.46,0
2055,D,3443,2024-10-21,-7.28,11.16,34.29,0
2055,D,3443,2025-08-25,1.7,6.69,22.07,1
2055,D,3443,2025-11-10,-2.7,19.81,62.93,1
2055,D,3443,2026-05-11,-15.95,40.06,164.67,1
2055,D,3529,2021-02-01,21.66,6.02,16.39,0
2055,D,3529,2021-05-03,-8.36,16.83,52.76,0
2055,D,3529,2021-10-04,5.44,6.93,64.58,0
2055,D,3529,2021-10-18,-0.37,8.02,81.25,0
2055,D,3529,2023-02-06,-7.17,15.65,55.36,0
2055,D,3529,2024-06-17,-4.44,14.33,40.93,0
2055,D,3529,2024-08-19,-7.1,12.69,31.31,0
2055,D,3529,2024-10-21,-1.52,15.2,63.13,0
2055,D,3529,2025-01-20,-10.54,6.74,22.99,0
2055,D,3529,2025-04-21,3.61,1.69,28.61,0
2055,D,3533,2021-04-26,-4.82,5.23,10.21,0
2055,D,3533,2021-05-10,-9.79,5.86,12.77,0
2055,D,3533,2021-05-17,9.91,1.24,9.42,0
2055,D,3533,2021-11-01,17.66,7.28,22.32,0
2055,D,3533,2021-11-29,-1.46,8.54,33.33,0
2055,D,3533,2022-06-13,-7.41,1.84,29.94,0
2055,D,3533,2023-08-21,6.22,8.82,13.92,0
2055,D,3533,2026-01-26,5.45,8.09,28.14,0
2055,D,3533,2026-03-30,17.54,20.03,74.8,0
2055,D,3583,2023-11-27,-2.41,12.16,21.94,0
2055,D,3583,2024-08-12,4.32,4.76,28.21,0
2055,D,3583,2024-09-23,-6.85,10.62,30.92,0
2055,D,3587,2022-10-31,0.85,5.97,22.22,1
2055,D,3587,2022-12-12,-5.73,12.71,46.22,0
2055,D,3587,2023-08-21,2.35,5.86,44.85,0
2055,D,3587,2024-08-12,2.61,5.52,16.28,0
2055,D,3587,2025-10-20,-7.73,4.25,21.01,0
2055,D,3653,2021-06-07,-5.89,15.09,42.2,0
2055,D,3653,2021-08-23,-8.39,3.2,14.39,0
2055,D,3653,2021-09-27,-0.44,5.77,15.79,0
2055,D,3653,2021-10-18,12.19,4.41,22.98,0
2055,D,3653,2021-11-29,-1.07,6.61,47.48,0
2055,D,3653,2022-06-27,-11.57,1.27,16.59,0
2055,D,3653,2023-02-06,-4.71,7.02,12.31,0
2055,D,3653,2023-03-27,-3.25,17.92,33.52,0
2055,D,3653,2023-05-29,-3.5,21.73,54.58,0
2055,D,3653,2023-12-18,1.33,12.46,27.89,0
2055,D,3653,2024-02-26,1.47,15.75,56.41,0
2055,D,3653,2025-06-16,-3.26,9.34,97.75,0
2055,D,3653,2025-08-25,28.28,20.07,37.69,1
2055,D,3653,2025-12-01,3.66,13.99,38.61,0
2055,D,3653,2026-02-02,3.61,13.85,35.55,0
2055,D,3653,2026-04-20,-1.79,23.61,115.45,1
2055,D,3661,2021-03-15,-5.38,6.66,37.04,0
2055,D,3661,2021-08-23,0.64,6.58,22.43,1
2055,D,3661,2021-10-18,5.48,5.32,69.98,0
2055,D,3661,2022-08-29,-0.94,18.68,55.34,0
2055,D,3661,2022-11-28,-4.17,8.68,53.45,0
2055,D,3661,2023-02-06,2.17,9.42,37.61,0
2055,D,3661,2023-05-15,11.18,7.12,50.0,0
2055,D,3661,2023-08-21,11.23,7.6,43.38,1
2055,D,3661,2023-10-30,12.03,3.69,52.59,0
2055,D,3661,2024-11-04,3.51,12.0,17.52,0
2055,D,3661,2024-12-09,19.47,15.02,44.2,0
2055,D,3661,2025-01-20,-7.35,2.34,68.35,0
2055,D,3661,2025-02-10,-3.45,11.95,62.62,0
2055,D,3661,2025-06-30,6.31,10.12,59.13,0
2055,D,3693,2026-01-12,-12.96,30.85,47.37,1
2055,D,3706,2021-02-22,-6.51,2.71,4.31,0
2055,D,3706,2024-11-25,-4.79,40.72,104.06,0
2055,D,3706,2025-08-25,3.05,16.66,69.59,0
2055,D,3711,2021-04-12,-3.69,4.53,34.09,0
2055,D,3711,2022-05-30,-1.56,6.35,12.2,0
2055,D,3711,2022-08-01,2.28,6.95,18.06,0
2055,D,3711,2022-11-21,4.47,10.35,30.11,0
2055,D,3711,2023-08-28,-5.19,7.28,14.47,0
2055,D,3711,2024-09-16,-2.53,3.69,18.46,0
2055,D,3711,2025-12-01,1.39,0.35,45.78,0
2055,D,4966,2021-05-10,9.02,11.24,21.3,0
2055,D,4966,2021-08-02,-5.96,10.03,35.91,0
2055,D,4966,2022-05-30,-7.4,5.55,17.18,0
2055,D,4966,2023-03-13,3.59,7.39,32.05,0
2055,D,4966,2023-09-25,1.34,5.34,31.24,0
2055,D,4966,2023-12-11,-0.6,6.92,16.77,0
2055,D,5269,2021-02-01,-6.87,8.63,21.85,0
2055,D,5269,2021-05-17,17.51,6.89,18.71,0
2055,D,5269,2021-08-02,-5.31,12.45,101.71,0
2055,D,5269,2021-11-22,-4.61,15.3,33.78,0
2055,D,5269,2022-02-14,-5.86,11.73,17.7,0
2055,D,5269,2022-03-21,3.2,3.67,20.0,0
2055,D,5269,2022-11-28,-2.46,9.51,36.56,0
2055,D,5269,2023-01-16,12.53,9.85,48.08,0
2055,D,5269,2023-10-30,-8.73,8.64,58.61,0
2055,D,5269,2024-01-08,4.44,4.29,47.92,0
2055,D,6139,2023-10-23,5.75,7.44,68.49,0
2055,D,6139,2024-01-08,-6.57,4.16,54.17,0
2055,D,6139,2025-01-06,5.75,9.02,16.05,0
2055,D,6139,2026-06-29,-8.09,18.19,84.72,0
2055,D,6187,2023-07-31,-23.7,19.69,139.91,0
2055,D,6187,2024-08-12,7.64,10.81,33.57,0
2055,D,6187,2024-09-16,14.35,25.84,100.0,0
2055,D,6213,2021-06-28,11.97,4.47,22.03,0
2055,D,6213,2024-04-01,7.76,23.01,33.42,0
2055,D,6213,2025-08-18,-6.38,30.01,62.19,2
2055,D,6230,2024-04-22,28.1,21.0,92.74,0
2055,D,6274,2021-02-22,-8.75,10.65,17.97,0
2055,D,6274,2023-01-16,2.58,7.93,48.75,0
2055,D,6274,2023-07-10,57.48,3.58,31.28,0
2055,D,6274,2023-09-25,0.49,7.7,83.89,0
2055,D,6274,2024-04-29,-7.1,4.84,48.6,0
2055,D,6274,2025-06-02,18.83,9.59,55.99,0
2055,D,6274,2025-09-01,-12.99,11.03,64.34,0
2055,D,6274,2025-12-22,5.75,6.95,52.35,0
2055,D,6274,2026-01-26,-3.9,6.31,35.63,0
2055,D,6274,2026-05-25,-4.64,25.09,256.42,3
2055,D,6274,2026-06-15,7.63,2.38,194.16,1
2055,D,6282,2021-10-04,-5.95,3.77,13.83,0
2055,D,6282,2023-04-24,-6.06,13.93,56.09,0
2055,D,6414,2021-11-29,-3.5,7.35,33.52,0
2055,D,6414,2022-04-18,-3.51,1.54,8.2,0
2055,D,6414,2022-06-27,-4.58,1.44,11.58,0
2055,D,6414,2023-11-20,-4.53,8.64,12.1,0
2055,D,6414,2024-02-26,-3.48,6.22,14.23,0
2055,D,6414,2024-06-03,-2.09,3.76,17.22,0
2055,D,6414,2026-07-20,15.11,5.62,34.89,0
2055,D,6442,2022-07-04,0.5,0.41,14.65,0
2055,D,6442,2024-10-14,-7.55,23.44,38.86,1
2055,D,6442,2024-10-21,-2.11,14.65,37.82,0
2055,D,6442,2024-11-04,-9.2,14.05,55.46,0
2055,D,6442,2024-11-25,-8.8,5.19,59.34,0
2055,D,6442,2025-10-20,3.23,4.23,52.49,0
2055,D,6442,2025-11-17,8.52,18.42,42.48,1
2055,D,6515,2022-01-03,-11.15,7.51,72.78,0
2055,D,6515,2024-04-15,-11.27,15.06,27.16,0
2055,D,6515,2024-09-09,7.92,10.31,49.21,0
2055,D,6515,2025-06-30,-11.96,9.56,83.95,0
2055,D,6515,2025-09-01,5.33,26.76,51.0,2
2055,D,6531,2021-03-29,-11.44,18.74,105.79,0
2055,D,6531,2021-08-02,-8.14,10.24,50.19,0
2055,D,6531,2023-02-20,5.44,20.68,69.7,0
2055,D,6531,2023-03-13,5.93,8.51,80.0,0
2055,D,6531,2023-07-31,-9.33,18.36,41.2,0
2055,D,6531,2023-09-18,-0.46,10.03,27.66,0
2055,D,6531,2024-01-08,5.86,5.7,35.71,0
2055,D,6531,2024-06-24,-1.51,8.08,15.58,0
2055,D,6531,2026-01-05,-5.47,16.85,39.85,0
2055,D,6531,2026-05-25,-4.84,10.76,161.79,2
2055,D,6643,2022-09-05,1.69,11.37,70.6,0
2055,D,6643,2022-11-07,33.06,17.57,29.67,1
2055,D,6643,2023-10-16,-3.24,9.12,14.72,0
2055,D,6643,2023-12-11,-6.76,14.44,43.4,1
2055,D,6643,2024-01-08,40.38,7.82,30.73,0
2055,D,6643,2024-06-03,-4.54,5.51,17.62,0
2055,D,6669,2021-11-15,0.53,9.61,24.33,0
2055,D,6669,2022-03-14,-8.8,5.09,14.83,0
2055,D,6669,2022-10-03,-2.2,3.76,20.87,0
2055,D,6669,2025-04-14,-7.88,4.53,21.66,0
2055,D,6669,2025-08-11,3.47,20.5,44.69,1
2055,D,6830,2023-04-24,-7.4,7.51,51.98,0
2055,D,6830,2023-08-07,-9.56,4.6,37.68,0
2055,D,8046,2021-06-07,9.43,12.77,31.1,0
2055,D,8046,2021-07-12,-5.01,10.08,59.4,0
2055,D,8046,2021-09-06,-10.13,14.61,34.31,0
2055,D,8046,2021-11-29,0.42,4.81,48.79,0
2055,D,8046,2023-03-13,2.2,6.84,21.18,0
2055,D,8046,2023-09-11,3.16,4.51,10.09,0
2055,D,8046,2023-11-27,4.6,1.45,5.05,0
2055,D,8046,2024-09-30,-4.78,6.17,16.8,0
2055,D,8046,2025-01-06,-8.46,18.12,32.38,0
2055,D,8046,2025-07-07,46.72,12.15,50.66,0
2055,D,8046,2026-01-19,15.03,26.52,35.61,2
2055,D,8046,2026-03-02,-17.32,27.65,130.7,0
2055,D,8046,2026-03-30,36.42,13.29,144.73,0
2055,D,8046,2026-04-20,17.38,29.69,204.4,1
2055,D,8046,2026-06-29,-1.06,19.47,90.54,0
2055,D,8210,2022-02-07,-2.49,12.75,23.37,0
2055,D,8210,2023-06-05,-1.03,20.43,51.04,0
2055,D,8210,2023-11-06,2.11,8.8,24.29,0
2055,D,8210,2024-05-13,5.42,7.7,24.22,0
2055,D,8210,2025-02-17,-1.96,13.18,23.0,0
2055,D,8210,2025-05-26,30.78,13.6,71.12,0
2055,D,8210,2025-11-10,-1.09,21.77,78.38,0
2055,D,8299,2021-02-22,0.31,10.31,33.38,0
2055,D,8299,2021-04-26,-1.98,15.23,52.18,0
2055,D,8299,2021-12-13,2.52,11.18,39.37,0
2055,D,8299,2023-09-04,6.14,11.17,19.41,0
2055,D,8299,2023-12-11,-0.7,7.28,16.37,0
2055,D,8299,2025-02-17,1.42,12.15,37.45,0
2055,D,8299,2025-03-10,-4.77,10.28,37.16,0
2055,D,8299,2025-09-15,4.04,28.48,41.28,0
2055,D,8299,2026-01-26,2.76,19.63,105.57,0
2055,D,8996,2022-03-07,3.82,7.9,13.17,0
2055,D,8996,2024-04-29,7.73,11.21,80.42,0
2055,D,8996,2024-09-09,-7.32,10.78,41.49,1
2055,D,8996,2025-08-11,7.45,18.25,47.93,1
2055,D,8996,2026-02-09,-1.05,16.54,91.13,1
2055,D,8996,2026-04-13,2.13,20.89,93.83,0
2055,D,8996,2026-06-15,8.51,10.17,63.45,1
2403,D,1503,2022-06-20,0.06,0.5,17.88,0
2403,D,1503,2023-05-08,28.57,21.27,86.44,0
2403,D,1503,2024-06-24,-0.26,14.65,25.81,0
2403,D,1513,2022-07-04,-3.64,8.71,19.96,0
2403,D,1513,2022-08-01,4.45,11.46,34.37,0
2403,D,1513,2022-08-22,-3.49,9.05,46.95,0
2403,D,1513,2022-12-12,-0.6,8.83,30.48,0
2403,D,1513,2022-12-26,12.85,3.5,35.58,0
2403,D,1513,2023-02-13,14.37,8.71,60.54,0
2403,D,1513,2023-04-10,5.77,5.43,51.49,0
2403,D,1513,2023-11-27,4.0,16.02,27.68,0
2403,D,1513,2025-05-19,8.26,12.89,42.25,0
2403,D,1519,2023-12-04,8.88,17.0,38.17,0
2403,D,1519,2024-01-29,32.7,8.72,68.66,0
2403,D,1519,2025-06-16,6.18,10.97,64.23,0
2403,D,1519,2025-11-03,-10.59,30.59,42.65,2
2403,D,1560,2022-06-13,-6.9,13.65,40.85,0
2403,D,1560,2023-10-02,4.68,14.27,36.69,0
2403,D,1560,2024-01-15,-4.63,7.21,21.23,0
2403,D,1560,2024-06-03,-1.11,11.02,31.22,0
2403,D,1560,2024-11-25,-6.81,0.56,6.67,0
2403,D,1609,2024-08-12,-0.67,3.21,18.52,0
2403,D,2059,2021-05-10,3.79,6.11,25.08,0
2403,D,2059,2021-08-09,-4.31,1.0,3.59,0
2403,D,2059,2024-01-22,-7.63,17.24,57.16,0
2403,D,2059,2024-11-25,1.1,8.64,40.87,0
2403,D,2059,2025-02-17,9.03,16.96,35.0,0
2403,D,2059,2025-04-21,23.87,0.86,36.51,0
2403,D,2059,2025-07-21,13.52,17.36,43.27,0
2403,D,2059,2026-05-11,-9.78,37.13,89.69,0
2403,D,2301,2021-05-10,-7.83,2.48,20.22,0
2403,D,2301,2022-09-05,-1.33,2.07,24.8,0
2403,D,2301,2022-09-19,-3.64,2.96,26.84,0
2403,D,2301,2024-01-08,-7.11,0.28,14.5,0
2403,D,2303,2021-04-12,5.15,8.25,17.67,0
2403,D,2303,2021-08-09,-7.5,12.42,45.42,0
2403,D,2303,2022-03-21,-1.71,1.87,7.65,0
2403,D,2303,2023-01-30,0.93,13.0,28.08,0
2403,D,2303,2023-10-16,-1.34,2.72,8.64,0
2403,D,2303,2024-08-12,-3.14,4.92,10.83,0
2403,D,2303,2025-03-10,-3.58,5.36,12.34,0
2403,D,2303,2025-04-14,-2.62,0.45,11.03,0
2403,D,2308,2021-06-28,-1.27,0.03,12.29,0
2403,D,2308,2022-10-17,-5.23,1.4,8.27,0
2403,D,2308,2024-06-24,9.57,9.26,30.89,0
2403,D,2308,2024-12-16,-3.86,7.37,16.39,0
2403,D,2308,2025-07-14,41.85,9.22,55.29,0
2403,D,2308,2025-12-01,-3.46,3.3,43.09,0
2403,D,2313,2021-11-01,-1.54,11.78,19.27,0
2403,D,2313,2022-07-18,-2.94,9.61,19.02,0
2403,D,2313,2023-11-20,12.18,13.84,44.83,0
2403,D,2313,2025-10-20,-4.27,8.54,38.56,0
2403,D,2313,2025-12-22,-4.1,12.27,34.59,1
2403,D,2313,2026-01-26,-1.16,40.03,131.68,0
2403,D,2313,2026-02-23,1.58,20.09,168.32,1
2403,D,2313,2026-05-25,-13.75,17.75,63.11,0
2403,D,2317,2021-03-22,-7.1,10.52,30.13,0
2403,D,2317,2022-05-09,8.96,1.32,4.0,0
2403,D,2317,2023-06-26,-4.82,5.65,13.24,0
2403,D,2317,2024-03-11,40.25,5.36,11.05,0
2403,D,2317,2024-04-29,13.2,4.85,57.71,0
2403,D,2317,2024-07-08,-5.21,11.99,64.76,0
2403,D,2317,2024-10-28,-4.3,6.16,31.5,0
2403,D,2317,2025-04-28,10.21,3.67,26.67,0
2403,D,2317,2025-08-18,-3.67,13.88,43.65,0
2403,D,2317,2026-07-27,-6.49,4.59,14.52,0
2403,D,2324,2021-03-08,20.26,2.0,7.69,0
2403,D,2324,2021-08-23,0.29,2.65,4.44,0
2403,D,2324,2022-01-10,0.6,2.79,7.34,0
2403,D,2324,2022-12-26,-1.03,3.92,11.92,0
2403,D,2324,2023-02-13,2.13,2.53,13.4,0
2403,D,2324,2023-08-14,5.47,4.7,24.05,0
2403,D,2324,2024-08-26,-5.9,6.54,14.21,0
2403,D,2324,2024-09-09,0.0,1.29,12.01,0
2403,D,2330,2021-02-01,1.68,1.16,13.99,0
2403,D,2330,2021-09-06,-4.38,6.89,14.31,0
2403,D,2330,2022-01-17,-5.26,8.05,16.89,0
2403,D,2330,2024-01-08,7.07,0.03,10.99,0
2403,D,2330,2025-10-20,-1.94,7.44,32.08,0
2403,D,2337,2021-02-01,10.83,1.25,5.89,0
2403,D,2337,2021-04-12,-4.63,4.85,22.51,0
2403,D,2337,2021-06-07,0.09,7.87,23.93,0
2403,D,2337,2021-08-02,-2.85,2.99,26.36,0
2403,D,2337,2022-02-21,-7.6,7.26,15.8,0
2403,D,2337,2022-08-01,-3.6,7.89,20.36,0
2403,D,2337,2022-10-17,-8.37,4.53,12.03,0
2403,D,2337,2023-08-28,5.94,1.05,3.66,0
2403,D,2337,2026-01-12,12.56,38.82,128.79,0
2403,D,2337,2026-02-09,16.98,14.29,170.73,1
2403,D,2345,2021-11-01,10.64,2.85,10.04,0
2403,D,2345,2022-08-15,-2.56,9.29,40.09,0
2403,D,2345,2022-09-12,-4.27,2.9,42.85,0
2403,D,2345,2023-07-24,18.11,7.41,42.38,0
2403,D,2345,2023-09-25,-0.08,1.78,39.84,0
2403,D,2345,2024-09-16,-3.85,6.14,23.18,0
2403,D,2345,2024-10-21,-1.46,6.69,29.45,0
2403,D,2345,2025-05-05,19.05,15.29,40.69,0
2403,D,2345,2026-02-09,-0.6,10.69,43.88,1
2403,D,2345,2026-05-04,-5.76,24.3,124.66,1
2403,D,2353,2021-04-12,4.44,7.32,38.22,0
2403,D,2353,2021-05-10,-11.19,4.18,38.86,0
2403,D,2353,2021-10-18,2.15,2.64,6.3,0
2403,D,2353,2021-11-29,4.41,3.03,16.81,0
2403,D,2353,2022-02-21,-4.72,2.39,12.29,0
2403,D,2353,2022-03-21,-3.88,4.25,11.4,0
2403,D,2353,2022-10-03,-0.83,0.51,5.3,0
2403,D,2353,2022-11-07,0.63,9.39,16.63,0
2403,D,2353,2023-12-18,28.79,9.15,15.43,0
2403,D,2356,2021-03-08,3.46,6.61,12.72,0
2403,D,2356,2021-08-16,1.08,0.59,2.37,0
2403,D,2356,2021-09-27,-2.69,5.42,12.5,0
2403,D,2356,2022-01-10,-2.36,1.35,2.83,0
2403,D,2356,2022-05-09,-3.1,2.17,5.3,0
2403,D,2356,2022-10-31,-4.67,5.32,8.2,0
2403,D,2356,2022-12-12,5.01,1.29,9.98,0
2403,D,2356,2024-11-04,9.46,2.14,11.12,0
2403,D,2356,2025-12-01,2.45,3.69,8.63,0
2403,D,2357,2021-03-08,15.15,6.39,25.7,0
2403,D,2357,2022-12-26,-1.51,0.48,20.89,0
2403,D,2357,2023-05-15,3.99,6.81,16.28,0
2403,D,2357,2023-08-07,8.66,10.72,38.25,0
2403,D,2357,2024-08-26,-2.24,10.35,26.1,0
2403,D,2357,2024-11-04,0.4,1.59,36.85,0
2403,D,2359,2022-03-07,-10.39,17.14,59.3,0
2403,D,2360,2022-01-24,-8.82,2.95,20.17,0
2403,D,2360,2023-06-19,-5.8,13.37,50.88,0
2403,D,2360,2025-06-30,-8.12,22.61,102.13,0
2403,D,2360,2025-08-04,-1.3,16.12,59.47,1
2403,D,2360,2025-09-01,-1.84,7.73,68.6,0
2403,D,2368,2021-03-08,-7.39,7.13,14.04,0
2403,D,2368,2022-01-03,-4.02,6.13,23.46,0
2403,D,2368,2022-03-21,-1.21,3.24,13.9,0
2403,D,2368,2022-09-26,-8.59,8.37,32.42,0
2403,D,2368,2022-10-03,-9.82,4.3,23.25,0
2403,D,2368,2023-04-24,-6.96,5.06,23.49,0
2403,D,2368,2023-09-25,-2.25,4.09,42.09,0
2403,D,2368,2024-06-24,8.83,4.18,12.36,0
2403,D,2368,2024-12-09,9.88,9.19,18.26,0
2403,D,2368,2025-06-09,-5.95,13.04,95.44,0
2403,D,2368,2025-06-30,4.62,9.42,111.73,0
2403,D,2368,2025-11-10,4.56,10.74,20.8,0
2403,D,2368,2025-12-22,-1.67,7.4,62.91,0
2403,D,2368,2026-02-09,-1.85,15.3,57.2,0
2403,D,2376,2021-04-12,-0.6,6.89,36.84,0
2403,D,2376,2021-04-26,-1.87,12.55,53.95,0
2403,D,2376,2021-11-08,0.15,19.25,63.8,0
2403,D,2376,2021-12-13,-8.36,14.57,91.62,0
2403,D,2376,2022-09-12,-1.8,7.2,28.48,0
2403,D,2376,2023-04-10,-3.88,8.7,29.38,0
2403,D,2376,2023-06-05,14.44,27.22,80.77,0
2403,D,2376,2024-02-19,-9.14,21.44,60.39,0
2403,D,2376,2025-03-10,-4.69,1.41,13.14,0
2403,D,2382,2021-10-04,-1.11,0.43,5.6,0
2403,D,2382,2023-04-24,14.14,2.22,23.98,0
2403,D,2382,2023-05-15,42.58,10.56,34.66,0
2403,D,2382,2023-06-19,6.36,20.72,89.18,0
2403,D,2382,2024-10-21,-4.46,12.02,29.02,0
2403,D,2382,2025-04-21,13.97,1.92,29.97,0
2403,D,2383,2023-06-12,-2.08,15.58,53.42,0
2403,D,2383,2023-07-10,58.86,12.86,80.78,0
2403,D,2383,2024-01-22,2.71,15.23,21.48,1
2403,D,2383,2024-02-05,-1.6,19.37,38.77,0
2403,D,2383,2024-12-02,16.56,11.68,21.59,0
2403,D,2383,2025-01-20,-8.84,0.74,43.74,0
2403,D,2383,2025-02-10,-6.45,3.47,44.17,0
2403,D,2383,2025-05-05,24.45,19.61,53.07,0
2403,D,2383,2025-09-15,-5.13,8.15,59.74,0
2403,D,2383,2025-11-17,-8.82,10.84,31.22,0
2403,D,2383,2026-02-09,4.66,17.7,58.78,0
2403,D,2383,2026-04-27,-3.01,34.8,203.21,0
2403,D,2385,2021-03-08,5.22,3.77,9.57,0
2403,D,2385,2022-12-12,1.4,2.49,7.22,0
2403,D,2385,2023-02-13,2.6,3.1,11.91,0
2403,D,2385,2023-10-23,22.25,4.31,25.0,0
2403,D,2385,2024-01-08,-0.32,0.77,49.58,0
2403,D,2385,2024-03-11,5.29,16.46,36.76,0
2403,D,2395,2021-08-23,0.75,2.23,18.04,0
2403,D,2395,2022-04-25,-8.44,1.66,7.01,0
2403,D,2395,2022-12-26,-2.96,1.68,21.66,0
2403,D,2395,2024-06-03,-3.76,1.85,3.58,0
2403,D,2395,2024-07-22,-6.73,2.39,9.49,0
2403,D,2404,2022-06-13,-2.21,3.48,7.87,0
2403,D,2404,2023-04-24,2.41,1.01,9.97,0
2403,D,2404,2023-10-23,1.92,2.49,11.79,0
2403,D,2404,2024-01-15,-2.57,2.54,17.12,0
2403,D,2404,2024-03-11,-2.53,26.8,55.76,0
2403,D,2404,2025-03-31,-10.29,4.32,11.61,0
2403,D,2404,2025-04-21,-4.1,1.87,11.12,0
2403,D,2404,2025-08-25,-2.82,17.19,110.67,0
2403,D,2404,2026-06-15,-9.24,16.85,68.09,0
2403,D,2412,2021-08-09,-1.87,1.45,4.91,0
2403,D,2412,2021-10-04,-1.49,0.02,1.58,0
2403,D,2412,2022-01-10,1.11,1.0,5.91,0
2403,D,2412,2022-04-11,-2.51,2.73,12.55,0
2403,D,2412,2022-07-04,-2.56,3.51,6.18,0
2403,D,2412,2022-10-31,-3.28,1.42,3.74,0
2403,D,2412,2022-12-12,0.73,1.56,5.14,0
2403,D,2412,2023-08-28,-1.02,0.11,2.63,0
2403,D,2412,2024-04-22,-2.18,0.08,5.91,0
2403,D,2412,2024-07-22,1.88,0.43,1.69,0
2403,D,2412,2024-11-25,-1.0,0.61,1.23,0
2403,D,2412,2025-03-10,-3.7,0.93,4.49,0
2403,D,2412,2026-07-20,-2.39,2.22,6.55,0
2403,D,2421,2022-10-24,-6.44,7.45,15.67,0
2403,D,2421,2024-01-29,6.2,12.77,25.13,0
2403,D,2436,2021-04-26,-12.52,31.05,107.51,0
2403,D,2436,2021-11-15,-7.04,27.34,58.59,0
2403,D,2449,2021-05-10,-12.0,3.71,29.25,0
2403,D,2449,2021-11-01,5.85,2.93,8.97,0
2403,D,2449,2023-02-13,15.66,4.91,19.2,0
2403,D,2449,2023-03-13,-0.7,10.81,36.04,0
2403,D,2449,2024-03-11,-5.2,15.77,42.86,0
2403,D,2449,2024-06-24,-3.62,20.0,36.09,0
2403,D,2449,2024-07-08,-4.71,20.3,57.4,1
2403,D,2449,2025-08-25,21.78,5.28,52.23,0
2403,D,2449,2025-11-03,-12.14,22.64,93.1,0
2403,D,2454,2021-02-01,3.25,4.68,14.27,0
2403,D,2454,2022-10-17,-3.18,1.02,6.45,0
2403,D,2454,2024-02-26,0.74,15.33,26.85,0
2403,D,2454,2024-05-13,10.1,7.63,19.0,0
2403,D,2454,2025-01-20,5.94,2.28,19.45,0
2403,D,2454,2025-12-01,-4.04,15.09,26.2,0
2403,D,2454,2026-02-09,-1.41,10.89,62.92,0
2403,D,2454,2026-04-27,42.67,35.15,66.21,0
2403,D,2454,2026-06-15,-13.72,7.12,205.12,0
2403,D,2455,2021-07-12,-4.96,11.24,59.48,0
2403,D,2455,2022-03-14,-4.39,2.39,8.26,0
2403,D,2455,2023-04-10,-5.77,11.93,47.56,0
2403,D,2455,2023-06-12,-1.65,16.47,46.81,0
2403,D,2455,2023-07-31,-8.85,10.49,44.5,0
2403,D,2455,2024-03-04,-7.74,20.15,48.36,0
2403,D,2455,2024-06-24,3.44,14.98,28.95,0
2403,D,2458,2021-04-12,6.39,5.43,42.14,0
2403,D,2458,2023-09-11,-2.04,13.72,42.4,0
2403,D,2458,2023-10-30,-8.06,5.34,33.75,0
2403,D,2458,2023-12-25,-2.43,4.37,23.51,0
2403,D,2458,2026-05-25,-3.64,12.08,41.46,0
2403,D,2480,2024-07-29,-4.37,1.56,4.41,0
2403,D,2492,2021-02-22,-9.51,17.17,26.53,0
2403,D,2492,2023-11-06,-6.63,14.12,37.22,0
2403,D,2492,2024-04-01,-9.02,14.52,20.98,1
2403,D,2492,2026-05-25,21.2,67.75,182.02,4
2403,D,2492,2026-06-15,19.41,20.8,294.3,1
2403,D,3005,2023-04-17,-2.98,7.94,41.54,0
2403,D,3005,2025-04-28,-2.45,5.71,29.99,0
2403,D,3005,2025-08-18,22.58,5.24,15.0,0
2403,D,3013,2024-06-03,-7.73,11.81,96.68,0
2403,D,3013,2025-10-20,-7.75,9.63,16.81,0
2403,D,3017,2021-06-07,7.13,8.74,26.32,0
2403,D,3017,2021-09-06,-4.24,8.98,14.35,0
2403,D,3017,2022-05-23,-1.49,6.04,10.89,0
2403,D,3017,2022-07-18,8.0,9.97,25.91,0
2403,D,3017,2022-09-19,-2.79,3.34,42.65,0
2403,D,3017,2023-05-08,-4.43,16.55,66.16,0
2403,D,3017,2024-01-22,33.23,14.89,34.22,1
2403,D,3017,2024-03-04,2.99,15.4,93.71,0
2403,D,3017,2025-05-05,34.85,16.69,47.43,0
2403,D,3017,2025-06-09,18.2,9.98,100.29,0
2403,D,3017,2025-07-14,34.29,8.13,108.03,0
2403,D,3017,2025-12-22,-1.95,6.83,56.75,0
2403,D,3034,2021-02-01,24.83,2.73,13.63,0
2403,D,3034,2021-03-29,3.84,9.94,55.77,0
2403,D,3034,2021-12-06,2.35,6.23,35.94,0
2403,D,3034,2022-10-31,21.67,0.94,12.88,0
2403,D,3034,2023-02-13,6.85,6.29,33.51,0
2403,D,3034,2023-11-27,-0.6,3.13,25.91,0
2403,D,3034,2024-01-15,-4.88,5.35,24.33,0
2403,D,3034,2024-12-23,-1.69,3.01,4.6,0
2403,D,3034,2026-06-15,9.24,1.85,33.78,0
2403,D,3034,2026-07-27,4.01,4.17,30.19,0
2403,D,3035,2021-05-03,-5.3,16.57,41.01,0
2403,D,3035,2021-06-28,43.31,3.77,46.45,0
2403,D,3035,2022-10-31,14.45,7.41,19.83,0
2403,D,3035,2023-06-19,66.43,14.05,27.38,0
2403,D,3035,2023-10-16,-5.0,8.75,25.0,0
2403,D,3037,2021-08-02,-7.77,2.63,59.54,0
2403,D,3037,2023-05-08,9.28,13.56,25.78,0
2403,D,3037,2023-12-11,-3.39,6.02,24.48,0
2403,D,3037,2024-01-29,-0.04,7.12,17.88,0
2403,D,3037,2024-03-25,-3.86,7.87,26.11,0
2403,D,3037,2024-10-28,-0.6,11.22,21.17,0
2403,D,3037,2025-08-18,-6.55,4.35,43.75,0
2403,D,3037,2025-09-15,4.3,2.38,30.68,0
2403,D,3037,2025-12-01,7.98,15.29,48.68,0
2403,D,3044,2022-01-24,-0.98,2.9,12.72,0
2403,D,3044,2022-12-12,-5.16,1.55,16.67,0
2403,D,3044,2023-07-31,9.11,31.3,68.13,0
2403,D,3044,2023-11-13,-3.11,12.46,20.43,0
2403,D,3044,2024-12-30,-1.35,1.76,8.77,0
2403,D,3081,2022-03-07,-4.25,0.12,6.42,0
2403,D,3081,2022-08-08,7.63,20.82,67.21,1
2403,D,3081,2024-02-05,17.54,25.0,35.15,0
2403,D,3081,2024-09-30,15.04,30.94,194.03,0
2403,D,3081,2025-01-20,-3.93,25.75,61.9,0
2403,D,3105,2021-12-13,-4.63,6.48,29.44,0
2403,D,3105,2022-06-06,-8.67,14.08,23.81,0
2403,D,3105,2023-01-16,-2.26,17.84,57.02,0
2403,D,3105,2023-11-06,0.68,13.87,28.1,0
2403,D,3105,2024-07-08,-3.66,10.46,30.29,0
2403,D,3105,2025-12-01,18.08,12.6,61.14,0
2403,D,3105,2025-12-22,9.29,20.58,108.29,1
2403,D,3131,2021-08-02,-5.19,4.07,55.08,0
2403,D,3131,2023-07-31,-17.12,13.45,101.45,0
2403,D,3131,2024-02-26,6.13,23.56,66.4,0
2403,D,3131,2024-07-01,2.91,12.79,56.35,0
2403,D,3131,2024-07-22,0.85,2.35,45.43,0
2403,D,3131,2025-04-28,-5.75,8.32,25.17,0
2403,D,3131,2025-05-26,23.84,19.08,58.94,0
2403,D,3131,2026-01-05,-1.44,18.28,32.21,1
2403,D,3189,2021-03-08,23.98,4.16,24.09,0
2403,D,3189,2021-08-30,-2.78,13.18,78.49,0
2403,D,3189,2024-07-29,-12.71,10.16,32.55,0
2403,D,3189,2024-10-21,-9.2,8.04,27.2,1
2403,D,3189,2025-08-25,-2.45,3.51,40.87,0
2403,D,3189,2025-10-20,-9.49,24.64,51.0,0
2403,D,3189,2026-01-05,60.05,12.73,37.14,0
2403,D,3189,2026-05-04,38.34,21.33,155.29,0
2403,D,3227,2025-02-17,-9.32,14.49,42.5,0
2403,D,3227,2025-09-15,10.6,8.72,18.21,0
2403,D,3231,2021-03-08,5.5,1.27,6.35,0
2403,D,3231,2022-01-17,1.54,3.08,5.98,0
2403,D,3231,2024-01-22,4.52,19.11,30.61,0
2403,D,3231,2024-08-12,-8.84,2.57,18.22,0
2403,D,3231,2024-11-04,0.26,5.77,30.78,0
2403,D,3231,2024-11-25,-10.18,6.23,32.45,0
2403,D,3231,2025-01-20,-11.64,6.51,10.84,0
2403,D,3231,2025-04-21,7.12,5.71,37.88,0
2403,D,3231,2026-06-01,0.54,20.94,42.04,2
2403,D,3231,2026-07-27,-10.15,15.9,38.48,0
2403,D,3289,2022-10-03,-8.13,5.49,61.03,0
2403,D,3289,2022-10-17,-5.36,1.17,38.52,0
2403,D,3324,2024-03-11,28.05,25.19,97.17,1
2403,D,3324,2024-12-02,-2.29,5.04,28.36,0
2403,D,3324,2025-09-15,3.12,17.66,30.96,0
2403,D,3324,2025-12-22,-5.21,9.7,21.6,0
2403,D,3363,2023-05-22,5.34,20.15,79.41,0
2403,D,3363,2024-10-07,8.95,20.1,61.74,1
2403,D,3363,2024-11-25,-7.84,8.57,44.27,1
2403,D,3374,2022-04-18,6.67,5.84,11.59,0
2403,D,3374,2022-06-06,-5.4,4.44,24.58,0
2403,D,3374,2024-07-29,7.01,2.11,83.0,0
2403,D,3380,2022-07-25,-2.04,12.45,33.34,0
2403,D,3413,2021-04-12,-10.92,14.1,28.57,0
2403,D,3413,2021-07-05,2.03,4.84,28.53,0
2403,D,3413,2022-01-10,-0.19,1.84,24.62,0
2403,D,3413,2024-02-26,-2.4,11.62,28.76,0
2403,D,3413,2024-04-01,-8.77,9.92,49.39,0
2403,D,3443,2021-09-13,-0.06,8.56,25.89,0
2403,D,3443,2021-11-01,-4.84,13.73,65.94,0
2403,D,3443,2022-05-09,17.06,3.8,21.67,0
2403,D,3443,2023-03-20,-6.12,6.8,83.96,0
2403,D,3443,2024-04-29,11.83,8.69,23.08,0
2403,D,3443,2024-06-03,-1.86,11.32,43.46,0
2403,D,3443,2024-10-21,-7.28,11.16,34.29,0
2403,D,3443,2024-12-16,-1.69,10.21,36.77,0
2403,D,3443,2025-08-25,1.7,6.69,22.07,1
2403,D,3443,2025-11-10,-2.7,19.81,62.93,1
2403,D,3443,2026-05-11,-15.95,40.06,164.67,1
2403,D,3529,2021-02-01,14.1,6.02,16.39,0
2403,D,3529,2021-05-03,-8.36,16.83,52.76,0
2403,D,3529,2023-02-06,-7.17,15.65,55.36,0
2403,D,3529,2024-06-17,-4.44,14.33,40.93,0
2403,D,3529,2024-08-19,-7.1,12.69,31.31,0
2403,D,3529,2024-10-21,-1.52,15.2,63.13,0
2403,D,3529,2025-01-20,-10.54,6.74,22.99,0
2403,D,3529,2025-04-21,3.61,1.69,28.61,0
2403,D,3529,2026-04-13,27.56,14.72,112.08,0
2403,D,3532,2021-11-29,15.01,25.18,68.06,0
2403,D,3532,2022-03-21,-7.26,24.7,48.55,0
2403,D,3532,2024-04-29,-6.62,6.02,17.86,0
2403,D,3533,2021-04-26,-4.82,5.23,10.21,0
2403,D,3533,2021-05-10,-9.79,5.86,12.77,0
2403,D,3533,2021-05-17,9.32,1.24,9.42,0
2403,D,3533,2021-11-01,11.18,7.28,22.32,0
2403,D,3533,2021-11-29,7.4,8.54,33.33,0
2403,D,3533,2022-09-19,-7.06,6.35,39.7,0
2403,D,3533,2023-08-21,8.33,8.82,13.92,0
2403,D,3533,2024-03-25,10.84,14.8,45.09,0
2403,D,3533,2026-01-26,5.45,8.09,28.14,0
2403,D,3533,2026-03-30,10.15,20.03,74.8,0
2403,D,3583,2024-08-12,4.32,4.76,28.21,0
2403,D,3583,2024-09-23,-6.85,10.62,30.92,0
2403,D,3587,2022-10-31,-0.24,5.97,22.22,1
2403,D,3587,2022-12-12,-5.73,12.71,46.22,0
2403,D,3587,2024-08-12,0.29,5.52,16.28,0
2403,D,3587,2025-10-20,-7.73,4.25,21.01,0
2403,D,3653,2021-05-17,15.77,0.25,15.6,0
2403,D,3653,2021-08-23,-8.39,3.2,14.39,0
2403,D,3653,2021-09-27,-0.44,5.77,15.79,0
2403,D,3653,2021-10-18,12.19,4.41,22.98,0
2403,D,3653,2021-11-29,-1.07,6.61,47.48,0
2403,D,3653,2022-03-28,-6.66,10.59,29.54,0
2403,D,3653,2023-02-06,-4.71,7.02,12.31,0
2403,D,3653,2023-03-27,-4.47,17.92,33.52,0
2403,D,3653,2023-05-29,-3.5,21.73,54.58,0
2403,D,3653,2023-12-18,1.33,12.46,27.89,0
2403,D,3653,2024-02-26,1.47,15.75,56.41,0
2403,D,3653,2025-08-25,28.28,20.07,37.69,1
2403,D,3653,2025-12-01,3.66,13.99,38.61,0
2403,D,3653,2026-02-02,3.61,13.85,35.55,0
2403,D,3661,2021-08-23,0.64,6.58,22.43,1
2403,D,3661,2021-10-18,5.48,5.32,69.98,0
2403,D,3661,2022-08-29,-0.94,18.68,55.34,0
2403,D,3661,2022-11-28,-4.17,8.68,53.45,0
2403,D,3661,2023-02-06,2.17,9.42,37.61,0
2403,D,3661,2023-05-15,11.18,7.12,50.0,0
2403,D,3661,2023-08-21,11.23,7.6,43.38,1
2403,D,3661,2023-10-30,12.03,3.69,52.59,0
2403,D,3661,2024-11-04,3.51,12.0,17.52,0
2403,D,3661,2024-12-09,15.19,15.02,44.2,0
2403,D,3661,2025-01-20,-7.35,2.34,68.35,0
2403,D,3661,2025-06-30,6.31,10.12,59.13,0
2403,D,3661,2025-08-18,-13.99,8.15,60.53,0
2403,D,3680,2022-05-30,-6.22,14.15,22.43,0
2403,D,3680,2022-08-08,2.78,13.57,48.81,0
2403,D,3680,2023-03-20,-0.6,13.53,41.3,0
2403,D,3680,2023-06-12,0.25,8.94,23.88,0
2403,D,3680,2023-09-25,9.48,0.35,9.21,0
2403,D,3680,2024-09-16,-0.94,6.29,38.31,0
2403,D,3680,2026-01-05,0.99,19.86,29.52,1
2403,D,3706,2024-11-25,-4.79,40.72,104.06,0
2403,D,3706,2025-08-25,3.05,16.66,69.59,0
2403,D,3711,2022-06-06,-2.98,6.31,13.83,0
2403,D,3711,2022-11-21,4.47,10.35,30.11,0
2403,D,3711,2023-08-28,-5.19,7.28,14.47,0
2403,D,3711,2025-10-20,16.8,14.66,39.37,0
2403,D,3711,2025-12-01,1.39,0.35,45.78,0
2403,D,4755,2024-07-08,-5.92,8.7,12.5,0
2403,D,4755,2025-06-30,0.72,4.95,41.36,0
2403,D,4958,2022-03-21,-3.8,13.45,19.23,0
2403,D,4958,2022-05-23,5.79,2.93,19.78,0
2403,D,4958,2024-05-13,-5.08,5.22,24.49,0
2403,D,4958,2026-03-30,68.08,16.44,61.21,0
2403,D,4966,2021-05-03,-9.18,14.26,20.87,0
2403,D,4966,2021-05-10,2.96,11.24,21.3,0
2403,D,4966,2021-08-02,-7.66,10.03,35.91,0
2403,D,4966,2023-03-13,3.59,7.39,32.05,0
2403,D,4966,2023-09-25,1.34,5.34,31.24,0
2403,D,4966,2023-12-11,-0.6,6.92,16.77,0
2403,D,4979,2022-07-04,-9.63,31.3,47.71,1
2403,D,4979,2022-07-11,-3.36,27.18,54.29,0
2403,D,4979,2023-07-24,-4.85,34.51,330.55,0
2403,D,4979,2023-10-30,6.86,7.15,27.49,0
2403,D,4979,2024-09-30,-0.25,13.04,79.5,0
2403,D,4979,2024-11-25,11.53,12.24,62.32,1
2403,D,4979,2025-01-20,10.8,4.44,43.73,0
2403,D,4979,2026-02-09,22.89,12.43,81.02,0
2403,D,4979,2026-04-20,-11.69,57.16,167.67,4
2403,D,4991,2024-12-30,-6.65,17.44,209.05,0
2403,D,4991,2025-12-22,3.4,22.76,62.69,1
2403,D,4991,2026-04-20,-12.82,43.88,261.1,2
2403,D,5227,2022-09-26,10.62,7.84,17.12,0
2403,D,5227,2022-10-17,-10.69,14.55,43.5,0
2403,D,5269,2021-02-01,-6.87,8.63,21.85,0
2403,D,5269,2021-05-17,17.51,6.89,18.71,0
2403,D,5269,2021-08-02,-5.31,12.45,101.71,0
2403,D,5269,2021-11-22,-4.61,15.3,33.78,0
2403,D,5269,2022-02-14,-5.86,11.73,17.7,0
2403,D,5269,2022-11-28,-2.46,9.51,36.56,0
2403,D,5269,2023-01-16,12.53,9.85,48.08,0
2403,D,5269,2024-01-08,4.44,4.29,47.92,0
2403,D,5269,2024-12-16,3.87,8.84,28.14,0
2403,D,5347,2021-04-12,-1.46,6.69,15.42,0
2403,D,5347,2021-08-09,-4.42,17.91,36.84,0
2403,D,5347,2023-11-20,1.57,8.71,15.56,0
2403,D,5347,2024-03-18,4.14,10.91,16.53,0
2403,D,5347,2024-08-12,-1.84,1.9,29.93,0
2403,D,5347,2026-06-15,15.07,6.1,58.64,0
2403,D,5388,2022-01-17,2.11,5.3,15.75,0
2403,D,5388,2023-09-25,-5.95,3.36,21.5,0
2403,D,5434,2021-09-13,-2.35,5.38,16.87,0
2403,D,5434,2021-12-20,8.95,2.32,12.69,0
2403,D,5434,2023-03-06,-5.44,10.86,21.12,0
2403,D,5434,2024-04-15,0.0,8.84,37.78,0
2403,D,5434,2025-02-10,-3.49,1.54,4.84,0
2403,D,5434,2026-06-29,-4.84,13.6,67.13,1
2403,D,5483,2021-06-28,4.7,6.58,32.07,0
2403,D,5483,2021-09-06,-6.45,7.55,19.57,0
2403,D,5483,2024-06-03,0.8,7.61,13.53,0
2403,D,6139,2023-10-30,-3.59,13.72,90.72,0
2403,D,6139,2024-01-08,-6.57,4.16,54.17,0
2403,D,6139,2025-01-06,0.67,9.02,16.05,0
2403,D,6139,2026-06-29,-8.09,18.19,84.72,0
2403,D,6182,2021-04-26,-12.43,23.43,53.32,0
2403,D,6182,2021-11-29,-3.06,21.38,54.64,1
2403,D,6182,2022-03-21,-6.76,3.26,11.31,0
2403,D,6182,2023-07-10,-1.71,2.02,12.49,0
2403,D,6182,2023-10-23,-2.54,1.3,17.2,0
2403,D,6183,2022-07-04,-3.03,2.0,16.13,0
2403,D,6187,2023-07-31,-23.7,19.69,139.91,0
2403,D,6187,2024-08-12,7.64,10.81,33.57,0
2403,D,6187,2024-09-16,4.03,25.84,100.0,0
2403,D,6196,2021-12-20,8.47,3.84,52.15,0
2403,D,6196,2022-01-10,-12.79,10.88,63.84,0
2403,D,6196,2025-06-30,11.09,6.18,46.51,0
2403,D,6202,2021-07-12,12.26,12.69,39.09,1
2403,D,6206,2022-04-11,0.73,2.32,6.98,0
2403,D,6206,2022-07-04,-5.76,8.28,24.86,0
2403,D,6206,2024-05-13,10.47,6.09,29.77,0
2403,D,6206,2025-02-10,23.24,29.14,52.61,1
2403,D,6213,2024-04-01,7.76,23.01,33.42,0
2403,D,6213,2025-08-18,-6.38,30.01,62.19,2
2403,D,6214,2021-09-13,-2.53,2.03,5.53,0
2403,D,6214,2024-01-08,-4.47,3.31,15.5,0
2403,D,6214,2024-04-22,1.46,0.65,8.56,0
2403,D,6214,2024-09-16,-3.67,7.98,19.91,0
2403,D,6223,2021-08-02,-10.01,17.09,98.83,0
2403,D,6223,2022-12-05,-11.26,21.53,68.17,0
2403,D,6223,2025-06-09,27.24,13.68,68.25,0
2403,D,6223,2025-09-08,-7.12,17.13,78.58,0
2403,D,6223,2025-12-01,3.32,9.88,55.6,0
2403,D,6223,2026-03-30,28.41,9.73,76.18,0
2403,D,6223,2026-05-25,15.03,14.18,133.08,0
2403,D,6230,2023-07-31,-8.45,5.7,13.25,0
2403,D,6230,2024-04-22,28.1,21.0,92.74,0
2403,D,6239,2022-03-14,-3.65,2.16,5.5,0
2403,D,6239,2023-09-25,1.79,1.2,10.99,0
2403,D,6239,2023-11-27,32.84,0.84,8.94,0
2403,D,6239,2025-09-15,-7.84,22.39,29.61,0
2403,D,6257,2021-11-01,1.07,4.83,9.76,0
2403,D,6257,2023-09-04,0.27,6.76,14.31,0
2403,D,6269,2024-05-13,-10.98,6.65,19.81,0
2403,D,6274,2023-03-20,-1.07,12.39,37.74,0
2403,D,6274,2023-07-10,57.48,3.58,31.28,0
2403,D,6274,2023-09-25,0.49,7.7,83.89,0
2403,D,6274,2024-03-25,9.46,4.09,47.37,0
2403,D,6274,2024-04-29,-7.1,4.84,48.6,0
2403,D,6274,2024-12-16,-5.79,5.95,20.13,0
2403,D,6274,2025-06-09,-0.36,21.83,86.02,1
2403,D,6274,2025-09-01,-12.99,11.03,64.34,0
2403,D,6274,2025-12-22,5.75,6.95,52.35,0
2403,D,6274,2026-01-26,-3.9,6.31,35.63,0
2403,D,6274,2026-05-25,-4.64,25.09,256.42,3
2403,D,6274,2026-06-15,7.63,2.38,194.16,1
2403,D,6282,2021-10-04,-5.95,3.77,13.83,0
2403,D,6282,2022-07-11,-0.93,4.16,13.75,0
2403,D,6285,2022-08-08,-0.84,11.02,34.04,0
2403,D,6285,2022-09-12,-5.17,7.25,47.16,0
2403,D,6285,2023-08-21,18.64,6.97,51.07,0
2403,D,6412,2021-02-01,11.24,2.15,4.34,0
2403,D,6412,2021-11-01,6.77,6.18,9.33,0
2403,D,6412,2022-10-17,2.03,1.38,6.25,0
2403,D,6412,2022-12-12,-1.0,2.24,15.63,0
2403,D,6412,2022-12-26,3.05,0.42,12.37,0
2403,D,6412,2023-08-07,-1.5,14.8,40.13,0
2403,D,6412,2023-11-06,9.72,16.02,21.5,0
2403,D,6412,2026-05-25,-6.43,15.91,43.85,0
2403,D,6414,2021-11-29,-3.5,7.35,33.52,0
2403,D,6414,2022-04-18,-3.51,1.54,8.2,0
2403,D,6414,2022-06-06,-0.6,6.41,13.72,0
2403,D,6414,2023-11-20,-4.53,8.64,12.1,0
2403,D,6414,2024-06-03,-2.09,3.76,17.22,0
2403,D,6414,2026-07-20,15.11,5.62,34.89,0
2403,D,6415,2021-02-01,-6.36,7.8,21.84,0
2403,D,6415,2021-06-28,2.13,7.37,58.7,0
2403,D,6415,2021-08-09,-7.61,4.58,47.03,0
2403,D,6415,2023-01-16,16.06,10.39,42.78,0
2403,D,6415,2023-11-13,11.05,15.89,41.6,0
2403,D,6415,2023-12-25,7.57,4.39,59.41,0
2403,D,6415,2024-04-15,-15.77,13.25,24.88,0
2403,D,6415,2024-05-27,-2.26,11.49,50.55,0
2403,D,6415,2024-06-17,-8.08,10.68,65.35,0
2403,D,6415,2024-08-26,-9.93,11.82,27.7,0
2403,D,6415,2025-04-14,-0.13,4.28,32.92,3
2403,D,6415,2026-02-02,-6.26,15.97,61.28,0
2403,D,6415,2026-04-27,10.76,30.34,81.84,0
2403,D,6438,2024-09-09,19.78,1.42,14.35,0
2403,D,6438,2024-10-07,14.85,29.77,69.38,1
2403,D,6442,2022-07-04,0.5,0.41,14.65,0
2403,D,6442,2024-10-14,-7.55,23.44,38.86,1
2403,D,6442,2024-10-21,-2.11,14.65,37.82,0
2403,D,6442,2024-11-04,-9.2,14.05,55.46,0
2403,D,6442,2024-11-25,-8.8,5.19,59.34,0
2403,D,6442,2024-12-09,1.01,9.09,66.22,1
2403,D,6442,2025-10-20,3.23,4.23,52.49,0
2403,D,6442,2025-11-17,8.52,18.42,42.48,1
2403,D,6488,2021-04-19,-2.99,8.65,34.03,0
2403,D,6488,2021-09-06,-3.47,10.02,20.13,0
2403,D,6488,2023-01-16,5.34,10.31,49.28,0
2403,D,6488,2025-07-28,2.67,9.38,26.12,0
2403,D,6488,2025-09-15,11.31,9.87,47.38,0
2403,D,6510,2023-10-16,-4.54,4.58,21.09,0
2403,D,6510,2023-11-27,-2.47,10.03,18.74,0
2403,D,6515,2022-01-03,-11.15,7.51,72.78,0
2403,D,6515,2024-04-15,-11.27,15.06,27.16,0
2403,D,6515,2024-09-09,7.92,10.31,49.21,0
2403,D,6515,2025-06-30,-11.96,9.56,83.95,0
2403,D,6515,2025-09-01,5.33,26.76,51.0,2
2403,D,6515,2026-01-05,30.42,12.57,42.99,0
2403,D,6531,2021-03-29,-11.44,18.74,105.79,0
2403,D,6531,2021-08-02,-8.14,10.24,50.19,0
2403,D,6531,2023-03-13,5.93,8.51,80.0,0
2403,D,6531,2023-07-31,-9.33,18.36,41.2,0
2403,D,6531,2024-01-08,5.86,5.7,35.71,0
2403,D,6531,2024-06-24,-1.51,8.08,15.58,0
2403,D,6531,2026-01-05,-5.47,16.85,39.85,0
2403,D,6533,2022-08-29,4.04,25.98,66.67,0
2403,D,6533,2022-10-31,40.44,2.91,48.9,0
2403,D,6533,2026-07-20,-7.91,12.97,20.94,1
2403,D,6643,2022-11-07,28.33,17.57,29.67,1
2403,D,6643,2023-12-11,-6.76,14.44,43.4,1
2403,D,6643,2024-01-08,58.69,7.82,30.73,0
2403,D,6643,2024-06-03,-4.54,5.51,17.62,0
2403,D,6669,2022-03-14,-8.8,5.09,14.83,0
2403,D,6669,2022-10-03,-2.2,3.76,20.87,0
2403,D,6669,2023-07-03,19.68,24.73,55.4,0
2403,D,6669,2023-11-13,-10.33,18.36,42.12,0
2403,D,6669,2024-12-16,3.97,12.99,46.63,0
2403,D,6669,2025-04-14,-7.88,4.53,21.66,0
2403,D,6719,2023-04-17,0.42,8.05,35.64,0
2403,D,6719,2024-02-26,-5.94,11.77,19.46,0
2403,D,6770,2022-05-16,-2.15,7.28,15.69,0
2403,D,6770,2025-12-22,53.83,17.99,75.11,1
2403,D,6770,2026-05-25,19.11,14.03,31.52,0
2403,D,6830,2023-04-24,-7.4,7.51,51.98,0
2403,D,6830,2024-07-22,-0.24,0.25,15.6,0
2403,D,8046,2021-06-07,7.03,12.77,31.1,0
2403,D,8046,2021-09-06,-10.13,14.61,34.31,0
2403,D,8046,2021-11-29,0.42,4.81,48.79,0
2403,D,8046,2023-03-13,2.2,6.84,21.18,0
2403,D,8046,2023-11-27,1.69,1.45,5.05,0
2403,D,8046,2025-01-06,-8.46,18.12,32.38,0
2403,D,8046,2026-01-19,15.03,26.52,35.61,2
2403,D,8046,2026-03-02,-17.32,27.65,130.7,0
2403,D,8046,2026-03-30,56.99,13.29,144.73,0
2403,D,8046,2026-06-29,-1.06,19.47,90.54,0
2403,D,8050,2022-07-04,-1.72,16.69,38.6,0
2403,D,8050,2022-08-22,10.45,3.66,54.93,0
2403,D,8050,2022-12-12,-4.89,11.82,40.79,0
2403,D,8050,2023-08-14,-1.4,2.96,33.0,0
2403,D,8081,2021-08-02,-7.04,6.89,63.45,0
2403,D,8081,2021-08-16,-7.83,3.44,38.19,0
2403,D,8081,2023-04-17,-4.73,6.22,31.4,0
2403,D,8081,2024-04-29,-2.32,4.19,18.48,0
2403,D,8086,2021-04-12,-9.44,8.23,23.02,0
2403,D,8086,2021-06-28,11.88,7.01,38.5,0
2403,D,8086,2023-04-17,-12.14,10.53,34.33,0
2403,D,8086,2023-12-11,-8.38,6.08,46.66,0
2403,D,8086,2025-07-28,9.24,14.16,35.79,0
2403,D,8114,2021-12-13,5.59,10.32,54.88,0
2403,D,8114,2022-06-13,-7.7,13.98,50.21,1
2403,D,8114,2022-07-04,-4.69,11.59,37.49,0
2403,D,8210,2022-02-07,-2.49,12.75,23.37,0
2403,D,8210,2024-05-13,5.42,7.7,24.22,0
2403,D,8210,2025-02-17,-1.96,13.18,23.0,0
2403,D,8210,2025-05-26,56.87,13.6,71.12,0
2403,D,8210,2025-10-20,38.1,17.04,52.57,0
2403,D,8299,2021-03-08,8.82,7.49,38.41,0
2403,D,8299,2021-12-13,2.52,11.18,39.37,0
2403,D,8299,2022-02-14,0.52,6.09,27.32,0
2403,D,8299,2022-10-17,-6.96,8.53,21.31,0
2403,D,8299,2023-09-04,8.59,11.17,19.41,0
2403,D,8299,2023-12-11,-3.69,7.28,16.37,0
2403,D,8299,2025-02-17,1.42,12.15,37.45,0
2403,D,8299,2025-03-10,-4.77,10.28,37.16,0
2403,D,8299,2025-09-15,4.04,28.48,41.28,0
2403,D,8299,2026-01-26,2.76,19.63,105.57,0
2403,D,8996,2022-03-07,3.82,7.9,13.17,0
2403,D,8996,2023-07-24,-11.35,18.28,114.54,0
2403,D,8996,2024-03-11,15.1,11.75,50.0,0
2403,D,8996,2024-04-29,25.77,11.21,80.42,0
2403,D,8996,2024-09-09,-7.32,10.78,41.49,1
2403,D,8996,2025-05-19,11.47,12.89,44.44,0
2403,D,8996,2026-02-09,-6.45,16.54,91.13,1
2403,D,8996,2026-04-13,2.13,20.89,93.83,0
2403,D,8996,2026-06-15,8.51,10.17,63.45,1
2417,D,1503,2022-06-20,0.06,0.5,17.88,0
2417,D,1503,2023-05-08,28.57,21.27,86.44,0
2417,D,1503,2024-06-24,-0.26,14.65,25.81,0
2417,D,1513,2022-07-04,-3.64,8.71,19.96,0
2417,D,1513,2022-08-01,4.45,11.46,34.37,0
2417,D,1513,2022-08-22,-3.49,9.05,46.95,0
2417,D,1513,2022-12-12,-0.6,8.83,30.48,0
2417,D,1513,2022-12-26,12.85,3.5,35.58,0
2417,D,1513,2023-02-13,14.37,8.71,60.54,0
2417,D,1513,2023-04-10,5.77,5.43,51.49,0
2417,D,1513,2023-11-27,4.0,16.02,27.68,0
2417,D,1513,2025-05-19,8.26,12.89,42.25,0
2417,D,1514,2022-08-01,-10.14,6.39,39.04,0
2417,D,1519,2023-04-24,-2.01,17.49,96.81,0
2417,D,1519,2023-12-04,8.88,17.0,38.17,0
2417,D,1519,2024-01-08,2.58,2.16,53.35,0
2417,D,1519,2024-01-29,32.7,8.72,68.66,0
2417,D,1519,2024-09-23,-3.81,6.25,20.37,0
2417,D,1519,2025-02-24,-8.12,21.16,37.14,0
2417,D,1519,2025-05-12,-3.36,15.79,51.32,0
2417,D,1519,2025-06-16,6.18,10.97,64.23,0
2417,D,1519,2025-11-03,-10.59,30.59,42.65,2
2417,D,1519,2025-12-22,-5.91,6.24,42.65,0
2417,D,1560,2022-06-13,-6.9,13.65,40.85,0
2417,D,1560,2023-10-02,4.68,14.27,36.69,0
2417,D,1560,2024-01-15,-4.63,7.21,21.23,0
2417,D,1560,2024-04-29,-9.07,3.97,41.18,0
2417,D,1560,2024-06-03,-1.11,11.02,31.22,0
2417,D,1560,2024-11-25,-6.81,0.56,6.67,0
2417,D,1560,2025-06-30,7.4,8.75,94.24,0
2417,D,1609,2021-05-10,-19.36,21.86,92.78,0
2417,D,1609,2024-08-12,-0.67,3.21,18.52,0
2417,D,2059,2021-05-10,3.79,6.11,25.08,0
2417,D,2059,2021-08-09,-4.31,1.0,3.59,0
2417,D,2059,2024-01-22,-7.63,17.24,57.16,0
2417,D,2059,2024-11-25,1.1,8.64,40.87,0
2417,D,2059,2025-02-17,9.03,16.96,35.0,0
2417,D,2059,2025-04-21,23.87,0.86,36.51,0
2417,D,2059,2025-07-21,13.52,17.36,43.27,0
2417,D,2059,2025-09-01,11.81,0.41,50.64,0
2417,D,2059,2026-05-11,-9.78,37.13,89.69,0
2417,D,2301,2021-05-10,-7.83,2.48,20.22,0
2417,D,2301,2022-09-05,-1.33,2.07,24.8,0
2417,D,2301,2022-09-19,-3.64,2.96,26.84,0
2417,D,2301,2024-01-08,-7.11,0.28,14.5,0
2417,D,2303,2021-04-12,5.15,8.25,17.67,0
2417,D,2303,2021-08-09,-7.5,12.42,45.42,0
2417,D,2303,2023-01-30,0.93,13.0,28.08,0
2417,D,2303,2023-10-16,-1.34,2.72,8.64,0
2417,D,2303,2024-08-12,-3.14,4.92,10.83,0
2417,D,2303,2025-03-10,-3.58,5.36,12.34,0
2417,D,2303,2025-04-14,-2.62,0.45,11.03,0
2417,D,2308,2021-06-28,-1.27,0.03,12.29,0
2417,D,2308,2022-09-19,-3.74,1.68,27.79,0
2417,D,2308,2022-10-17,-5.23,1.4,8.27,0
2417,D,2308,2023-06-12,7.69,6.96,17.28,0
2417,D,2308,2024-06-24,9.57,9.26,30.89,0
2417,D,2308,2024-08-12,-2.22,0.97,27.81,0
2417,D,2308,2024-12-16,-3.86,7.37,16.39,0
2417,D,2308,2025-04-28,7.28,3.12,21.39,0
2417,D,2308,2025-07-14,41.85,9.22,55.29,0
2417,D,2308,2025-12-01,-3.46,3.3,43.09,0
2417,D,2313,2021-11-01,-1.54,11.78,19.27,0
2417,D,2313,2022-07-18,-2.94,9.61,19.02,0
2417,D,2313,2023-11-20,12.18,13.84,44.83,0
2417,D,2313,2024-01-29,8.08,3.64,31.73,0
2417,D,2313,2024-03-11,-5.81,9.5,25.19,0
2417,D,2313,2024-06-24,-3.01,6.98,12.43,0
2417,D,2313,2025-10-20,-4.27,8.54,38.56,0
2417,D,2313,2025-12-22,-4.1,12.27,34.59,1
2417,D,2313,2026-01-26,-1.16,40.03,131.68,0
2417,D,2313,2026-02-23,1.58,20.09,168.32,1
2417,D,2313,2026-05-25,-13.75,17.75,63.11,0
2417,D,2317,2021-03-22,-7.1,10.52,30.13,0
2417,D,2317,2022-05-09,8.96,1.32,4.0,0
2417,D,2317,2023-06-26,-4.82,5.65,13.24,0
2417,D,2317,2024-03-11,40.25,5.36,11.05,0
2417,D,2317,2024-04-29,13.2,4.85,57.71,0
2417,D,2317,2024-07-08,-5.21,11.99,64.76,0
2417,D,2317,2024-10-28,-4.3,6.16,31.5,0
2417,D,2317,2025-04-28,10.21,3.67,26.67,0
2417,D,2317,2025-08-18,-3.67,13.88,43.65,0
2417,D,2317,2026-07-27,-6.49,4.59,14.52,0
2417,D,2324,2021-03-08,20.26,2.0,7.69,0
2417,D,2324,2021-08-23,0.29,2.65,4.44,0
2417,D,2324,2021-09-27,-3.46,4.9,13.55,0
2417,D,2324,2022-01-10,0.6,2.79,7.34,0
2417,D,2324,2022-12-26,-1.03,3.92,11.92,0
2417,D,2324,2023-02-13,2.13,2.53,13.4,0
2417,D,2324,2023-04-10,-2.15,3.62,13.5,0
2417,D,2324,2023-08-14,5.47,4.7,24.05,0
2417,D,2324,2024-09-09,0.0,1.29,12.01,0
2417,D,2330,2021-02-01,1.68,1.16,13.99,0
2417,D,2330,2021-09-06,-4.38,6.89,14.31,0
2417,D,2330,2022-01-17,-5.26,8.05,16.89,0
2417,D,2330,2024-01-08,7.07,0.03,10.99,0
2417,D,2330,2024-06-03,10.87,1.09,14.02,0
2417,D,2330,2025-10-20,-1.94,7.44,32.08,0
2417,D,2330,2026-02-09,5.97,2.83,32.44,0
2417,D,2337,2021-02-01,10.83,1.25,5.89,0
2417,D,2337,2021-04-12,-4.63,4.85,22.51,0
2417,D,2337,2021-06-07,0.09,7.87,23.93,0
2417,D,2337,2021-08-02,-2.85,2.99,26.36,0
2417,D,2337,2022-02-14,-0.02,5.28,11.01,0
2417,D,2337,2022-08-01,-3.6,7.89,20.36,0
2417,D,2337,2022-10-17,-8.37,4.53,12.03,0
2417,D,2337,2023-08-28,5.94,1.05,3.66,0
2417,D,2337,2023-10-23,-9.87,0.43,8.82,0
2417,D,2337,2025-12-08,53.71,4.07,83.5,1
2417,D,2337,2026-01-12,12.56,38.82,128.79,0
2417,D,2337,2026-02-09,16.98,14.29,170.73,1
2417,D,2345,2022-06-13,-4.18,5.58,16.26,0
2417,D,2345,2022-08-15,-2.56,9.29,40.09,0
2417,D,2345,2022-09-12,-4.27,2.9,42.85,0
2417,D,2345,2023-03-06,-5.48,9.97,31.4,0
2417,D,2345,2023-07-24,18.11,7.41,42.38,0
2417,D,2345,2023-09-25,-0.08,1.78,39.84,0
2417,D,2345,2024-09-16,-3.85,6.14,23.18,0
2417,D,2345,2024-10-21,-1.46,6.69,29.45,0
2417,D,2345,2024-11-25,9.5,8.95,30.08,0
2417,D,2345,2025-05-05,19.05,15.29,40.69,0
2417,D,2345,2025-12-01,-5.96,2.79,12.83,0
2417,D,2345,2026-02-09,-0.6,10.69,43.88,1
2417,D,2345,2026-05-04,-5.76,24.3,124.66,1
2417,D,2353,2021-04-12,4.44,7.32,38.22,0
2417,D,2353,2021-05-10,-11.19,4.18,38.86,0
2417,D,2353,2021-10-18,2.15,2.64,6.3,0
2417,D,2353,2021-11-29,4.41,3.03,16.81,0
2417,D,2353,2022-02-21,-4.72,2.39,12.29,0
2417,D,2353,2022-03-21,-3.88,4.25,11.4,0
2417,D,2353,2022-10-03,-0.83,0.51,5.3,0
2417,D,2353,2022-11-07,0.63,9.39,16.63,0
2417,D,2353,2023-07-10,12.06,1.22,19.53,0
2417,D,2353,2023-12-18,28.79,9.15,15.43,0
2417,D,2356,2021-03-08,3.46,6.61,12.72,0
2417,D,2356,2021-08-16,1.08,0.59,2.37,0
2417,D,2356,2021-09-27,-2.69,5.42,12.5,0
2417,D,2356,2022-01-10,-2.36,1.35,2.83,0
2417,D,2356,2022-01-24,-0.79,1.31,2.83,0
2417,D,2356,2022-05-09,-3.1,2.17,5.3,0
2417,D,2356,2022-10-31,-4.67,5.32,8.2,0
2417,D,2356,2022-12-26,-2.5,4.4,15.23,0
2417,D,2356,2023-03-20,9.67,5.3,15.59,0
2417,D,2356,2024-11-04,9.46,2.14,11.12,0
2417,D,2356,2025-12-01,2.45,3.69,8.63,0
2417,D,2357,2021-03-08,15.15,6.39,25.7,0
2417,D,2357,2021-05-10,-5.61,2.25,36.51,0
2417,D,2357,2022-02-21,-2.57,2.29,7.38,0
2417,D,2357,2022-12-26,-1.51,0.48,20.89,0
2417,D,2357,2023-05-15,3.99,6.81,16.28,0
2417,D,2357,2023-08-07,8.66,10.72,38.25,0
2417,D,2357,2024-08-26,-2.24,10.35,26.1,0
2417,D,2357,2024-11-04,0.4,1.59,36.85,0
2417,D,2357,2026-05-25,18.33,11.22,41.8,0
2417,D,2359,2022-03-07,-10.39,17.14,59.3,0
2417,D,2360,2022-01-24,-8.82,2.95,20.17,0
2417,D,2360,2023-05-08,1.22,5.7,16.82,0
2417,D,2360,2025-06-30,-8.12,22.61,102.13,0
2417,D,2360,2025-08-04,-1.3,16.12,59.47,1
2417,D,2360,2025-09-01,-1.84,7.73,68.6,0
2417,D,2360,2026-03-30,25.4,9.04,112.98,0
2417,D,2368,2021-03-08,-7.39,7.13,14.04,0
2417,D,2368,2022-01-03,-4.02,6.13,23.46,0
2417,D,2368,2022-09-26,-8.59,8.37,32.42,0
2417,D,2368,2022-10-03,-9.82,4.3,23.25,0
2417,D,2368,2023-04-24,-6.96,5.06,23.49,0
2417,D,2368,2023-09-25,-2.25,4.09,42.09,0
2417,D,2368,2024-06-24,8.83,4.18,12.36,0
2417,D,2368,2024-12-09,9.88,9.19,18.26,0
2417,D,2368,2025-06-09,-5.95,13.04,95.44,0
2417,D,2368,2025-06-30,4.62,9.42,111.73,0
2417,D,2368,2025-11-10,4.56,10.74,20.8,0
2417,D,2368,2025-12-22,-1.67,7.4,62.91,0
2417,D,2368,2026-02-09,-1.85,15.3,57.2,0
2417,D,2368,2026-05-04,-8.19,19.68,116.22,0
2417,D,2376,2021-04-12,-0.6,6.89,36.84,0
2417,D,2376,2021-04-26,-1.87,12.55,53.95,0
2417,D,2376,2021-11-08,0.15,19.25,63.8,0
2417,D,2376,2021-12-13,-8.36,14.57,91.62,0
2417,D,2376,2022-09-12,-1.8,7.2,28.48,0
2417,D,2376,2023-04-10,-3.88,8.7,29.38,0
2417,D,2376,2023-06-05,14.44,27.22,80.77,0
2417,D,2376,2024-02-19,-9.14,21.44,60.39,0
2417,D,2376,2025-03-10,-4.69,1.41,13.14,0
2417,D,2376,2026-06-15,-9.13,0.46,57.08,0
2417,D,2382,2021-10-04,-1.11,0.43,5.6,0
2417,D,2382,2023-04-24,14.14,2.22,23.98,0
2417,D,2382,2023-05-15,42.58,10.56,34.66,0
2417,D,2382,2023-06-19,6.36,20.72,89.18,0
2417,D,2382,2024-10-21,-4.46,12.02,29.02,0
2417,D,2382,2025-04-21,13.97,1.92,29.97,0
2417,D,2382,2025-09-15,7.33,4.75,8.88,0
2417,D,2383,2023-02-13,-3.71,4.32,13.31,0
2417,D,2383,2023-06-12,-2.08,15.58,53.42,0
2417,D,2383,2023-07-10,58.86,12.86,80.78,0
2417,D,2383,2024-01-22,2.71,15.23,21.48,1
2417,D,2383,2024-04-29,3.8,2.97,15.98,0
2417,D,2383,2024-12-02,16.56,11.68,21.59,0
2417,D,2383,2025-01-20,-8.84,0.74,43.74,0
2417,D,2383,2025-02-10,-6.45,3.47,44.17,0
2417,D,2383,2025-05-05,24.45,19.61,53.07,0
2417,D,2383,2025-08-04,10.15,11.99,66.42,0
2417,D,2383,2025-09-15,-5.13,8.15,59.74,0
2417,D,2383,2025-11-17,-8.82,10.84,31.22,0
2417,D,2383,2026-02-09,4.66,17.7,58.78,0
2417,D,2383,2026-04-27,-3.01,34.8,203.21,0
2417,D,2385,2021-03-08,5.22,3.77,9.57,0
2417,D,2385,2022-12-12,1.4,2.49,7.22,0
2417,D,2385,2023-02-13,2.6,3.1,11.91,0
2417,D,2385,2023-10-23,22.25,4.31,25.0,0
2417,D,2385,2024-01-08,-0.32,0.77,49.58,0
2417,D,2385,2024-03-11,5.29,16.46,36.76,0
2417,D,2385,2026-07-27,-4.82,0.21,4.95,0
2417,D,2395,2021-08-23,0.75,2.23,18.04,0
2417,D,2395,2022-04-25,-8.44,1.66,7.01,0
2417,D,2395,2022-12-26,-2.96,1.68,21.66,0
2417,D,2395,2024-06-03,-3.76,1.85,3.58,0
2417,D,2395,2024-07-22,-6.73,2.39,9.49,0
2417,D,2404,2022-06-13,-2.21,3.48,7.87,0
2417,D,2404,2023-04-24,2.41,1.01,9.97,0
2417,D,2404,2023-07-31,0.3,4.66,10.85,0
2417,D,2404,2023-10-23,1.92,2.49,11.79,0
2417,D,2404,2024-01-15,-2.57,2.54,17.12,0
2417,D,2404,2024-03-11,-2.53,26.8,55.76,0
2417,D,2404,2025-03-31,-10.29,4.32,11.61,0
2417,D,2404,2025-04-21,-4.1,1.87,11.12,0
2417,D,2404,2025-08-25,-2.82,17.19,110.67,0
2417,D,2404,2026-06-15,-9.24,16.85,68.09,0
2417,D,2412,2021-03-08,-0.6,0.8,1.85,0
2417,D,2412,2021-08-09,-1.87,1.45,4.91,0
2417,D,2412,2021-10-04,-1.49,0.02,1.58,0
2417,D,2412,2022-01-10,1.11,1.0,5.91,0
2417,D,2412,2022-04-11,-2.51,2.73,12.55,0
2417,D,2412,2022-07-04,-2.56,3.51,6.18,0
2417,D,2412,2022-10-31,-3.28,1.42,3.74,0
2417,D,2412,2022-12-12,0.73,1.56,5.14,0
2417,D,2412,2023-08-28,-1.02,0.11,2.63,0
2417,D,2412,2024-04-22,-2.18,0.08,5.91,0
2417,D,2412,2024-07-22,1.88,0.43,1.69,0
2417,D,2412,2024-11-25,-1.0,0.61,1.23,0
2417,D,2412,2025-03-10,-3.7,0.93,4.49,0
2417,D,2412,2026-07-20,-2.39,2.22,6.55,0
2417,D,2421,2022-10-24,-6.44,7.45,15.67,0
2417,D,2421,2023-07-24,-8.56,39.63,183.82,0
2417,D,2421,2024-01-29,6.2,12.77,25.13,0
2417,D,2436,2021-03-29,45.66,7.57,22.07,0
2417,D,2436,2021-04-26,-12.52,31.05,107.51,0
2417,D,2436,2021-11-15,-7.04,27.34,58.59,0
2417,D,2449,2021-05-10,-12.0,3.71,29.25,0
2417,D,2449,2021-11-01,5.85,2.93,8.97,0
2417,D,2449,2023-02-06,18.51,6.14,20.24,0
2417,D,2449,2023-03-13,-0.7,10.81,36.04,0
2417,D,2449,2023-05-29,5.7,14.3,26.65,0
2417,D,2449,2024-03-11,-5.2,15.77,42.86,0
2417,D,2449,2024-06-24,-3.62,20.0,36.09,0
2417,D,2449,2024-07-08,-4.71,20.3,57.4,1
2417,D,2449,2025-08-25,21.78,5.28,52.23,0
2417,D,2449,2025-11-03,-12.14,22.64,93.1,0
2417,D,2454,2021-02-01,3.25,4.68,14.27,0
2417,D,2454,2022-06-06,-2.58,6.3,12.0,0
2417,D,2454,2022-10-17,-3.18,1.02,6.45,0
2417,D,2454,2024-02-26,0.74,15.33,26.85,0
2417,D,2454,2024-05-13,10.1,7.63,19.0,0
2417,D,2454,2025-01-20,5.94,2.28,19.45,0
2417,D,2454,2025-12-01,-4.04,15.09,26.2,0
2417,D,2454,2026-02-09,-1.41,10.89,62.92,0
2417,D,2454,2026-04-27,42.67,35.15,66.21,0
2417,D,2454,2026-06-15,-13.72,7.12,205.12,0
2417,D,2455,2021-06-28,-0.96,14.21,48.71,0
2417,D,2455,2022-03-14,-4.39,2.39,8.26,0
2417,D,2455,2023-04-10,-5.77,11.93,47.56,0
2417,D,2455,2023-06-12,-1.65,16.47,46.81,0
2417,D,2455,2023-07-31,-8.85,10.49,44.5,0
2417,D,2455,2024-03-04,-7.74,20.15,48.36,0
2417,D,2455,2024-06-24,3.44,14.98,28.95,0
2417,D,2455,2024-11-25,-2.96,13.07,25.84,0
2417,D,2455,2024-12-09,-3.57,4.1,25.0,0
2417,D,2458,2021-04-12,6.39,5.43,42.14,0
2417,D,2458,2023-09-11,-2.04,13.72,42.4,0
2417,D,2458,2023-10-30,-8.06,5.34,33.75,0
2417,D,2458,2023-12-25,-2.43,4.37,23.51,0
2417,D,2458,2024-10-28,-5.81,4.06,23.96,0
2417,D,2458,2026-05-25,-3.64,12.08,41.46,0
2417,D,2458,2026-06-29,-3.08,10.79,45.75,0
2417,D,2480,2022-03-07,1.57,6.79,27.08,0
2417,D,2480,2024-07-29,-4.37,1.56,4.41,0
2417,D,2492,2021-02-22,-9.51,17.17,26.53,0
2417,D,2492,2023-11-06,-6.63,14.12,37.22,0
2417,D,2492,2024-04-01,-9.02,14.52,20.98,1
2417,D,2492,2026-05-25,21.2,67.75,182.02,4
2417,D,2492,2026-06-15,19.41,20.8,294.3,1
2417,D,3005,2021-03-08,4.32,17.23,27.58,0
2417,D,3005,2023-04-17,-2.98,7.94,41.54,0
2417,D,3005,2025-04-28,-2.45,5.71,29.99,0
2417,D,3005,2025-08-18,22.58,5.24,15.0,0
2417,D,3013,2024-06-03,-7.73,11.81,96.68,0
2417,D,3013,2025-10-20,-7.75,9.63,16.81,0
2417,D,3017,2021-06-07,7.13,8.74,26.32,0
2417,D,3017,2021-09-06,-4.24,8.98,14.35,0
2417,D,3017,2022-05-23,-1.49,6.04,10.89,0
2417,D,3017,2022-07-11,14.15,2.98,19.13,0
2417,D,3017,2022-09-19,-2.79,3.34,42.65,0
2417,D,3017,2023-02-13,-2.87,6.24,15.2,0
2417,D,3017,2023-05-08,-4.43,16.55,66.16,0
2417,D,3017,2024-01-22,33.23,14.89,34.22,1
2417,D,3017,2024-04-15,1.66,7.74,95.56,0
2417,D,3017,2024-11-04,-1.51,0.69,27.98,0
2417,D,3017,2025-05-05,34.85,16.69,47.43,0
2417,D,3017,2025-06-09,18.2,9.98,100.29,0
2417,D,3017,2025-07-14,34.29,8.13,108.03,0
2417,D,3017,2025-12-22,-1.95,6.83,56.75,0
2417,D,3034,2021-02-01,24.83,2.73,13.63,0
2417,D,3034,2021-03-29,3.84,9.94,55.77,0
2417,D,3034,2021-12-06,2.35,6.23,35.94,0
2417,D,3034,2022-10-31,21.67,0.94,12.88,0
2417,D,3034,2023-02-13,6.85,6.29,33.51,0
2417,D,3034,2023-11-27,-0.6,3.13,25.91,0
2417,D,3034,2024-01-15,-4.88,5.35,24.33,0
2417,D,3034,2024-02-26,-0.94,9.37,19.18,0
2417,D,3034,2024-03-18,-1.09,3.08,23.47,0
2417,D,3034,2024-12-23,-1.69,3.01,4.6,0
2417,D,3034,2026-06-15,9.24,1.85,33.78,0
2417,D,3034,2026-07-27,4.01,4.17,30.19,0
2417,D,3035,2021-05-03,-5.3,16.57,41.01,0
2417,D,3035,2021-06-28,43.31,3.77,46.45,0
2417,D,3035,2021-10-18,14.91,17.77,63.57,0
2417,D,3035,2022-10-31,14.45,7.41,19.83,0
2417,D,3035,2023-06-19,66.43,14.05,27.38,0
2417,D,3035,2023-10-16,-5.0,8.75,25.0,0
2417,D,3035,2024-01-08,13.11,3.08,24.83,0
2417,D,3037,2021-08-02,-7.77,2.63,59.54,0
2417,D,3037,2021-11-29,-0.6,7.93,83.62,0
2417,D,3037,2023-05-08,9.28,13.56,25.78,0
2417,D,3037,2023-12-11,-3.39,6.02,24.48,0
2417,D,3037,2024-01-29,-0.04,7.12,17.88,0
2417,D,3037,2024-03-25,-3.86,7.87,26.11,0
2417,D,3037,2024-10-21,8.92,4.65,10.58,0
2417,D,3037,2025-08-18,-6.55,4.35,43.75,0
2417,D,3037,2025-09-15,4.3,2.38,30.68,0
2417,D,3037,2025-12-01,7.98,15.29,48.68,0
2417,D,3044,2022-01-24,-0.98,2.9,12.72,0
2417,D,3044,2022-12-12,-5.16,1.55,16.67,0
2417,D,3044,2023-07-31,9.11,31.3,68.13,0
2417,D,3044,2024-12-30,-1.35,1.76,8.77,0
2417,D,3044,2025-06-30,13.89,8.16,67.23,0
2417,D,3081,2022-03-07,-4.25,0.12,6.42,0
2417,D,3081,2022-08-08,7.63,20.82,67.21,1
2417,D,3081,2024-02-05,17.54,25.0,35.15,0
2417,D,3081,2024-09-30,15.04,30.94,194.03,0
2417,D,3081,2025-01-20,-3.93,25.75,61.9,0
2417,D,3105,2021-12-13,-4.63,6.48,29.44,0
2417,D,3105,2022-06-06,-8.67,14.08,23.81,0
2417,D,3105,2023-01-16,-2.26,17.84,57.02,0
2417,D,3105,2023-11-06,0.68,13.87,28.1,0
2417,D,3105,2024-07-08,-3.66,10.46,30.29,0
2417,D,3105,2025-12-01,18.08,12.6,61.14,0
2417,D,3105,2025-12-22,9.29,20.58,108.29,1
2417,D,3105,2026-04-20,-5.97,42.95,181.9,3
2417,D,3131,2021-08-02,-5.19,4.07,55.08,0
2417,D,3131,2023-04-24,15.77,7.38,46.52,0
2417,D,3131,2023-07-31,-17.12,13.45,101.45,0
2417,D,3131,2024-02-26,6.13,23.56,66.4,0
2417,D,3131,2024-07-01,2.91,12.79,56.35,0
2417,D,3131,2024-07-22,0.85,2.35,45.43,0
2417,D,3131,2025-04-28,-5.75,8.32,25.17,0
2417,D,3131,2025-05-26,23.84,19.08,58.94,0
2417,D,3131,2025-12-01,-2.31,3.05,8.99,0
2417,D,3131,2026-01-05,-1.44,18.28,32.21,1
2417,D,3189,2021-03-08,23.98,4.16,24.09,0
2417,D,3189,2021-08-30,-2.78,13.18,78.49,0
2417,D,3189,2021-10-25,-4.25,14.66,54.09,0
2417,D,3189,2023-12-11,-5.71,4.04,10.87,0
2417,D,3189,2024-07-29,-12.71,10.16,32.55,0
2417,D,3189,2024-10-21,-9.2,8.04,27.2,1
2417,D,3189,2025-08-25,-2.45,3.51,40.87,0
2417,D,3189,2025-10-20,-9.49,24.64,51.0,0
2417,D,3189,2026-01-05,60.05,12.73,37.14,0
2417,D,3189,2026-05-04,38.34,21.33,155.29,0
2417,D,3227,2022-11-21,4.61,9.22,19.69,0
2417,D,3227,2023-10-30,-4.0,3.14,20.64,0
2417,D,3227,2025-01-20,3.49,0.15,21.5,0
2417,D,3227,2025-02-17,-9.32,14.49,42.5,0
2417,D,3227,2025-09-15,10.6,8.72,18.21,0
2417,D,3231,2021-03-08,5.5,1.27,6.35,0
2417,D,3231,2022-01-17,1.54,3.08,5.98,0
2417,D,3231,2022-12-19,-3.37,8.6,20.32,0
2417,D,3231,2023-12-25,-3.58,4.31,8.3,0
2417,D,3231,2024-01-22,4.52,19.11,30.61,0
2417,D,3231,2024-08-12,-8.84,2.57,18.22,0
2417,D,3231,2024-10-21,5.25,5.39,27.45,0
2417,D,3231,2024-11-25,-10.18,6.23,32.45,0
2417,D,3231,2025-01-20,-11.64,6.51,10.84,0
2417,D,3231,2025-04-21,7.12,5.71,37.88,0
2417,D,3231,2025-05-26,-2.52,6.72,55.29,0
2417,D,3231,2026-06-01,0.54,20.94,42.04,2
2417,D,3231,2026-07-27,-10.15,15.9,38.48,0
2417,D,3289,2022-10-03,-8.13,5.49,61.03,0
2417,D,3289,2022-10-17,-5.36,1.17,38.52,0
2417,D,3289,2024-06-24,2.91,6.39,20.94,0
2417,D,3324,2021-11-29,1.77,9.43,21.61,0
2417,D,3324,2024-03-11,28.05,25.19,97.17,1
2417,D,3324,2024-12-02,-2.29,5.04,28.36,0
2417,D,3324,2025-09-15,3.12,17.66,30.96,0
2417,D,3324,2025-12-22,-5.21,9.7,21.6,0
2417,D,3363,2023-05-22,5.34,20.15,79.41,0
2417,D,3363,2024-11-25,-7.84,8.57,44.27,1
2417,D,3374,2022-04-18,6.67,5.84,11.59,0
2417,D,3374,2022-06-06,-5.4,4.44,24.58,0
2417,D,3374,2022-10-31,-3.09,5.02,12.46,0
2417,D,3374,2024-07-29,7.01,2.11,83.0,0
2417,D,3380,2022-07-25,-2.04,12.45,33.34,0
2417,D,3413,2021-04-12,-10.92,14.1,28.57,0
2417,D,3413,2021-07-05,2.03,4.84,28.53,0
2417,D,3413,2022-01-10,-0.19,1.84,24.62,0
2417,D,3413,2024-02-26,-2.4,11.62,28.76,0
2417,D,3443,2021-02-01,9.39,0.7,9.53,0
2417,D,3443,2021-07-12,-8.22,9.3,54.26,0
2417,D,3443,2021-09-13,-0.06,8.56,25.89,0
2417,D,3443,2021-11-01,-4.84,13.73,65.94,0
2417,D,3443,2022-05-09,17.06,3.8,21.67,0
2417,D,3443,2023-03-20,-6.12,6.8,83.96,0
2417,D,3443,2024-04-29,11.83,8.69,23.08,0
2417,D,3443,2024-06-03,-1.86,11.32,43.46,0
2417,D,3443,2024-10-21,-7.28,11.16,34.29,0
2417,D,3443,2024-11-04,-5.03,1.56,31.1,0
2417,D,3443,2024-12-16,-1.69,10.21,36.77,0
2417,D,3443,2025-02-17,-5.87,8.66,23.04,0
2417,D,3443,2025-08-25,1.7,6.69,22.07,1
2417,D,3443,2025-11-10,-2.7,19.81,62.93,1
2417,D,3443,2026-01-19,-6.68,17.87,87.15,0
2417,D,3443,2026-05-11,-15.95,40.06,164.67,1
2417,D,3529,2021-02-01,14.1,6.02,16.39,0
2417,D,3529,2021-05-03,-8.36,16.83,52.76,0
2417,D,3529,2021-08-23,21.79,1.02,40.37,0
2417,D,3529,2021-10-18,-0.37,8.02,81.25,0
2417,D,3529,2023-02-06,-7.17,15.65,55.36,0
2417,D,3529,2023-09-25,4.34,7.28,23.68,0
2417,D,3529,2024-06-17,-4.44,14.33,40.93,0
2417,D,3529,2024-08-19,-7.1,12.69,31.31,0
2417,D,3529,2024-10-21,-1.52,15.2,63.13,0
2417,D,3529,2025-01-20,-10.54,6.74,22.99,0
2417,D,3529,2025-04-21,3.61,1.69,28.61,0
2417,D,3529,2025-11-17,-8.23,2.53,9.97,1
2417,D,3529,2026-04-13,27.56,14.72,112.08,0
2417,D,3532,2021-11-29,15.01,25.18,68.06,0
2417,D,3532,2022-03-21,-7.26,24.7,48.55,0
2417,D,3532,2024-04-29,-6.62,6.02,17.86,0
2417,D,3533,2021-04-26,-4.82,5.23,10.21,0
2417,D,3533,2021-05-10,-9.79,5.86,12.77,0
2417,D,3533,2021-05-17,9.32,1.24,9.42,0
2417,D,3533,2021-11-01,11.18,7.28,22.32,0
2417,D,3533,2021-11-29,7.4,8.54,33.33,0
2417,D,3533,2022-04-18,-2.11,3.63,17.59,0
2417,D,3533,2022-09-19,-7.06,6.35,39.7,0
2417,D,3533,2023-08-21,8.33,8.82,13.92,0
2417,D,3533,2024-03-25,10.84,14.8,45.09,0
2417,D,3533,2026-01-26,5.45,8.09,28.14,0
2417,D,3533,2026-03-30,10.15,20.03,74.8,0
2417,D,3583,2023-08-21,-6.4,4.88,138.32,0
2417,D,3583,2024-08-12,4.32,4.76,28.21,0
2417,D,3583,2024-09-23,-6.85,10.62,30.92,0
2417,D,3587,2022-10-31,-0.24,5.97,22.22,1
2417,D,3587,2022-12-12,-5.73,12.71,46.22,0
2417,D,3587,2023-08-21,2.35,5.86,44.85,0
2417,D,3587,2024-08-12,0.29,5.52,16.28,0
2417,D,3587,2025-10-20,-7.73,4.25,21.01,0
2417,D,3653,2021-05-17,15.77,0.25,15.6,0
2417,D,3653,2021-08-02,-4.23,1.54,49.77,0
2417,D,3653,2021-08-23,-8.39,3.2,14.39,0
2417,D,3653,2021-09-27,-0.44,5.77,15.79,0
2417,D,3653,2021-10-18,12.19,4.41,22.98,0
2417,D,3653,2021-11-29,-1.07,6.61,47.48,0
2417,D,3653,2022-03-28,-6.66,10.59,29.54,0
2417,D,3653,2023-02-06,-4.71,7.02,12.31,0
2417,D,3653,2023-03-27,-4.47,17.92,33.52,0
2417,D,3653,2023-05-29,-3.5,21.73,54.58,0
2417,D,3653,2023-12-18,1.33,12.46,27.89,0
2417,D,3653,2024-02-26,1.47,15.75,56.41,0
2417,D,3653,2025-08-25,28.28,20.07,37.69,1
2417,D,3653,2025-12-01,3.66,13.99,38.61,0
2417,D,3653,2026-02-02,3.61,13.85,35.55,0
2417,D,3653,2026-04-20,-1.79,23.61,115.45,1
2417,D,3661,2021-08-23,0.64,6.58,22.43,1
2417,D,3661,2021-10-18,5.48,5.32,69.98,0
2417,D,3661,2022-08-29,-0.94,18.68,55.34,0
2417,D,3661,2022-11-28,-4.17,8.68,53.45,0
2417,D,3661,2023-02-06,2.17,9.42,37.61,0
2417,D,3661,2023-05-15,11.18,7.12,50.0,0
2417,D,3661,2023-08-21,11.23,7.6,43.38,1
2417,D,3661,2023-10-30,12.03,3.69,52.59,0
2417,D,3661,2024-11-04,3.51,12.0,17.52,0
2417,D,3661,2024-12-09,15.19,15.02,44.2,0
2417,D,3661,2025-01-20,-7.35,2.34,68.35,0
2417,D,3661,2025-06-30,6.31,10.12,59.13,0
2417,D,3661,2025-08-18,-13.99,8.15,60.53,0
2417,D,3680,2022-05-30,-6.22,14.15,22.43,0
2417,D,3680,2022-08-08,2.78,13.57,48.81,0
2417,D,3680,2023-03-20,-0.6,13.53,41.3,0
2417,D,3680,2023-06-12,0.25,8.94,23.88,0
2417,D,3680,2023-09-25,9.48,0.35,9.21,0
2417,D,3680,2024-09-16,-0.94,6.29,38.31,0
2417,D,3680,2026-01-05,0.99,19.86,29.52,1
2417,D,3706,2024-11-25,-4.79,40.72,104.06,0
2417,D,3706,2025-08-25,3.05,16.66,69.59,0
2417,D,3711,2021-04-12,-3.69,4.53,34.09,0
2417,D,3711,2022-01-17,-6.58,2.15,12.03,0
2417,D,3711,2022-05-30,-1.56,6.35,12.2,0
2417,D,3711,2022-08-01,2.28,6.95,18.06,0
2417,D,3711,2022-11-21,4.47,10.35,30.11,0
2417,D,3711,2023-08-28,-5.19,7.28,14.47,0
2417,D,3711,2024-09-16,-2.53,3.69,18.46,0
2417,D,3711,2025-10-20,16.8,14.66,39.37,0
2417,D,3711,2025-12-01,1.39,0.35,45.78,0
2417,D,3711,2026-01-05,9.78,9.85,55.46,0
2417,D,3711,2026-02-09,9.28,8.48,56.46,0
2417,D,4755,2024-07-08,-5.92,8.7,12.5,0
2417,D,4755,2025-06-30,0.72,4.95,41.36,0
2417,D,4958,2022-03-21,-3.8,13.45,19.23,0
2417,D,4958,2022-05-23,5.79,2.93,19.78,0
2417,D,4958,2024-05-13,-5.08,5.22,24.49,0
2417,D,4958,2026-03-30,68.08,16.44,61.21,0
2417,D,4966,2021-05-10,2.96,11.24,21.3,0
2417,D,4966,2021-08-02,-7.66,10.03,35.91,0
2417,D,4966,2022-10-17,-14.74,7.32,20.34,0
2417,D,4966,2023-03-13,3.59,7.39,32.05,0
2417,D,4966,2023-09-25,1.34,5.34,31.24,0
2417,D,4966,2023-12-11,-0.6,6.92,16.77,0
2417,D,4979,2022-07-04,-9.63,31.3,47.71,1
2417,D,4979,2022-07-11,-3.36,27.18,54.29,0
2417,D,4979,2023-07-24,-4.85,34.51,330.55,0
2417,D,4979,2023-10-30,6.86,7.15,27.49,0
2417,D,4979,2024-09-30,-0.25,13.04,79.5,0
2417,D,4979,2024-11-25,11.53,12.24,62.32,1
2417,D,4979,2025-01-20,10.8,4.44,43.73,0
2417,D,4979,2026-02-09,22.89,12.43,81.02,0
2417,D,4979,2026-04-20,-11.69,57.16,167.67,4
2417,D,4991,2024-12-30,-6.65,17.44,209.05,0
2417,D,4991,2025-12-22,3.4,22.76,62.69,1
2417,D,4991,2026-04-20,-12.82,43.88,261.1,2
2417,D,5227,2022-09-26,10.62,7.84,17.12,0
2417,D,5227,2022-10-17,-10.69,14.55,43.5,0
2417,D,5269,2021-02-01,-6.87,8.63,21.85,0
2417,D,5269,2021-05-17,17.51,6.89,18.71,0
2417,D,5269,2021-08-02,-5.31,12.45,101.71,0
2417,D,5269,2021-11-22,-4.61,15.3,33.78,0
2417,D,5269,2022-02-14,-5.86,11.73,17.7,0
2417,D,5269,2022-11-28,-2.46,9.51,36.56,0
2417,D,5269,2023-01-16,12.53,9.85,48.08,0
2417,D,5269,2024-01-08,4.44,4.29,47.92,0
2417,D,5269,2024-12-16,3.87,8.84,28.14,0
2417,D,5269,2025-01-06,-4.21,4.9,37.21,0
2417,D,5347,2021-04-12,-1.46,6.69,15.42,0
2417,D,5347,2021-08-09,-4.42,17.91,36.84,0
2417,D,5347,2023-11-20,1.57,8.71,15.56,0
2417,D,5347,2024-03-18,4.14,10.91,16.53,0
2417,D,5347,2024-05-20,4.03,9.64,37.36,0
2417,D,5347,2024-08-12,-1.84,1.9,29.93,0
2417,D,5347,2026-06-15,15.07,6.1,58.64,0
2417,D,5388,2022-01-17,2.11,5.3,15.75,0
2417,D,5388,2023-09-25,-5.95,3.36,21.5,0
2417,D,5434,2021-09-13,-2.35,5.38,16.87,0
2417,D,5434,2021-12-20,8.95,2.32,12.69,0
2417,D,5434,2023-03-06,-5.44,10.86,21.12,0
2417,D,5434,2024-01-29,1.77,2.71,5.6,0
2417,D,5434,2024-04-15,0.0,8.84,37.78,0
2417,D,5434,2025-02-10,-3.49,1.54,4.84,0
2417,D,5434,2026-06-29,-4.84,13.6,67.13,1
2417,D,5483,2021-04-26,-15.26,14.86,33.33,0
2417,D,5483,2021-06-28,4.7,6.58,32.07,0
2417,D,5483,2021-09-06,-6.45,7.55,19.57,0
2417,D,5483,2024-06-03,0.8,7.61,13.53,0
2417,D,6139,2023-10-30,-3.59,13.72,90.72,0
2417,D,6139,2024-01-08,-6.57,4.16,54.17,0
2417,D,6139,2025-01-06,0.67,9.02,16.05,0
2417,D,6139,2025-08-25,8.07,3.42,37.25,0
2417,D,6139,2026-06-29,-8.09,18.19,84.72,0
2417,D,6182,2021-04-26,-12.43,23.43,53.32,0
2417,D,6182,2021-11-29,-3.06,21.38,54.64,1
2417,D,6182,2022-03-21,-6.76,3.26,11.31,0
2417,D,6182,2023-07-10,-1.71,2.02,12.49,0
2417,D,6182,2023-10-23,-2.54,1.3,17.2,0
2417,D,6183,2022-07-04,-3.03,2.0,16.13,0
2417,D,6183,2024-07-22,-1.13,0.24,2.59,0
2417,D,6187,2023-07-31,-23.7,19.69,139.91,0
2417,D,6187,2024-08-12,7.64,10.81,33.57,0
2417,D,6187,2024-09-09,25.11,11.28,66.31,0
2417,D,6196,2021-12-20,8.47,3.84,52.15,0
2417,D,6196,2022-01-10,-12.79,10.88,63.84,0
2417,D,6196,2025-06-30,11.09,6.18,46.51,0
2417,D,6196,2026-06-15,-4.14,16.23,109.89,0
2417,D,6202,2021-02-01,18.47,1.63,3.52,0
2417,D,6202,2021-07-12,12.26,12.69,39.09,1
2417,D,6206,2022-04-11,0.73,2.32,6.98,0
2417,D,6206,2022-07-04,-5.76,8.28,24.86,0
2417,D,6206,2024-05-13,10.47,6.09,29.77,0
2417,D,6206,2025-02-10,23.24,29.14,52.61,1
2417,D,6213,2023-09-25,1.08,0.05,34.39,0
2417,D,6213,2024-04-01,7.76,23.01,33.42,0
2417,D,6213,2025-08-18,-6.38,30.01,62.19,2
2417,D,6214,2021-09-13,-2.53,2.03,5.53,0
2417,D,6214,2024-01-08,-4.47,3.31,15.5,0
2417,D,6214,2024-04-22,1.46,0.65,8.56,0
2417,D,6214,2024-09-16,-3.67,7.98,19.91,0
2417,D,6223,2021-08-02,-10.01,17.09,98.83,0
2417,D,6223,2022-12-05,-11.26,21.53,68.17,0
2417,D,6223,2025-06-09,27.24,13.68,68.25,0
2417,D,6223,2025-09-08,-7.12,17.13,78.58,0
2417,D,6223,2025-12-01,3.32,9.88,55.6,0
2417,D,6223,2026-03-30,28.41,9.73,76.18,0
2417,D,6223,2026-05-25,15.03,14.18,133.08,0
2417,D,6230,2023-07-31,-8.45,5.7,13.25,0
2417,D,6230,2024-04-22,28.1,21.0,92.74,0
2417,D,6239,2023-09-25,1.79,1.2,10.99,0
2417,D,6239,2023-11-27,32.84,0.84,8.94,0
2417,D,6239,2025-09-15,-7.84,22.39,29.61,0
2417,D,6257,2021-11-01,1.07,4.83,9.76,0
2417,D,6257,2023-09-04,0.27,6.76,14.31,0
2417,D,6269,2021-06-28,-2.83,12.22,26.08,0
2417,D,6269,2021-08-02,-5.85,2.34,25.14,0
2417,D,6269,2022-01-03,-2.5,0.97,12.97,0
2417,D,6269,2024-05-13,-10.98,6.65,19.81,0
2417,D,6274,2023-01-16,2.58,7.93,48.75,0
2417,D,6274,2023-03-20,-1.07,12.39,37.74,0
2417,D,6274,2023-07-10,57.48,3.58,31.28,0
2417,D,6274,2023-09-25,0.49,7.7,83.89,0
2417,D,6274,2024-03-25,9.46,4.09,47.37,0
2417,D,6274,2024-04-29,-7.1,4.84,48.6,0
2417,D,6274,2024-08-12,5.05,0.33,11.23,0
2417,D,6274,2024-12-16,-5.79,5.95,20.13,0
2417,D,6274,2025-06-02,18.83,9.59,55.99,0
2417,D,6274,2025-08-18,-9.44,28.21,119.18,1
2417,D,6274,2025-09-01,-12.99,11.03,64.34,0
2417,D,6274,2025-12-22,5.75,6.95,52.35,0
2417,D,6274,2026-01-26,-3.9,6.31,35.63,0
2417,D,6274,2026-05-25,-4.64,25.09,256.42,3
2417,D,6274,2026-06-15,7.63,2.38,194.16,1
2417,D,6282,2021-10-04,-5.95,3.77,13.83,0
2417,D,6282,2022-07-11,-0.93,4.16,13.75,0
2417,D,6282,2023-04-24,-6.06,13.93,56.09,0
2417,D,6282,2023-07-31,-8.84,5.11,50.78,0
2417,D,6285,2022-04-25,-9.39,6.1,13.42,0
2417,D,6285,2022-08-08,-0.84,11.02,34.04,0
2417,D,6285,2022-09-12,-5.17,7.25,47.16,0
2417,D,6285,2023-08-21,18.64,6.97,51.07,0
2417,D,6285,2025-01-20,-1.98,7.49,29.28,1
2417,D,6412,2021-02-01,11.24,2.15,4.34,0
2417,D,6412,2021-08-09,-3.27,0.51,8.27,0
2417,D,6412,2021-11-01,6.77,6.18,9.33,0
2417,D,6412,2022-03-07,0.24,2.1,12.57,0
2417,D,6412,2022-10-17,2.03,1.38,6.25,0
2417,D,6412,2022-12-12,-1.0,2.24,15.63,0
2417,D,6412,2022-12-26,3.05,0.42,12.37,0
2417,D,6412,2023-08-07,-1.5,14.8,40.13,0
2417,D,6412,2023-11-06,9.72,16.02,21.5,0
2417,D,6412,2026-05-25,-6.43,15.91,43.85,0
2417,D,6414,2021-11-29,-3.5,7.35,33.52,0
2417,D,6414,2022-04-18,-3.51,1.54,8.2,0
2417,D,6414,2022-06-06,-0.6,6.41,13.72,0
2417,D,6414,2023-11-20,-4.53,8.64,12.1,0
2417,D,6414,2024-02-26,-3.48,6.22,14.23,0
2417,D,6414,2024-06-03,-2.09,3.76,17.22,0
2417,D,6414,2026-07-20,15.11,5.62,34.89,0
2417,D,6415,2021-02-01,-6.36,7.8,21.84,0
2417,D,6415,2021-06-28,2.13,7.37,58.7,0
2417,D,6415,2021-08-09,-7.61,4.58,47.03,0
2417,D,6415,2023-01-16,16.06,10.39,42.78,0
2417,D,6415,2023-04-17,-7.37,4.23,12.97,0
2417,D,6415,2023-11-13,11.05,15.89,41.6,0
2417,D,6415,2023-12-25,7.57,4.39,59.41,0
2417,D,6415,2024-04-15,-15.77,13.25,24.88,0
2417,D,6415,2024-05-27,-2.26,11.49,50.55,0
2417,D,6415,2024-06-17,-8.08,10.68,65.35,0
2417,D,6415,2024-08-26,-9.93,11.82,27.7,0
2417,D,6415,2025-04-14,-0.13,4.28,32.92,3
2417,D,6415,2026-02-02,-6.26,15.97,61.28,0
2417,D,6415,2026-04-27,10.76,30.34,81.84,0
2417,D,6438,2024-09-09,19.78,1.42,14.35,0
2417,D,6438,2024-10-07,14.85,29.77,69.38,1
2417,D,6442,2022-07-04,0.5,0.41,14.65,0
2417,D,6442,2024-10-14,-7.55,23.44,38.86,1
2417,D,6442,2024-10-21,-2.11,14.65,37.82,0
2417,D,6442,2024-11-04,-9.2,14.05,55.46,0
2417,D,6442,2024-11-25,-8.8,5.19,59.34,0
2417,D,6442,2024-12-09,1.01,9.09,66.22,1
2417,D,6442,2025-10-20,3.23,4.23,52.49,0
2417,D,6442,2025-11-10,6.96,7.06,35.76,0
2417,D,6488,2021-04-19,-2.99,8.65,34.03,0
2417,D,6488,2021-09-06,-3.47,10.02,20.13,0
2417,D,6488,2023-01-16,5.34,10.31,49.28,0
2417,D,6488,2023-10-30,20.56,2.29,7.72,0
2417,D,6488,2023-12-11,2.61,5.62,29.88,0
2417,D,6488,2024-07-01,1.34,5.2,12.33,0
2417,D,6488,2025-03-10,-2.85,8.83,25.95,0
2417,D,6488,2025-08-25,-1.68,3.12,32.78,0
2417,D,6488,2025-09-15,11.31,9.87,47.38,0
2417,D,6488,2026-04-27,-14.07,24.03,51.4,0
2417,D,6488,2026-05-11,-15.48,36.86,103.91,0
2417,D,6510,2021-10-18,0.97,5.31,31.64,0
2417,D,6510,2023-10-16,-4.54,4.58,21.09,0
2417,D,6510,2023-11-27,-2.47,10.03,18.74,0
2417,D,6510,2026-01-26,14.22,30.3,119.8,1
2417,D,6515,2022-01-03,-11.15,7.51,72.78,0
2417,D,6515,2022-05-16,-2.61,5.08,13.65,0
2417,D,6515,2024-04-15,-11.27,15.06,27.16,0
2417,D,6515,2024-09-09,7.92,10.31,49.21,0
2417,D,6515,2025-06-09,4.28,9.67,59.09,0
2417,D,6515,2025-06-30,-11.96,9.56,83.95,0
2417,D,6515,2025-09-01,5.33,26.76,51.0,2
2417,D,6515,2026-01-05,30.42,12.57,42.99,0
2417,D,6531,2021-03-29,-11.44,18.74,105.79,0
2417,D,6531,2021-08-02,-8.14,10.24,50.19,0
2417,D,6531,2023-03-13,5.93,8.51,80.0,0
2417,D,6531,2023-07-31,-9.33,18.36,41.2,0
2417,D,6531,2024-01-08,5.86,5.7,35.71,0
2417,D,6531,2024-06-24,-1.51,8.08,15.58,0
2417,D,6531,2026-01-05,-5.47,16.85,39.85,0
2417,D,6531,2026-05-25,-4.84,10.76,161.79,2
2417,D,6533,2022-08-29,4.04,25.98,66.67,0
2417,D,6533,2022-10-31,40.44,2.91,48.9,0
2417,D,6533,2026-07-20,-7.91,12.97,20.94,1
2417,D,6643,2022-11-07,28.33,17.57,29.67,1
2417,D,6643,2023-12-11,-6.76,14.44,43.4,1
2417,D,6643,2024-01-08,58.69,7.82,30.73,0
2417,D,6643,2024-06-03,-4.54,5.51,17.62,0
2417,D,6669,2022-03-14,-8.8,5.09,14.83,0
2417,D,6669,2022-10-03,-2.2,3.76,20.87,0
2417,D,6669,2023-07-03,19.68,24.73,55.4,0
2417,D,6669,2023-11-13,-10.33,18.36,42.12,0
2417,D,6669,2024-12-16,3.97,12.99,46.63,0
2417,D,6669,2025-04-14,-7.88,4.53,21.66,0
2417,D,6669,2025-10-20,6.7,14.3,58.69,0
2417,D,6719,2023-01-16,8.71,9.22,21.98,0
2417,D,6719,2023-04-17,0.42,8.05,35.64,0
2417,D,6719,2024-02-26,-5.94,11.77,19.46,0
2417,D,6770,2022-05-16,-2.15,7.28,15.69,0
2417,D,6770,2025-10-27,-5.02,12.25,112.12,1
2417,D,6770,2025-12-22,53.83,17.99,75.11,1
2417,D,6770,2026-05-25,19.11,14.03,31.52,0
2417,D,6830,2023-04-24,-7.4,7.51,51.98,0
2417,D,6830,2024-07-22,-0.24,0.25,15.6,0
2417,D,8046,2021-06-07,7.03,12.77,31.1,0
2417,D,8046,2021-07-12,-5.01,10.08,59.4,0
2417,D,8046,2021-09-06,-10.13,14.61,34.31,0
2417,D,8046,2021-11-29,0.42,4.81,48.79,0
2417,D,8046,2022-10-31,21.26,6.16,18.82,0
2417,D,8046,2023-03-13,2.2,6.84,21.18,0
2417,D,8046,2023-11-27,1.69,1.45,5.05,0
2417,D,8046,2025-01-06,-8.46,18.12,32.38,0
2417,D,8046,2025-09-22,16.29,19.45,113.08,0
2417,D,8046,2026-01-19,15.03,26.52,35.61,2
2417,D,8046,2026-03-02,-17.32,27.65,130.7,0
2417,D,8046,2026-03-30,56.99,13.29,144.73,0
2417,D,8046,2026-06-29,-1.06,19.47,90.54,0
2417,D,8050,2022-07-04,-1.72,16.69,38.6,0
2417,D,8050,2022-08-22,10.45,3.66,54.93,0
2417,D,8050,2022-12-12,-4.89,11.82,40.79,0
2417,D,8050,2023-08-14,-1.4,2.96,33.0,0
2417,D,8050,2024-06-03,-3.62,1.5,7.55,0
2417,D,8081,2021-08-02,-7.04,6.89,63.45,0
2417,D,8081,2021-08-16,-7.83,3.44,38.19,0
2417,D,8081,2023-04-17,-4.73,6.22,31.4,0
2417,D,8081,2024-04-29,-2.32,4.19,18.48,0
2417,D,8086,2021-04-12,-9.44,8.23,23.02,0
2417,D,8086,2021-06-28,11.88,7.01,38.5,0
2417,D,8086,2023-04-17,-12.14,10.53,34.33,0
2417,D,8086,2023-12-11,-8.38,6.08,46.66,0
2417,D,8086,2025-07-28,9.24,14.16,35.79,0
2417,D,8114,2021-12-13,5.59,10.32,54.88,0
2417,D,8114,2022-06-13,-7.7,13.98,50.21,1
2417,D,8114,2022-07-04,-4.69,11.59,37.49,0
2417,D,8114,2022-08-01,6.6,7.49,44.31,0
2417,D,8114,2024-09-30,1.77,6.82,22.87,0
2417,D,8210,2022-02-07,-2.49,12.75,23.37,0
2417,D,8210,2024-05-13,5.42,7.7,24.22,0
2417,D,8210,2025-02-17,-1.96,13.18,23.0,0
2417,D,8210,2025-05-26,56.87,13.6,71.12,0
2417,D,8210,2025-10-20,38.1,17.04,52.57,0
2417,D,8299,2021-03-08,8.82,7.49,38.41,0
2417,D,8299,2021-04-26,-1.98,15.23,52.18,0
2417,D,8299,2021-05-10,-18.13,2.31,44.33,0
2417,D,8299,2021-12-13,2.52,11.18,39.37,0
2417,D,8299,2022-02-14,0.52,6.09,27.32,0
2417,D,8299,2022-10-17,-6.96,8.53,21.31,0
2417,D,8299,2023-09-04,8.59,11.17,19.41,0
2417,D,8299,2023-12-11,-3.69,7.28,16.37,0
2417,D,8299,2024-12-30,-2.88,10.7,29.21,0
2417,D,8299,2025-02-17,1.42,12.15,37.45,0
2417,D,8299,2025-03-10,-4.77,10.28,37.16,0
2417,D,8299,2025-09-15,4.04,28.48,41.28,0
2417,D,8299,2025-11-03,7.01,22.31,136.17,0
2417,D,8299,2026-01-26,2.76,19.63,105.57,0
2417,D,8996,2022-03-07,3.82,7.9,13.17,0
2417,D,8996,2023-07-24,-11.35,18.28,114.54,0
2417,D,8996,2024-03-11,15.1,11.75,50.0,0
2417,D,8996,2024-04-29,25.77,11.21,80.42,0
2417,D,8996,2024-09-09,-7.32,10.78,41.49,1
2417,D,8996,2025-05-19,11.47,12.89,44.44,0
2417,D,8996,2026-02-09,-6.45,16.54,91.13,1
2417,D,8996,2026-04-13,2.13,20.89,93.83,0
2417,D,8996,2026-06-15,8.51,10.17,63.45,1
1873,D,2059,2021-05-10,1.93,6.11,25.08,0
1873,D,2059,2021-08-09,-4.31,1.0,3.59,0
1873,D,2059,2022-04-11,-7.17,2.17,7.87,0
1873,D,2059,2022-05-09,3.11,0.36,9.93,0
1873,D,2059,2022-10-03,-6.67,2.36,20.64,0
1873,D,2059,2023-06-26,8.82,33.33,60.84,3
1873,D,2059,2023-12-11,-4.44,1.83,28.65,0
1873,D,2059,2024-01-22,-7.63,17.24,57.16,0
1873,D,2059,2024-11-11,-9.95,16.95,37.98,0
1873,D,2059,2024-11-25,1.1,8.64,40.87,0
1873,D,2059,2025-02-17,9.03,16.96,35.0,0
1873,D,2059,2025-07-21,19.48,17.36,43.27,0
1873,D,2059,2025-09-01,11.81,0.41,50.64,0
1873,D,2059,2025-10-13,0.47,10.11,72.14,0
1873,D,2059,2026-05-11,-9.78,37.13,89.69,0
1873,D,2059,2026-06-08,12.43,21.47,94.65,1
1873,D,2303,2021-04-12,5.15,8.25,17.67,0
1873,D,2303,2021-07-26,10.69,3.95,26.16,0
1873,D,2303,2021-09-06,-8.14,15.09,42.07,0
1873,D,2303,2022-03-21,-1.71,1.87,7.65,0
1873,D,2303,2023-01-30,2.86,13.0,28.08,0
1873,D,2303,2023-10-16,-1.34,2.72,8.64,0
1873,D,2303,2023-11-06,-0.4,3.57,13.82,0
1873,D,2303,2024-05-20,1.65,3.76,10.62,0
1873,D,2303,2024-08-12,0.67,4.92,10.83,0
1873,D,2303,2025-03-03,-0.37,4.39,8.73,0
1873,D,2303,2025-04-14,-2.62,0.45,11.03,0
1873,D,2303,2026-05-18,16.86,26.87,107.09,0
1873,D,2308,2021-03-22,0.79,1.23,8.92,0
1873,D,2308,2021-04-19,-2.27,2.29,13.09,0
1873,D,2308,2021-06-28,-1.27,0.03,12.29,0
1873,D,2308,2022-01-03,-0.25,4.63,19.75,0
1873,D,2308,2022-05-30,-4.97,4.44,9.15,0
1873,D,2308,2022-06-27,-4.68,1.48,8.24,0
1873,D,2308,2022-10-17,-5.23,1.4,8.27,0
1873,D,2308,2024-06-17,15.63,4.09,20.14,0
1873,D,2308,2024-07-08,2.62,8.27,39.75,0
1873,D,2308,2024-08-12,-1.72,0.97,27.81,0
1873,D,2308,2024-12-16,-3.86,7.37,16.39,0
1873,D,2308,2025-03-17,-5.01,1.5,6.34,0
1873,D,2308,2025-04-28,5.97,3.12,21.39,0
1873,D,2308,2025-07-14,24.62,9.22,55.29,0
1873,D,2308,2025-08-04,10.8,17.27,66.27,0
1873,D,2308,2025-10-13,-2.53,14.81,106.41,0
1873,D,2308,2026-03-02,-12.46,12.85,60.11,0
1873,D,2308,2026-04-20,17.45,18.51,84.47,0
1873,D,2313,2021-07-12,2.63,6.16,34.36,0
1873,D,2313,2021-10-18,8.39,0.0,4.22,0
1873,D,2313,2022-07-18,-2.94,9.61,19.02,0
1873,D,2313,2022-08-08,-4.32,5.3,23.66,0
1873,D,2313,2022-08-29,-2.52,2.82,26.1,0
1873,D,2313,2023-10-30,17.05,1.3,25.88,0
1873,D,2313,2023-11-20,12.18,13.84,44.83,0
1873,D,2313,2024-01-29,-0.6,3.64,31.73,0
1873,D,2313,2024-03-11,-5.81,9.5,25.19,0
1873,D,2313,2024-05-20,-2.65,2.7,9.44,0
1873,D,2313,2024-06-24,-3.01,6.98,12.43,0
1873,D,2313,2025-02-24,-6.87,2.01,15.21,0
1873,D,2313,2025-10-20,-4.27,8.54,38.56,0
1873,D,2313,2025-12-15,5.52,10.27,26.92,0
1873,D,2313,2026-01-12,34.62,28.89,66.23,2
1873,D,2313,2026-02-23,1.58,20.09,168.32,1
1873,D,2313,2026-03-16,-5.77,10.14,166.27,0
1873,D,2313,2026-03-30,-2.68,19.55,182.49,0
1873,D,2313,2026-05-18,-0.6,5.42,50.14,1
1873,D,2317,2021-03-22,-7.1,10.52,30.13,0
1873,D,2317,2022-05-09,5.61,1.32,4.0,0
1873,D,2317,2023-06-26,-4.82,5.65,13.24,0
1873,D,2317,2024-01-29,-1.57,1.06,6.66,0
1873,D,2317,2024-03-11,36.62,5.36,11.05,0
1873,D,2317,2024-04-01,-0.93,14.93,52.64,0
1873,D,2317,2024-04-29,5.05,4.85,57.71,0
1873,D,2317,2024-07-08,-5.21,11.99,64.76,0
1873,D,2317,2024-10-28,-4.3,6.16,31.5,0
1873,D,2317,2025-02-24,-6.0,3.71,11.52,0
1873,D,2317,2025-04-28,10.21,3.67,26.67,0
1873,D,2317,2025-07-28,18.6,7.2,27.99,0
1873,D,2317,2025-08-18,-3.67,13.88,43.65,0
1873,D,2317,2025-09-15,1.01,4.71,43.49,0
1873,D,2317,2026-03-02,-9.75,6.21,11.42,0
1873,D,2317,2026-07-27,-6.49,4.59,14.52,0
1873,D,2324,2021-03-08,15.82,2.0,7.69,0
1873,D,2324,2021-04-12,-3.75,9.3,30.77,0
1873,D,2324,2021-08-23,0.29,2.65,4.44,0
1873,D,2324,2021-09-27,-3.46,4.9,13.55,0
1873,D,2324,2022-01-03,4.11,1.28,4.97,0
1873,D,2324,2022-08-22,-2.32,0.63,7.71,0
1873,D,2324,2022-12-12,5.06,1.59,6.81,0
1873,D,2324,2023-04-10,-2.15,3.62,13.5,0
1873,D,2324,2023-08-14,5.47,4.7,24.05,0
1873,D,2324,2024-04-29,0.5,1.12,6.29,0
1873,D,2324,2024-09-09,0.0,1.29,12.01,0
1873,D,2324,2025-02-03,4.75,1.47,4.79,0
1873,D,2324,2026-03-09,0.67,0.92,6.64,0
1873,D,2324,2026-07-27,-7.15,3.58,34.6,0
1873,D,2330,2021-02-01,5.75,1.16,13.99,0
1873,D,2330,2021-08-09,-2.94,0.75,8.83,0
1873,D,2330,2021-09-06,-4.38,6.89,14.31,0
1873,D,2330,2022-01-03,-0.13,4.3,11.02,0
1873,D,2330,2022-01-17,-5.26,8.05,16.89,0
1873,D,2330,2022-01-24,-4.4,1.26,11.76,0
1873,D,2330,2024-01-08,10.48,0.03,10.99,0
1873,D,2330,2024-01-29,-3.67,7.77,18.43,0
1873,D,2330,2024-05-13,4.01,4.19,27.37,0
1873,D,2330,2024-06-03,10.87,1.09,14.02,0
1873,D,2330,2024-09-23,-2.63,4.63,20.41,0
1873,D,2330,2024-12-23,-1.98,2.84,13.29,0
1873,D,2330,2025-01-06,-2.37,4.66,13.39,0
1873,D,2330,2025-04-28,9.04,3.01,14.27,0
1873,D,2330,2025-10-20,-1.94,7.44,32.08,0
1873,D,2345,2021-05-03,-8.32,11.7,25.7,0
1873,D,2345,2021-07-12,-2.49,7.22,32.05,0
1873,D,2345,2022-06-13,-4.18,5.58,16.26,0
1873,D,2345,2022-06-27,-12.95,4.67,19.17,0
1873,D,2345,2022-08-15,-2.56,9.29,40.09,0
1873,D,2345,2023-03-06,-5.48,9.97,31.4,0
1873,D,2345,2023-04-17,-5.2,1.54,28.81,0
1873,D,2345,2023-08-14,21.86,0.91,38.68,0
1873,D,2345,2023-09-25,10.24,1.78,39.84,0
1873,D,2345,2024-05-27,-2.53,8.11,33.68,0
1873,D,2345,2024-09-16,-3.85,6.14,23.18,0
1873,D,2345,2024-10-21,-1.46,6.69,29.45,0
1873,D,2345,2024-11-18,18.38,2.94,20.33,0
1873,D,2345,2025-05-12,6.92,17.8,54.94,0
1873,D,2345,2025-08-11,-1.09,21.72,46.78,0
1873,D,2345,2025-11-03,-3.37,6.63,19.31,0
1873,D,2345,2025-12-15,-5.94,19.67,33.85,0
1873,D,2345,2026-02-09,7.78,10.69,43.88,1
1873,D,2345,2026-04-13,36.81,12.89,63.23,0
1873,D,2345,2026-05-04,-5.76,24.3,124.66,1
1873,D,2353,2021-04-12,4.44,7.32,38.22,0
1873,D,2353,2021-05-10,-11.19,4.18,38.86,0
1873,D,2353,2021-10-18,2.15,2.64,6.3,0
1873,D,2353,2021-12-20,0.72,3.99,26.26,0
1873,D,2353,2022-01-17,-3.7,0.7,17.12,0
1873,D,2353,2022-02-21,-4.72,2.39,12.29,0
1873,D,2353,2022-03-21,-3.88,4.25,11.4,0
1873,D,2353,2022-08-22,-4.8,0.99,8.96,0
1873,D,2353,2022-10-03,-0.83,0.51,5.3,0
1873,D,2353,2022-11-07,0.63,9.39,16.63,0
1873,D,2353,2023-02-13,0.77,2.74,11.67,0
1873,D,2353,2023-07-10,12.06,1.22,19.53,0
1873,D,2353,2023-08-21,-6.36,4.29,28.77,0
1873,D,2353,2023-12-18,28.79,9.15,15.43,0
1873,D,2353,2025-02-03,-2.78,1.52,6.47,0
1873,D,2356,2021-02-22,7.13,1.88,4.39,0
1873,D,2356,2021-08-16,1.08,0.59,2.37,0
1873,D,2356,2021-09-27,-2.69,5.42,12.5,0
1873,D,2356,2022-01-10,-2.36,1.35,2.83,0
1873,D,2356,2022-01-24,-0.79,1.31,2.83,0
1873,D,2356,2022-05-09,-3.1,2.17,5.3,0
1873,D,2356,2022-10-31,-4.67,5.32,8.2,0
1873,D,2356,2022-12-12,4.61,1.29,9.98,0
1873,D,2356,2023-02-20,2.01,3.15,13.89,0
1873,D,2356,2023-03-27,1.66,9.74,21.98,0
1873,D,2356,2025-12-01,2.45,3.69,8.63,0
1873,D,2357,2021-02-22,11.74,1.2,15.54,0
1873,D,2357,2021-04-12,-0.07,4.38,49.2,0
1873,D,2357,2021-05-10,-5.61,2.25,36.51,0
1873,D,2357,2021-11-08,-3.68,6.01,19.45,0
1873,D,2357,2021-12-27,0.87,1.78,15.33,0
1873,D,2357,2022-11-21,4.8,6.45,14.67,0
1873,D,2357,2022-12-12,-2.24,2.64,21.33,0
1873,D,2357,2023-04-17,2.05,3.52,7.66,0
1873,D,2357,2023-05-15,2.68,6.81,16.28,0
1873,D,2357,2023-08-07,8.66,10.72,38.25,0
1873,D,2357,2024-08-26,-2.24,10.35,26.1,0
1873,D,2357,2025-02-03,6.91,5.05,12.87,0
1873,D,2357,2026-03-09,8.25,0.76,4.23,0
1873,D,2357,2026-05-25,18.33,11.22,41.8,0
1873,D,2359,2022-03-07,-10.39,17.14,59.3,0
1873,D,2359,2025-03-03,-8.15,4.93,19.7,0
1873,D,2360,2022-01-10,-6.11,14.13,29.23,0
1873,D,2360,2022-01-24,-8.82,2.95,20.17,0
1873,D,2360,2023-01-09,-7.02,6.3,14.16,0
1873,D,2360,2023-05-08,1.22,5.7,16.82,0
1873,D,2360,2024-09-09,10.6,1.32,20.45,0
1873,D,2360,2025-06-30,-3.52,22.61,102.13,0
1873,D,2360,2025-08-04,-1.3,16.12,59.47,1
1873,D,2360,2025-09-01,-1.84,7.73,68.6,0
1873,D,2360,2025-11-24,-3.67,4.03,49.17,0
1873,D,2360,2026-03-30,25.4,9.04,112.98,0
1873,D,2360,2026-07-27,-13.14,4.3,15.38,0
1873,D,2368,2021-03-08,-7.39,7.13,14.04,0
1873,D,2368,2021-05-31,12.01,10.9,31.9,0
1873,D,2368,2021-06-21,27.85,9.3,48.63,0
1873,D,2368,2022-01-03,-4.02,6.13,23.46,0
1873,D,2368,2022-03-21,-1.21,3.24,13.9,0
1873,D,2368,2022-06-13,-7.07,13.38,28.89,0
1873,D,2368,2022-06-27,-11.53,5.54,15.41,0
1873,D,2368,2022-07-18,-8.94,4.36,17.84,0
1873,D,2368,2022-09-26,-8.59,8.37,32.42,0
1873,D,2368,2022-10-03,-9.82,4.3,23.25,0
1873,D,2368,2023-03-27,-4.55,7.58,15.16,0
1873,D,2368,2023-04-17,-6.51,9.72,24.7,0
1873,D,2368,2023-07-10,9.98,8.47,63.16,0
1873,D,2368,2023-09-25,1.29,4.09,42.09,0
1873,D,2368,2024-06-24,8.83,4.18,12.36,0
1873,D,2368,2024-07-15,-11.05,7.31,24.98,0
1873,D,2368,2024-12-09,9.88,9.19,18.26,0
1873,D,2368,2024-12-30,-6.59,8.32,39.42,0
1873,D,2368,2025-05-12,10.21,15.35,61.4,0
1873,D,2368,2025-06-02,4.86,9.34,78.95,0
1873,D,2368,2025-06-30,4.62,9.42,111.73,0
1873,D,2368,2025-07-28,37.87,8.96,64.5,0
1873,D,2368,2025-11-10,4.56,10.74,20.8,0
1873,D,2368,2025-11-24,8.42,8.21,35.34,0
1873,D,2368,2025-12-22,-1.67,7.4,62.91,0
1873,D,2368,2026-02-02,4.89,6.88,51.99,0
1873,D,2368,2026-02-09,-1.85,15.3,57.2,0
1873,D,2368,2026-04-27,-6.9,28.43,138.26,0
1873,D,2368,2026-06-08,-6.89,1.78,58.14,0
1873,D,2376,2021-02-22,-1.5,9.7,15.53,0
1873,D,2376,2021-04-12,-0.6,6.89,36.84,0
1873,D,2376,2021-04-26,-1.87,12.55,53.95,0
1873,D,2376,2021-10-18,-2.46,14.19,31.29,0
1873,D,2376,2021-11-08,0.15,19.25,63.8,0
1873,D,2376,2021-12-13,-2.77,14.57,91.62,0
1873,D,2376,2022-02-07,-2.3,0.48,20.66,0
1873,D,2376,2022-09-12,-1.8,7.2,28.48,0
1873,D,2376,2023-04-10,-3.88,8.7,29.38,0
1873,D,2376,2023-04-17,-2.81,4.21,22.17,0
1873,D,2376,2023-06-05,14.44,27.22,80.77,0
1873,D,2376,2023-07-10,14.12,9.31,112.02,0
1873,D,2376,2023-08-28,-6.94,7.42,84.96,0
1873,D,2376,2024-02-19,-9.14,21.44,60.39,0
1873,D,2376,2024-05-20,-3.05,7.23,15.66,0
1873,D,2376,2024-09-23,0.35,3.1,18.02,0
1873,D,2376,2024-12-23,-1.5,1.11,7.36,0
1873,D,2376,2025-03-10,-4.69,1.41,13.14,0
1873,D,2376,2025-06-09,-4.89,8.52,59.94,0
1873,D,2376,2026-03-16,-2.28,4.07,10.51,0
1873,D,2376,2026-05-18,12.48,11.17,54.44,0
1873,D,2376,2026-06-15,-9.13,0.46,57.08,0
1873,D,2376,2026-07-27,-7.0,3.04,25.27,0
1873,D,2382,2021-10-04,-1.11,0.43,5.6,0
1873,D,2382,2021-11-15,0.9,7.5,14.82,0
1873,D,2382,2022-01-24,-2.08,0.97,19.75,0
1873,D,2382,2022-06-27,-7.73,1.09,8.46,0
1873,D,2382,2022-08-01,-1.36,5.32,14.14,0
1873,D,2382,2022-09-05,-1.35,0.11,14.54,0
1873,D,2382,2022-12-12,-3.75,1.16,8.7,0
1873,D,2382,2023-04-24,14.14,2.22,23.98,0
1873,D,2382,2023-05-15,19.16,10.56,34.66,0
1873,D,2382,2023-06-12,9.03,13.16,70.1,0
1873,D,2382,2023-10-02,-7.04,9.1,58.57,0
1873,D,2382,2024-10-21,4.55,12.02,29.02,0
1873,D,2382,2025-04-21,10.76,1.92,29.97,0
1873,D,2382,2025-06-02,2.34,2.44,51.82,0
1873,D,2382,2025-09-15,11.11,4.75,8.88,0
1873,D,2382,2026-03-02,-7.2,5.99,15.77,0
1873,D,2382,2026-07-13,-3.48,1.59,30.34,0
1873,D,2383,2021-06-21,1.5,19.76,42.33,0
1873,D,2383,2021-07-05,2.97,8.02,48.67,0
1873,D,2383,2021-12-13,-1.13,6.77,39.5,0
1873,D,2383,2022-09-05,-2.92,5.47,22.16,0
1873,D,2383,2023-06-12,-2.08,15.58,53.42,0
1873,D,2383,2023-07-10,48.3,12.86,80.78,0
1873,D,2383,2024-01-22,2.71,15.23,21.48,1
1873,D,2383,2024-02-05,-1.6,19.37,38.77,0
1873,D,2383,2024-04-29,5.64,2.97,15.98,0
1873,D,2383,2024-06-24,2.12,4.04,30.53,0
1873,D,2383,2024-09-02,-1.13,8.72,24.0,0
1873,D,2383,2024-12-02,19.91,11.68,21.59,0
1873,D,2383,2024-12-30,-6.06,6.38,49.34,0
1873,D,2383,2025-03-24,-10.31,1.67,10.62,0
1873,D,2383,2025-05-05,12.8,19.61,53.07,0
1873,D,2383,2025-08-04,10.15,11.99,66.42,0
1873,D,2383,2025-09-15,-5.13,8.15,59.74,0
1873,D,2383,2025-11-17,-8.82,10.84,31.22,0
1873,D,2383,2025-12-15,-1.53,9.43,45.25,0
1873,D,2383,2026-02-09,13.74,17.7,58.78,0
1873,D,2383,2026-04-27,-3.01,34.8,203.21,0
1873,D,2395,2021-08-23,0.75,2.23,18.04,0
1873,D,2395,2022-04-25,-8.44,1.66,7.01,0
1873,D,2395,2022-06-27,-4.81,2.48,8.76,0
1873,D,2395,2022-12-26,-2.96,1.68,21.66,0
1873,D,2395,2023-05-08,4.87,3.21,9.47,0
1873,D,2395,2024-03-11,-2.19,5.65,22.62,0
1873,D,2395,2024-06-03,-3.76,1.85,3.58,0
1873,D,2395,2024-07-22,-6.73,2.39,9.49,0
1873,D,2395,2024-11-18,1.99,1.12,4.31,0
1873,D,2395,2025-02-03,10.15,4.35,19.46,0
1873,D,2395,2025-02-24,-8.5,4.37,23.7,0
1873,D,2395,2026-03-02,-7.98,11.46,23.03,0
1873,D,2395,2026-03-09,-5.47,10.28,26.87,0
1873,D,2395,2026-05-11,-3.51,25.75,66.43,0
1873,D,2395,2026-07-06,13.76,5.97,50.36,0
1873,D,2421,2022-10-24,-6.44,7.45,15.67,0
1873,D,2421,2023-06-05,-3.76,16.09,95.12,0
1873,D,2421,2024-01-29,14.27,12.77,25.13,0
1873,D,2421,2025-05-19,-0.1,11.34,51.13,0
1873,D,2449,2021-05-10,-12.0,3.71,29.25,0
1873,D,2449,2021-11-01,7.46,2.93,8.97,0
1873,D,2449,2022-05-09,4.96,4.76,7.25,0
1873,D,2449,2022-05-30,0.28,4.77,13.25,0
1873,D,2449,2023-02-06,5.9,6.14,20.24,0
1873,D,2449,2023-03-06,5.32,11.96,31.67,0
1873,D,2449,2023-05-29,3.66,14.3,26.65,0
1873,D,2449,2023-06-26,2.86,4.9,27.78,0
1873,D,2449,2023-07-17,-8.3,17.48,54.94,1
1873,D,2449,2023-08-07,-6.13,4.4,50.68,0
1873,D,2449,2023-10-16,0.5,4.03,35.43,0
1873,D,2449,2023-11-06,-0.12,2.96,36.5,0
1873,D,2449,2024-03-11,-5.2,15.77,42.86,0
1873,D,2449,2024-06-24,-3.62,20.0,36.09,0
1873,D,2449,2024-07-08,-4.71,20.3,57.4,1
1873,D,2449,2024-09-02,-7.99,3.2,41.98,0
1873,D,2449,2024-10-14,-0.99,12.13,36.61,0
1873,D,2449,2025-07-21,21.54,11.03,40.82,0
1873,D,2449,2025-08-25,22.14,5.28,52.23,0
1873,D,2449,2025-11-03,-12.14,22.64,93.1,0
1873,D,2449,2026-07-06,-17.45,13.07,29.52,0
1873,D,2454,2021-02-01,4.45,4.68,14.27,0
1873,D,2454,2021-03-29,1.41,4.51,18.81,0
1873,D,2454,2021-04-26,2.65,8.99,26.78,0
1873,D,2454,2021-09-27,-5.37,4.15,9.85,0
1873,D,2454,2021-11-15,-2.54,8.81,22.02,0
1873,D,2454,2022-05-30,0.42,4.9,8.66,0
1873,D,2454,2022-10-17,-3.18,1.02,6.45,0
1873,D,2454,2023-03-06,-4.15,5.97,25.44,0
1873,D,2454,2023-08-07,-4.4,3.16,17.02,0
1873,D,2454,2023-09-11,5.67,2.53,9.01,0
1873,D,2454,2023-10-16,-5.21,8.77,28.24,0
1873,D,2454,2023-10-30,5.78,6.16,28.1,0
1873,D,2454,2024-02-26,4.31,15.33,26.85,0
1873,D,2454,2024-05-13,10.1,7.63,19.0,0
1873,D,2454,2024-10-28,-5.81,4.83,34.71,0
1873,D,2454,2024-12-02,6.99,2.72,18.55,0
1873,D,2454,2025-02-03,2.38,5.08,24.0,0
1873,D,2454,2025-02-24,-2.53,2.85,26.19,0
1873,D,2454,2025-07-14,-2.39,7.93,13.43,0
1873,D,2454,2025-12-01,-4.04,15.09,26.2,0
1873,D,2454,2026-02-09,3.2,10.89,62.92,0
1873,D,2454,2026-04-27,42.67,35.15,66.21,0
1873,D,2454,2026-06-15,-13.72,7.12,205.12,0
1873,D,2455,2021-06-21,5.92,6.71,31.47,0
1873,D,2455,2021-07-05,-1.32,9.66,49.25,0
1873,D,2455,2022-03-14,-4.39,2.39,8.26,0
1873,D,2455,2023-01-09,8.72,14.74,49.81,0
1873,D,2455,2023-04-10,-5.77,11.93,47.56,0
1873,D,2455,2023-06-05,7.82,16.44,41.72,0
1873,D,2455,2023-07-31,-8.85,10.49,44.5,0
1873,D,2455,2023-10-16,-7.79,5.19,36.48,0
1873,D,2455,2023-11-27,-0.6,6.03,17.56,0
1873,D,2455,2024-01-29,18.3,1.45,7.79,0
1873,D,2455,2024-02-26,1.18,18.42,37.3,0
1873,D,2455,2024-06-24,3.44,14.98,28.95,0
1873,D,2455,2024-07-15,-7.55,8.07,39.04,0
1873,D,2455,2024-09-02,-9.88,10.54,21.46,0
1873,D,2455,2026-01-12,4.31,10.34,23.66,1
1873,D,2455,2026-04-13,5.68,14.06,98.64,0
1873,D,2455,2026-05-18,0.56,10.51,123.7,0
1873,D,3013,2024-06-03,-7.73,11.81,96.68,0
1873,D,3013,2024-07-15,8.4,20.48,62.98,1
1873,D,3013,2025-10-20,-7.75,9.63,16.81,0
1873,D,3017,2021-06-07,11.97,8.74,26.32,0
1873,D,3017,2021-09-06,9.68,8.98,14.35,0
1873,D,3017,2021-09-27,-5.9,11.1,26.17,0
1873,D,3017,2022-01-17,6.31,1.98,11.36,0
1873,D,3017,2022-02-14,2.23,11.68,29.93,0
1873,D,3017,2022-05-23,-1.49,6.04,10.89,0
1873,D,3017,2022-07-18,8.0,9.97,25.91,0
1873,D,3017,2023-04-17,-8.88,11.15,48.88,0
1873,D,3017,2023-05-08,-4.43,16.55,66.16,0
1873,D,3017,2024-03-04,2.99,15.4,93.71,0
1873,D,3017,2024-04-15,1.66,7.74,95.56,0
1873,D,3017,2024-10-14,0.78,10.84,26.61,0
1873,D,3017,2024-12-02,-0.01,2.75,32.68,0
1873,D,3017,2025-03-10,-6.06,1.97,12.35,0
1873,D,3017,2025-05-19,13.94,17.0,74.74,0
1873,D,3017,2025-06-09,8.29,9.98,100.29,0
1873,D,3017,2025-06-30,16.66,2.72,118.21,0
1873,D,3017,2025-09-15,-5.45,4.27,44.6,0
1873,D,3017,2025-10-13,-1.46,10.05,38.64,0
1873,D,3017,2026-03-02,-6.23,13.63,37.89,0
1873,D,3017,2026-07-06,-13.44,7.86,21.36,0
1873,D,3034,2021-02-01,29.21,2.73,13.63,0
1873,D,3034,2021-03-29,3.84,9.94,55.77,0
1873,D,3034,2021-04-26,-5.12,4.24,56.35,0
1873,D,3034,2021-12-06,4.52,6.23,35.94,0
1873,D,3034,2022-10-31,22.91,0.94,12.88,0
1873,D,3034,2022-12-26,11.89,1.71,40.92,0
1873,D,3034,2023-02-20,4.4,9.65,40.03,0
1873,D,3034,2023-03-13,-1.18,4.1,44.84,0
1873,D,3034,2023-04-17,-5.37,4.86,35.1,0
1873,D,3034,2023-09-11,3.81,6.93,12.32,0
1873,D,3034,2023-09-18,-5.15,7.67,17.3,0
1873,D,3034,2023-11-06,0.8,11.39,30.01,0
1873,D,3034,2023-11-27,-0.6,3.13,25.91,0
1873,D,3034,2024-01-15,-4.88,5.35,24.33,0
1873,D,3034,2024-02-19,5.19,6.01,13.4,0
1873,D,3034,2024-03-18,-2.9,3.08,23.47,0
1873,D,3034,2024-04-15,-5.42,3.5,23.6,0
1873,D,3034,2024-12-23,-1.69,3.01,4.6,0
1873,D,3034,2025-02-03,2.75,6.01,11.72,0
1873,D,3034,2025-06-30,-2.6,5.7,18.87,0
1873,D,3034,2026-03-09,-0.73,0.7,4.99,0
1873,D,3034,2026-06-15,9.24,1.85,33.78,0
1873,D,3034,2026-07-27,-0.41,4.17,30.19,0
1873,D,3035,2021-05-03,-5.3,16.57,41.01,0
1873,D,3035,2021-06-28,53.73,3.77,46.45,0
1873,D,3035,2021-10-18,14.91,17.77,63.57,0
1873,D,3035,2021-11-15,-4.6,8.31,130.28,0
1873,D,3035,2021-12-20,3.52,13.9,101.86,0
1873,D,3035,2022-10-31,14.8,7.41,19.83,0
1873,D,3035,2023-06-19,28.24,14.05,27.38,0
1873,D,3035,2023-07-10,33.32,21.17,64.33,0
1873,D,3035,2023-09-04,-0.17,5.26,110.37,0
1873,D,3035,2023-10-16,-5.0,8.75,25.0,0
1873,D,3035,2024-01-08,13.11,3.08,24.83,0
1873,D,3035,2024-06-17,-5.32,10.46,19.85,0
1873,D,3035,2025-03-24,-3.86,3.77,19.32,0
1873,D,3037,2021-04-26,9.06,9.5,18.67,0
1873,D,3037,2021-05-31,15.75,11.87,30.97,0
1873,D,3037,2021-07-26,-4.0,6.14,60.09,0
1873,D,3037,2022-02-14,1.46,1.97,12.99,0
1873,D,3037,2023-05-08,12.68,13.56,25.78,0
1873,D,3037,2023-12-11,-3.39,6.02,24.48,0
1873,D,3037,2024-01-29,7.5,7.12,17.88,0
1873,D,3037,2024-04-01,-6.01,3.9,22.93,0
1873,D,3037,2024-07-15,6.69,5.71,16.0,0
1873,D,3037,2024-10-28,-0.6,11.22,21.17,0
1873,D,3037,2025-02-24,-10.12,1.24,7.41,0
1873,D,3037,2025-09-15,4.3,2.38,30.68,0
1873,D,3037,2025-12-01,7.98,15.29,48.68,0
1873,D,3037,2026-01-26,2.83,27.62,108.13,0
1873,D,3037,2026-02-02,-7.41,23.33,128.13,0
1873,D,3037,2026-02-23,2.22,16.11,153.44,1
1873,D,3037,2026-06-29,-6.42,1.52,99.8,0
1873,D,3044,2021-09-13,-1.88,1.61,5.91,0
1873,D,3044,2022-01-17,0.98,2.13,10.53,0
1873,D,3044,2022-03-14,1.72,0.04,6.2,0
1873,D,3044,2022-06-13,-2.29,0.9,2.62,0
1873,D,3044,2022-12-12,-5.16,1.55,16.67,0
1873,D,3044,2023-07-31,8.81,31.3,68.13,0
1873,D,3044,2023-08-21,-1.14,11.18,68.31,0
1873,D,3044,2024-02-19,-6.17,16.07,26.35,0
1873,D,3044,2024-12-30,-1.35,1.76,8.77,0
1873,D,3044,2025-03-03,-1.78,5.49,12.53,0
1873,D,3044,2025-03-24,-3.22,0.39,8.03,0
1873,D,3044,2025-06-23,1.27,10.36,63.51,0
1873,D,3081,2021-08-16,-8.08,1.83,9.38,1
1873,D,3081,2022-03-07,-4.25,0.12,6.42,0
1873,D,3081,2022-08-08,7.63,20.82,67.21,1
1873,D,3081,2024-02-05,17.54,25.0,35.15,0
1873,D,3081,2024-06-17,9.51,6.94,21.9,0
1873,D,3081,2024-07-15,-10.02,0.54,35.12,0
1873,D,3081,2024-09-02,0.98,49.12,88.56,0
1873,D,3081,2024-09-30,15.04,30.94,194.03,0
1873,D,3081,2025-01-20,-3.93,25.75,61.9,0
1873,D,3081,2025-11-24,26.63,4.78,14.01,0
1873,D,3081,2026-01-26,24.86,21.95,109.77,0
1873,D,3081,2026-07-27,-15.19,3.74,25.78,0
1873,D,3105,2021-12-13,-4.63,6.48,29.44,0
1873,D,3105,2022-06-06,-8.67,14.08,23.81,0
1873,D,3105,2023-01-09,13.1,17.71,49.56,1
1873,D,3105,2023-11-06,0.68,13.87,28.1,0
1873,D,3105,2024-07-08,-3.66,10.46,30.29,0
1873,D,3105,2025-03-24,-10.24,7.39,23.44,0
1873,D,3105,2025-12-08,9.54,15.77,73.71,0
1873,D,3105,2025-12-22,21.26,20.58,108.29,1
1873,D,3105,2026-03-30,50.69,22.03,118.16,0
1873,D,3105,2026-04-20,-5.97,42.95,181.9,3
1873,D,3131,2021-07-26,-3.01,1.73,51.61,0
1873,D,3131,2023-04-24,7.96,7.38,46.52,0
1873,D,3131,2023-07-31,-17.12,13.45,101.45,0
1873,D,3131,2024-02-26,6.13,23.56,66.4,0
1873,D,3131,2024-04-15,0.38,10.35,91.73,0
1873,D,3131,2024-07-01,2.91,12.79,56.35,0
1873,D,3131,2024-07-22,0.85,2.35,45.43,0
1873,D,3131,2024-08-12,17.61,12.33,68.34,0
1873,D,3131,2025-02-24,-11.6,1.94,11.52,0
1873,D,3131,2025-04-28,-5.75,8.32,25.17,0
1873,D,3131,2025-05-26,30.88,19.08,58.94,0
1873,D,3131,2025-06-16,2.55,22.98,109.27,0
1873,D,3131,2026-01-05,-1.44,18.28,32.21,1
1873,D,3131,2026-03-16,44.96,23.71,57.09,1
1873,D,3131,2026-06-29,-4.37,7.71,37.98,0
1873,D,3163,2021-04-12,1.54,4.81,21.04,0
1873,D,3163,2022-04-11,-5.78,4.96,23.87,0
1873,D,3163,2024-09-02,-10.83,11.7,67.91,0
1873,D,3163,2025-03-17,9.18,8.96,49.39,0
1873,D,3163,2025-11-24,60.03,3.96,21.11,1
1873,D,3163,2026-03-16,-14.99,35.7,181.94,0
1873,D,3189,2021-02-22,-9.58,14.9,32.57,0
1873,D,3189,2021-03-15,22.0,1.31,26.11,0
1873,D,3189,2021-06-07,3.74,25.24,46.34,0
1873,D,3189,2021-08-30,-2.78,13.18,78.49,0
1873,D,3189,2021-10-25,-1.41,14.66,54.09,0
1873,D,3189,2022-10-17,-0.12,6.06,14.62,0
1873,D,3189,2023-12-11,-5.71,4.04,10.87,0
1873,D,3189,2024-07-15,-2.67,24.33,33.66,0
1873,D,3189,2024-07-29,-12.71,10.16,32.55,0
1873,D,3189,2024-10-21,-9.2,8.04,27.2,1
1873,D,3189,2025-08-25,-2.45,3.51,40.87,0
1873,D,3189,2025-10-13,2.38,18.8,33.5,0
1873,D,3189,2025-11-17,-5.52,2.31,38.05,0
1873,D,3189,2026-01-05,23.07,12.73,37.14,0
1873,D,3189,2026-02-02,0.65,20.35,87.11,0
1873,D,3189,2026-05-18,36.21,1.43,99.21,0
1873,D,3189,2026-06-29,-6.21,12.7,143.98,0
1873,D,3189,2026-07-13,-15.89,6.0,109.55,0
1873,D,3231,2021-03-15,2.91,3.15,9.03,0
1873,D,3231,2022-01-10,7.94,0.21,2.65,0
1873,D,3231,2022-02-07,-3.11,4.95,11.07,0
1873,D,3231,2022-08-08,0.12,8.09,18.16,0
1873,D,3231,2023-02-06,1.27,5.38,26.04,0
1873,D,3231,2023-03-13,16.39,3.75,23.26,0
1873,D,3231,2023-12-25,-3.58,4.31,8.3,0
1873,D,3231,2024-01-08,18.99,0.32,5.83,0
1873,D,3231,2024-02-05,-5.39,14.67,39.57,0
1873,D,3231,2024-04-08,-10.01,8.78,41.18,0
1873,D,3231,2024-08-12,-3.02,2.57,18.22,0
1873,D,3231,2024-10-28,2.47,5.63,30.91,0
1873,D,3231,2024-11-25,-10.18,6.23,32.45,0
1873,D,3231,2025-01-20,-11.64,6.51,10.84,0
1873,D,3231,2025-04-21,4.71,5.71,37.88,0
1873,D,3231,2025-06-23,1.5,3.45,64.05,0
1873,D,3231,2026-03-02,-7.96,2.12,5.88,0
1873,D,3231,2026-06-01,0.54,20.94,42.04,2
1873,D,3231,2026-07-27,-10.15,15.9,38.48,0
1873,D,3289,2021-04-12,-3.59,9.13,13.19,0
1873,D,3289,2022-04-11,-7.11,2.02,16.59,0
1873,D,3289,2022-09-05,6.37,11.38,47.41,0
1873,D,3289,2022-10-03,-8.13,5.49,61.03,0
1873,D,3289,2022-10-17,-5.36,1.17,38.52,0
1873,D,3289,2024-06-24,5.02,6.39,20.94,0
1873,D,3324,2022-01-10,-7.25,10.45,42.22,0
1873,D,3324,2023-04-17,-8.32,17.4,70.17,0
1873,D,3324,2024-03-11,14.44,25.19,97.17,1
1873,D,3324,2024-04-01,11.23,9.34,127.0,0
1873,D,3324,2024-09-30,9.02,9.05,31.76,0
1873,D,3324,2024-12-02,-2.29,5.04,28.36,0
1873,D,3324,2025-03-03,-6.67,7.54,20.68,0
1873,D,3324,2025-09-15,3.12,17.66,30.96,0
1873,D,3324,2025-11-03,-10.13,12.69,70.3,0
1873,D,3324,2025-12-22,-5.21,9.7,21.6,0
1873,D,3338,2022-07-18,3.02,5.93,20.06,0
1873,D,3338,2024-01-29,4.13,1.18,8.23,0
1873,D,3338,2024-05-20,2.72,11.83,26.25,1
1873,D,3338,2024-11-18,0.25,6.66,15.98,0
1873,D,3363,2024-09-02,-12.0,16.91,42.05,0
1873,D,3363,2024-11-25,-7.84,8.57,44.27,1
1873,D,3380,2024-09-02,-7.1,10.85,24.39,0
1873,D,3380,2025-02-03,1.38,3.44,12.3,0
1873,D,3443,2021-02-01,16.94,0.7,9.53,0
1873,D,3443,2021-02-22,-7.02,15.7,28.86,1
1873,D,3443,2021-06-21,10.37,13.42,38.93,0
1873,D,3443,2021-07-12,-8.22,9.3,54.26,0
1873,D,3443,2021-09-13,-0.06,8.56,25.89,0
1873,D,3443,2021-11-01,-4.84,13.73,65.94,0
1873,D,3443,2022-05-09,18.39,3.8,21.67,0
1873,D,3443,2023-10-16,-7.84,17.45,37.2,0
1873,D,3443,2024-04-29,6.71,8.69,23.08,0
1873,D,3443,2024-05-20,-0.94,10.86,32.13,0
1873,D,3443,2024-06-03,-1.86,11.32,43.46,0
1873,D,3443,2024-10-21,-7.28,11.16,34.29,0
1873,D,3443,2025-08-25,1.7,6.69,22.07,1
1873,D,3443,2025-10-13,-1.92,10.7,29.31,0
1873,D,3443,2025-11-10,-2.7,19.81,62.93,1
1873,D,3443,2025-11-24,6.68,12.69,57.77,0
1873,D,3443,2026-01-19,-6.68,17.87,87.15,0
1873,D,3443,2026-03-23,-11.34,6.44,28.86,0
1873,D,3443,2026-05-11,-15.95,40.06,164.67,1
1873,D,3529,2021-02-01,21.66,6.02,16.39,0
1873,D,3529,2021-03-15,8.26,1.93,36.07,0
1873,D,3529,2021-05-03,-8.36,16.83,52.76,0
1873,D,3529,2021-10-04,5.44,6.93,64.58,0
1873,D,3529,2021-10-18,-0.37,8.02,81.25,0
1873,D,3529,2022-05-23,3.54,12.35,30.32,0
1873,D,3529,2022-08-08,13.84,7.88,34.04,0
1873,D,3529,2022-08-29,-10.57,10.66,60.73,0
1873,D,3529,2023-02-06,-7.17,15.65,55.36,0
1873,D,3529,2023-09-25,5.75,7.28,23.68,0
1873,D,3529,2024-01-08,4.83,0.44,22.58,0
1873,D,3529,2024-06-17,-4.44,14.33,40.93,0
1873,D,3529,2024-08-19,-7.1,12.69,31.31,0
1873,D,3529,2024-09-30,22.08,11.17,32.83,0
1873,D,3529,2024-10-21,-1.52,15.2,63.13,0
1873,D,3529,2025-01-20,-10.54,6.74,22.99,0
1873,D,3529,2025-04-21,3.61,1.69,28.61,0
1873,D,3529,2025-11-17,-8.23,2.53,9.97,1
1873,D,3529,2026-04-13,27.56,14.72,112.08,0
1873,D,3533,2021-04-26,-4.82,5.23,10.21,0
1873,D,3533,2021-05-10,-9.79,5.86,12.77,0
1873,D,3533,2021-05-17,9.91,1.24,9.42,0
1873,D,3533,2021-11-01,17.66,7.28,22.32,0
1873,D,3533,2021-11-22,-2.14,15.41,36.61,0
1873,D,3533,2022-04-18,-2.11,3.63,17.59,0
1873,D,3533,2022-05-09,4.19,3.28,21.66,0
1873,D,3533,2022-06-13,-7.41,1.84,29.94,0
1873,D,3533,2022-09-19,-7.06,6.35,39.7,0
1873,D,3533,2023-08-21,6.22,8.82,13.92,0
1873,D,3533,2023-11-27,-2.14,1.8,12.86,0
1873,D,3533,2024-04-08,-5.41,15.24,61.8,0
1873,D,3533,2024-07-15,-12.04,1.55,28.4,0
1873,D,3533,2024-10-28,-4.0,9.36,40.04,0
1873,D,3533,2026-01-26,5.45,8.09,28.14,0
1873,D,3533,2026-03-23,2.66,14.52,56.3,0
1873,D,3583,2023-08-21,-6.4,4.88,138.32,0
1873,D,3583,2023-11-27,-2.41,12.16,21.94,0
1873,D,3583,2024-08-12,4.32,4.76,28.21,0
1873,D,3583,2024-09-23,-6.85,10.62,30.92,0
1873,D,3583,2026-03-23,3.39,15.58,40.42,0
1873,D,3587,2021-12-13,8.28,6.2,10.23,0
1873,D,3587,2022-10-31,0.85,5.97,22.22,1
1873,D,3587,2022-12-12,-5.73,12.71,46.22,0
1873,D,3587,2023-08-21,2.35,5.86,44.85,0
1873,D,3587,2024-04-15,-8.45,7.75,29.36,0
1873,D,3587,2024-08-12,2.61,5.52,16.28,0
1873,D,3653,2021-05-17,22.28,0.25,15.6,0
1873,D,3653,2021-06-07,-5.89,15.09,42.2,0
1873,D,3653,2021-08-02,-4.23,1.54,49.77,0
1873,D,3653,2021-08-23,-8.39,3.2,14.39,0
1873,D,3653,2021-09-27,-0.44,5.77,15.79,0
1873,D,3653,2021-10-18,12.19,4.41,22.98,0
1873,D,3653,2021-11-29,-1.07,6.61,47.48,0
1873,D,3653,2022-06-27,-11.57,1.27,16.59,0
1873,D,3653,2022-10-03,1.85,0.59,57.41,0
1873,D,3653,2023-02-06,-4.71,7.02,12.31,0
1873,D,3653,2023-03-27,-3.25,17.92,33.52,0
1873,D,3653,2023-05-29,-3.5,21.73,54.58,0
1873,D,3653,2023-12-18,1.33,12.46,27.89,0
1873,D,3653,2024-02-26,1.47,15.75,56.41,0
1873,D,3653,2025-05-19,6.67,20.25,71.96,0
1873,D,3653,2025-08-25,28.28,20.07,37.69,1
1873,D,3653,2026-02-02,3.61,13.85,35.55,0
1873,D,3653,2026-03-09,1.43,3.28,36.48,0
1873,D,3653,2026-04-20,-1.79,23.61,115.45,1
1873,D,3653,2026-06-08,-5.8,6.53,26.07,0
1873,D,3661,2021-03-15,-5.38,6.66,37.04,0
1873,D,3661,2021-07-26,-7.88,5.6,87.9,0
1873,D,3661,2021-08-23,0.64,6.58,22.43,1
1873,D,3661,2021-09-27,-11.73,14.91,64.51,0
1873,D,3661,2021-10-18,5.48,5.32,69.98,0
1873,D,3661,2022-02-14,-1.97,11.88,20.82,0
1873,D,3661,2022-08-29,-0.94,18.68,55.34,0
1873,D,3661,2022-11-28,-4.17,8.68,53.45,0
1873,D,3661,2023-01-16,7.59,4.45,48.62,0
1873,D,3661,2023-02-06,2.17,9.42,37.61,0
1873,D,3661,2023-05-15,11.18,7.12,50.0,0
1873,D,3661,2023-07-10,4.38,5.15,66.96,0
1873,D,3661,2023-08-21,11.23,7.6,43.38,1
1873,D,3661,2023-10-30,12.03,3.69,52.59,0
1873,D,3661,2024-07-15,-8.21,11.34,20.0,0
1873,D,3661,2024-11-04,3.51,12.0,17.52,0
1873,D,3661,2024-12-09,19.47,15.02,44.2,0
1873,D,3661,2025-06-23,16.26,1.64,45.5,0
1873,D,3661,2026-04-20,47.39,18.46,45.88,0
1873,D,3661,2026-05-11,-14.84,33.23,116.3,1
1873,D,3693,2022-06-13,-5.43,7.58,16.4,0
1873,D,3693,2022-08-29,9.39,5.81,49.87,0
1873,D,3693,2024-11-18,3.57,7.38,14.01,0
1873,D,3693,2026-01-12,-12.96,30.85,47.37,1
1873,D,3706,2021-02-22,-6.51,2.71,4.31,0
1873,D,3706,2024-11-18,28.36,26.51,59.14,0
1873,D,3706,2025-07-21,11.94,10.46,47.94,0
1873,D,3706,2025-08-25,3.05,16.66,69.59,0
1873,D,3706,2025-12-08,-6.85,2.92,12.74,0
1873,D,3706,2026-06-01,-0.17,10.05,26.69,0
1873,D,3711,2021-03-29,-0.6,3.74,29.92,0
1873,D,3711,2021-04-26,-5.23,6.71,28.26,0
1873,D,3711,2022-01-17,-6.58,2.15,12.03,0
1873,D,3711,2022-03-14,-0.6,0.72,6.14,0
1873,D,3711,2022-05-30,-1.56,6.35,12.2,0
1873,D,3711,2022-08-01,2.28,6.95,18.06,0
1873,D,3711,2022-11-21,4.47,10.35,30.11,0
1873,D,3711,2023-08-28,-5.19,7.28,14.47,0
1873,D,3711,2023-12-11,-1.36,3.11,20.18,0
1873,D,3711,2024-04-15,-6.19,2.17,28.0,0
1873,D,3711,2024-09-16,-2.53,3.69,18.46,0
1873,D,3711,2025-12-01,1.39,0.35,45.78,0
1873,D,3711,2026-01-05,9.78,9.85,55.46,0
1873,D,3711,2026-02-09,12.62,8.48,56.46,0
1873,D,4966,2021-05-03,-9.18,14.26,20.87,0
1873,D,4966,2021-05-10,9.02,11.24,21.3,0
1873,D,4966,2021-06-07,-3.95,5.66,29.13,0
1873,D,4966,2021-07-26,-7.13,15.11,37.8,0
1873,D,4966,2021-09-06,1.52,10.49,36.94,0
1873,D,4966,2021-10-18,1.69,1.61,11.9,0
1873,D,4966,2021-11-22,-8.53,10.92,36.98,0
1873,D,4966,2022-02-14,-5.94,3.97,9.07,0
1873,D,4966,2022-05-30,-7.4,5.55,17.18,0
1873,D,4966,2022-07-18,-4.45,0.96,16.0,0
1873,D,4966,2022-10-17,-14.74,7.32,20.34,0
1873,D,4966,2023-03-13,3.59,7.39,32.05,0
1873,D,4966,2023-04-17,-7.28,4.18,34.48,0
1873,D,4966,2023-09-25,1.34,5.34,31.24,0
1873,D,4966,2023-12-11,-0.6,6.92,16.77,0
1873,D,5269,2021-02-01,-6.87,8.63,21.85,0
1873,D,5269,2021-05-17,17.51,6.89,18.71,0
1873,D,5269,2021-07-19,3.92,22.82,88.13,0
1873,D,5269,2021-08-02,-5.31,12.45,101.71,0
1873,D,5269,2021-11-22,-4.61,15.3,33.78,0
1873,D,5269,2022-02-14,-5.86,11.73,17.7,0
1873,D,5269,2022-11-28,-2.46,9.51,36.56,0
1873,D,5269,2023-01-16,12.53,9.85,48.08,0
1873,D,5269,2023-05-29,-11.69,10.26,36.7,0
1873,D,5269,2023-08-28,34.63,2.36,10.14,0
1873,D,5269,2023-10-30,-8.73,8.64,58.61,0
1873,D,5269,2024-01-08,4.44,4.29,47.92,0
1873,D,5269,2024-02-26,-0.38,14.46,57.89,0
1873,D,5269,2024-03-18,8.69,1.95,41.1,0
1873,D,5269,2025-01-06,-4.21,4.9,37.21,0
1873,D,5269,2026-06-29,-3.29,2.2,39.15,0
1873,D,5443,2024-07-22,-9.52,4.2,87.03,0
1873,D,6117,2025-03-17,-1.06,12.83,32.84,1
1873,D,6139,2022-04-11,-3.96,3.38,11.28,0
1873,D,6139,2022-11-21,17.62,5.76,13.78,0
1873,D,6139,2023-10-23,5.75,7.44,68.49,0
1873,D,6139,2024-01-08,-6.57,4.16,54.17,0
1873,D,6139,2024-04-01,27.69,33.51,65.55,0
1873,D,6139,2024-04-15,-6.33,33.74,111.99,0
1873,D,6139,2025-01-06,5.75,9.02,16.05,0
1873,D,6139,2025-02-03,5.76,8.01,23.46,0
1873,D,6139,2025-06-23,-4.75,21.89,83.52,2
1873,D,6139,2025-08-25,8.07,3.42,37.25,0
1873,D,6139,2025-12-15,-4.64,25.61,69.05,0
1873,D,6139,2026-05-18,6.43,2.88,44.2,0
1873,D,6139,2026-06-29,-8.09,18.19,84.72,0
1873,D,6187,2022-02-14,-3.26,2.92,17.57,0
1873,D,6187,2023-07-31,-23.7,19.69,139.91,0
1873,D,6187,2024-08-12,7.64,10.81,33.57,0
1873,D,6187,2024-09-09,20.04,11.28,66.31,0
1873,D,6187,2025-06-09,17.54,9.13,67.66,0
1873,D,6187,2026-03-23,7.79,34.79,152.28,0
1873,D,6213,2023-09-25,1.08,0.05,34.39,0
1873,D,6213,2024-04-01,7.76,23.01,33.42,0
1873,D,6213,2024-09-30,-3.76,0.94,6.19,0
1873,D,6213,2025-08-18,-6.38,30.01,62.19,2
1873,D,6213,2025-11-03,-12.66,13.12,34.72,0
1873,D,6213,2026-06-29,4.75,22.75,111.04,0
1873,D,6230,2022-08-29,-3.31,0.91,8.99,0
1873,D,6230,2023-07-31,-8.45,5.7,13.25,0
1873,D,6230,2024-04-22,28.1,21.0,92.74,0
1873,D,6230,2025-03-17,-3.11,5.53,25.4,0
1873,D,6274,2021-02-22,-8.75,10.65,17.97,0
1873,D,6274,2023-01-09,-7.57,13.35,53.25,0
1873,D,6274,2023-01-16,2.58,7.93,48.75,0
1873,D,6274,2023-03-20,0.95,12.39,37.74,0
1873,D,6274,2023-07-10,57.48,3.58,31.28,0
1873,D,6274,2023-09-25,0.49,7.7,83.89,0
1873,D,6274,2024-04-29,-7.1,4.84,48.6,0
1873,D,6274,2024-08-12,8.18,0.33,11.23,0
1873,D,6274,2024-09-09,-4.52,6.56,24.56,0
1873,D,6274,2024-12-16,-5.79,5.95,20.13,0
1873,D,6274,2025-03-17,-0.6,1.22,10.93,0
1873,D,6274,2025-06-02,18.83,9.59,55.99,0
1873,D,6274,2025-06-30,14.91,7.81,103.95,0
1873,D,6274,2025-09-01,-12.99,11.03,64.34,0
1873,D,6274,2025-11-24,4.04,2.08,35.79,0
1873,D,6274,2025-12-22,5.75,6.95,52.35,0
1873,D,6274,2026-01-26,-3.9,6.31,35.63,0
1873,D,6274,2026-05-25,-4.64,25.09,256.42,3
1873,D,6274,2026-06-15,7.63,2.38,194.16,1
1873,D,6282,2021-10-04,-5.95,3.77,13.83,0
1873,D,6282,2022-07-11,-0.93,4.16,13.75,0
1873,D,6282,2023-04-24,-6.06,13.93,56.09,0
1873,D,6282,2023-07-31,-8.84,5.11,50.78,0
1873,D,6282,2025-12-15,-1.76,8.97,44.58,0
1873,D,6282,2026-07-06,-11.9,1.85,30.28,0
1873,D,6414,2021-11-29,-3.5,7.35,33.52,0
1873,D,6414,2022-04-18,-3.51,1.54,8.2,0
1873,D,6414,2022-06-27,-4.58,1.44,11.58,0
1873,D,6414,2023-09-11,-1.15,2.72,6.05,0
1873,D,6414,2023-11-20,-4.53,8.64,12.1,0
1873,D,6414,2024-02-26,-3.48,6.22,14.23,0
1873,D,6414,2024-04-01,-11.15,12.92,39.57,0
1873,D,6414,2024-06-03,-2.09,3.76,17.22,0
1873,D,6414,2026-07-20,15.11,5.62,34.89,0
1873,D,6442,2021-02-01,6.83,0.56,3.51,0
1873,D,6442,2022-04-11,11.24,0.62,4.03,0
1873,D,6442,2022-07-04,0.5,0.41,14.65,0
1873,D,6442,2024-09-30,14.82,2.35,11.81,0
1873,D,6442,2024-10-21,-2.11,14.65,37.82,0
1873,D,6442,2024-11-04,-9.2,14.05,55.46,0
1873,D,6442,2025-10-13,-12.62,5.26,99.6,0
1873,D,6442,2025-11-10,6.96,7.06,35.76,0
1873,D,6442,2025-11-24,-3.83,24.67,60.78,1
1873,D,6515,2022-01-03,-11.15,7.51,72.78,0
1873,D,6515,2022-05-16,-2.61,5.08,13.65,0
1873,D,6515,2022-07-18,11.1,0.77,13.34,0
1873,D,6515,2024-04-15,-11.27,15.06,27.16,0
1873,D,6515,2024-09-09,7.92,10.31,49.21,0
1873,D,6515,2025-06-09,4.28,9.67,59.09,0
1873,D,6515,2025-06-30,-11.96,9.56,83.95,0
1873,D,6515,2025-09-01,5.33,26.76,51.0,2
1873,D,6515,2025-10-13,6.85,13.16,127.0,0
1873,D,6515,2025-11-24,2.41,5.04,98.0,0
1873,D,6515,2026-01-05,32.05,12.57,42.99,0
1873,D,6515,2026-02-02,14.95,10.63,89.72,0
1873,D,6515,2026-03-09,53.19,7.04,97.62,0
1873,D,6515,2026-05-18,-15.55,0.31,126.3,0
1873,D,6515,2026-06-15,-8.86,11.8,50.26,0
1873,D,6531,2021-03-29,-11.44,18.74,105.79,0
1873,D,6531,2021-08-02,-8.14,10.24,50.19,0
1873,D,6531,2021-09-27,-7.89,15.49,36.14,0
1873,D,6531,2023-02-20,5.44,20.68,69.7,0
1873,D,6531,2023-03-13,5.93,8.51,80.0,0
1873,D,6531,2023-07-31,-9.33,18.36,41.2,0
1873,D,6531,2023-09-18,-0.46,10.03,27.66,0
1873,D,6531,2024-01-08,5.86,5.7,35.71,0
1873,D,6531,2024-06-24,-1.51,8.08,15.58,0
1873,D,6531,2024-09-30,-1.74,1.25,15.84,0
1873,D,6531,2025-04-28,3.6,2.44,22.8,0
1873,D,6531,2025-07-14,-7.49,9.78,51.93,0
1873,D,6531,2026-01-05,-5.47,16.85,39.85,0
1873,D,6531,2026-05-18,-23.28,26.63,186.62,0
1873,D,6531,2026-06-01,-19.68,9.84,179.16,0
1873,D,6643,2022-09-05,1.69,11.37,70.6,0
1873,D,6643,2022-11-07,33.06,17.57,29.67,1
1873,D,6643,2023-10-16,-3.24,9.12,14.72,0
1873,D,6643,2023-12-11,-6.76,14.44,43.4,1
1873,D,6643,2024-01-08,40.38,7.82,30.73,0
1873,D,6643,2024-06-03,-4.54,5.51,17.62,0
1873,D,6669,2021-11-15,0.53,9.61,24.33,0
1873,D,6669,2022-03-14,-8.8,5.09,14.83,0
1873,D,6669,2022-10-03,-2.2,3.76,20.87,0
1873,D,6669,2023-06-26,51.74,6.15,27.33,0
1873,D,6669,2024-10-14,-1.6,11.31,20.61,0
1873,D,6669,2024-12-16,7.35,12.99,46.63,0
1873,D,6669,2025-04-14,-7.88,4.53,21.66,0
1873,D,6669,2025-05-12,6.23,14.7,43.63,0
1873,D,6669,2025-06-23,1.57,2.63,62.42,0
1873,D,6669,2025-08-11,3.47,20.5,44.69,1
1873,D,6669,2025-11-10,3.22,6.21,51.5,0
1873,D,6669,2026-04-27,10.48,28.65,48.18,0
1873,D,6669,2026-07-06,-8.79,4.02,42.72,0
1873,D,6669,2026-07-27,-8.04,12.49,34.23,0
1873,D,6830,2023-04-24,-7.4,7.51,51.98,0
1873,D,6830,2023-06-05,2.45,14.66,38.84,0
1873,D,6830,2023-08-07,-9.56,4.6,37.68,0
1873,D,6830,2024-07-22,-0.24,0.25,15.6,0
1873,D,6830,2025-01-13,-2.77,1.26,4.9,0
1873,D,6830,2026-03-09,-10.11,50.52,134.95,0
1873,D,8046,2021-06-07,9.43,12.77,31.1,0
1873,D,8046,2021-07-12,-5.01,10.08,59.4,0
1873,D,8046,2021-09-06,-10.13,14.61,34.31,0
1873,D,8046,2021-11-29,0.42,4.81,48.79,0
1873,D,8046,2022-01-03,-2.3,1.59,48.54,0
1873,D,8046,2022-10-31,21.26,6.16,18.82,0
1873,D,8046,2023-03-06,8.73,6.74,18.91,0
1873,D,8046,2023-03-27,-8.08,8.58,30.07,0
1873,D,8046,2023-09-11,3.16,4.51,10.09,0
1873,D,8046,2023-11-27,4.6,1.45,5.05,0
1873,D,8046,2024-09-30,-4.78,6.17,16.8,0
1873,D,8046,2024-12-30,7.11,7.31,16.67,0
1873,D,8046,2025-07-14,22.26,20.57,71.12,0
1873,D,8046,2025-09-22,12.91,19.45,113.08,0
1873,D,8046,2025-10-13,5.9,19.53,64.11,0
1873,D,8046,2026-01-19,15.03,26.52,35.61,2
1873,D,8046,2026-03-02,-17.32,27.65,130.7,0
1873,D,8046,2026-03-30,36.42,13.29,144.73,0
1873,D,8046,2026-04-20,17.38,29.69,204.4,1
1873,D,8046,2026-06-29,-1.06,19.47,90.54,0
1873,D,8046,2026-07-13,-0.21,20.46,75.78,0
1873,D,8210,2022-02-07,-2.49,12.75,23.37,0
1873,D,8210,2023-01-16,5.78,7.84,28.12,0
1873,D,8210,2023-05-29,13.67,14.12,31.51,0
1873,D,8210,2023-11-06,2.11,8.8,24.29,0
1873,D,8210,2024-05-13,5.42,7.7,24.22,0
1873,D,8210,2025-07-14,-3.97,8.47,146.12,0
1873,D,8210,2025-11-10,-1.09,21.77,78.38,0
1873,D,8210,2026-05-11,-9.87,35.97,87.35,2
1873,D,8299,2021-02-22,0.31,10.31,33.38,0
1873,D,8299,2021-04-26,-1.98,15.23,52.18,0
1873,D,8299,2021-05-10,-18.13,2.31,44.33,0
1873,D,8299,2021-12-13,2.52,11.18,39.37,0
1873,D,8299,2022-02-14,4.28,6.09,27.32,0
1873,D,8299,2022-10-17,-6.96,8.53,21.31,0
1873,D,8299,2023-09-04,6.14,11.17,19.41,0
1873,D,8299,2023-10-16,-5.87,3.44,34.22,0
1873,D,8299,2023-12-11,-0.7,7.28,16.37,0
1873,D,8299,2024-12-30,-2.88,10.7,29.21,0
1873,D,8299,2025-03-10,-4.77,10.28,37.16,0
1873,D,8299,2025-09-15,4.04,28.48,41.28,0
1873,D,8299,2025-11-03,7.01,22.31,136.17,0
1873,D,8299,2026-01-26,2.76,19.63,105.57,0
1873,D,8996,2022-03-07,3.82,7.9,13.17,0
1873,D,8996,2022-06-13,-8.88,14.94,42.86,0
1873,D,8996,2022-06-27,-10.93,1.83,35.52,0
1873,D,8996,2022-10-17,-12.36,6.08,79.09,0
1873,D,8996,2023-07-03,-7.41,21.42,95.28,1
1873,D,8996,2023-07-24,-11.35,18.28,114.54,0
1873,D,8996,2023-11-27,-2.75,10.57,21.29,0
1873,D,8996,2024-03-11,15.1,11.75,50.0,0
1873,D,8996,2024-04-29,7.73,11.21,80.42,0
1873,D,8996,2024-05-27,-8.96,17.53,86.36,0
1873,D,8996,2024-09-09,-7.32,10.78,41.49,1
1873,D,8996,2025-02-24,-7.27,8.71,21.48,0
1873,D,8996,2025-05-19,-3.82,12.89,44.44,0
1873,D,8996,2025-08-11,7.45,18.25,47.93,1
1873,D,8996,2025-12-29,22.18,10.09,60.22,0
1873,D,8996,2026-02-09,-1.05,16.54,91.13,1
1873,D,8996,2026-03-30,33.28,6.26,62.72,0
1873,D,8996,2026-06-08,12.55,10.38,57.59,0
1873,D,8996,2026-06-29,-4.64,13.55,70.32,0
