期間,進場方式,股票代號,名稱,買進日,賣出日,買進價,賣出價,損益%,損益金額,持有天數,出場原因
全期間2021-2026,一次買完,3706,神達,2021-01-11,2021-01-12,22.88,22.61,-1.75,-2190.16,1,觸發停損
全期間2021-2026,一次買完,3044,健鼎,2021-01-11,2021-01-12,93.16,91.66,-2.2,-2743.76,1,觸發停損
全期間2021-2026,一次買完,2383,台光電,2021-01-11,2021-01-12,139.34,135.88,-3.07,-3834.77,1,觸發停損
全期間2021-2026,一次買完,3443,創意,2021-01-11,2021-01-12,376.26,372.98,-1.46,-1830.9,1,觸發停損
全期間2021-2026,一次買完,2454,聯發科,2021-01-11,2021-01-12,600.01,596.48,-1.18,-1477.79,1,觸發停損
全期間2021-2026,一次買完,3037,欣興,2021-01-11,2021-01-13,84.93,87.34,2.23,2787.33,2,觸發停損
全期間2021-2026,一次買完,3189,景碩,2021-01-11,2021-01-13,79.02,79.38,-0.15,-187.44,2,觸發停損
全期間2021-2026,一次買完,3529,力旺,2021-01-11,2021-01-13,617.97,634.13,2.0,2501.93,2,觸發停損
全期間2021-2026,一次買完,3324,雙鴻,2021-01-18,2021-01-19,214.85,209.15,-3.24,-4044.25,1,觸發停損
全期間2021-2026,一次買完,3227,未知,2021-01-18,2021-01-19,143.77,143.04,-1.1,-1380.1,1,觸發停損
全期間2021-2026,一次買完,3711,日月光投控,2021-01-18,2021-01-20,77.09,80.16,3.36,4197.6,2,觸發停損
全期間2021-2026,一次買完,2395,研華,2021-01-18,2021-01-20,291.14,294.69,0.61,765.47,2,觸發停損
全期間2021-2026,一次買完,2303,聯電,2021-01-18,2021-01-20,36.84,38.66,4.31,5383.51,2,觸發停損
全期間2021-2026,一次買完,3374,未知,2021-01-18,2021-01-20,183.29,176.5,-4.28,-5051.15,2,觸發停損
全期間2021-2026,一次買完,3105,穩懋,2021-01-18,2021-01-27,380.76,390.18,1.86,2325.62,9,積分轉負
全期間2021-2026,一次買完,2449,京元電子,2021-01-18,2021-01-28,27.51,28.55,3.16,3953.67,10,積分轉負
全期間2021-2026,一次買完,2317,鴻海,2021-01-25,2021-01-29,98.31,89.12,-9.89,-10385.52,4,積分轉負
全期間2021-2026,一次買完,2382,廣達,2021-01-25,2021-01-29,60.53,57.94,-4.84,-8914.99,4,積分轉負
全期間2021-2026,一次買完,3231,緯創,2021-01-25,2021-02-01,23.6,23.52,-0.92,-1669.88,7,積分轉負
全期間2021-2026,一次買完,2376,技嘉,2021-01-25,2021-02-01,59.56,57.05,-4.79,-7156.57,7,積分轉負
全期間2021-2026,一次買完,2324,仁寶,2021-01-25,2021-02-23,15.91,16.17,1.03,1256.89,29,積分轉負
全期間2021-2026,一次買完,5269,祥碩,2021-02-01,2021-02-05,1757.81,1735.61,-1.85,-1568.42,4,積分轉負
全期間2021-2026,一次買完,3529,力旺,2021-02-01,2021-02-18,675.01,848.99,25.02,5176.25,17,15%停利
全期間2021-2026,一次買完,2492,未知,2021-02-01,2021-02-19,194.93,225.58,15.03,15815.96,18,15%停利
全期間2021-2026,一次買完,6415,未知,2021-02-01,2021-02-23,685.49,715.61,3.77,2912.06,22,積分轉負
全期間2021-2026,一次買完,2330,台積電,2021-02-01,2021-02-23,553.42,580.6,4.28,4780.52,22,積分轉負
全期間2021-2026,一次買完,2412,未知,2021-02-01,2021-03-02,86.78,87.18,-0.14,-638.8,29,積分轉負
全期間2021-2026,一次買完,2492,未知,2021-02-22,2021-02-25,237.49,228.98,-4.16,-9569.49,3,積分轉負
全期間2021-2026,一次買完,2368,金像電,2021-03-08,2021-03-10,56.44,53.84,-5.19,-3824.23,2,積分轉負
全期間2021-2026,一次買完,3189,景碩,2021-03-08,2021-03-17,82.14,82.59,-0.06,-35.74,9,積分轉負
全期間2021-2026,一次買完,3105,穩懋,2021-03-08,2021-03-18,340.84,344.88,0.58,462.81,10,積分轉負
全期間2021-2026,一次買完,2357,華碩,2021-03-08,2021-03-19,208.48,249.45,18.94,25311.48,11,15%停利
全期間2021-2026,一次買完,8299,群聯,2021-03-08,2021-03-19,356.19,366.0,2.14,1511.4,11,積分轉負
全期間2021-2026,一次買完,3231,緯創,2021-03-08,2021-03-25,24.05,25.11,3.78,7582.44,17,積分轉負
全期間2021-2026,一次買完,2324,仁寶,2021-03-08,2021-03-29,16.65,19.4,15.82,29217.85,21,15%停利
全期間2021-2026,一次買完,2356,英業達,2021-03-08,2021-04-01,19.8,20.61,3.46,6413.13,24,積分轉負
全期間2021-2026,一次買完,3661,世芯-KY,2021-03-15,2021-03-22,894.24,851.25,-5.38,-3759.55,7,積分轉負
全期間2021-2026,一次買完,2317,鴻海,2021-03-22,2021-03-25,103.91,101.11,-3.27,-4973.38,3,積分轉負
全期間2021-2026,一次買完,4958,未知,2021-03-22,2021-04-01,101.61,94.41,-7.64,-3439.1,10,觸發停損
全期間2021-2026,一次買完,5434,未知,2021-03-22,2021-04-13,101.54,101.92,-0.23,-551.69,22,積分轉負
全期間2021-2026,一次買完,6531,愛普*,2021-03-29,2021-04-07,400.95,393.28,-2.5,-3433.3,9,積分轉負
全期間2021-2026,一次買完,2436,未知,2021-03-29,2021-04-07,43.79,54.48,23.68,37602.36,9,15%停利
全期間2021-2026,一次買完,3034,聯詠,2021-03-29,2021-04-12,353.22,368.99,3.84,6625.34,14,觸發停損
全期間2021-2026,一次買完,3189,景碩,2021-03-29,2021-04-13,89.54,95.77,6.33,6347.09,15,觸發停損
全期間2021-2026,一次買完,8086,未知,2021-04-12,2021-04-14,151.12,143.7,-5.48,-8009.89,2,積分轉負
全期間2021-2026,一次買完,2303,聯電,2021-04-12,2021-04-15,39.77,39.4,-1.53,-2605.14,3,積分轉負
全期間2021-2026,一次買完,3413,未知,2021-04-12,2021-04-16,210.3,188.47,-10.92,-12646.4,4,積分轉負
全期間2021-2026,一次買完,2376,技嘉,2021-04-12,2021-04-21,76.85,78.7,1.79,3445.96,9,積分轉負
全期間2021-2026,一次買完,2353,宏碁,2021-04-12,2021-05-04,23.95,23.44,-2.74,-3214.25,22,觸發停損
全期間2021-2026,一次買完,6488,未知,2021-04-19,2021-04-23,717.97,725.74,0.48,938.12,4,積分轉負
全期間2021-2026,一次買完,2308,台達電,2021-04-19,2021-04-23,266.57,265.68,-0.93,-3065.61,4,積分轉負
全期間2021-2026,一次買完,2436,未知,2021-04-19,2021-05-04,64.84,65.51,0.43,489.95,15,觸發停損
全期間2021-2026,一次買完,6415,未知,2021-04-19,2021-05-06,644.53,745.73,15.01,17875.88,17,15%停利
全期間2021-2026,一次買完,2303,聯電,2021-04-26,2021-05-03,45.86,39.33,-14.75,-29057.63,7,觸發停損
全期間2021-2026,一次買完,3533,嘉澤,2021-04-26,2021-05-05,442.81,424.0,-4.82,-15097.63,9,觸發停損
全期間2021-2026,一次買完,6182,未知,2021-04-26,2021-05-11,52.15,42.66,-18.69,-8713.93,15,積分轉負
全期間2021-2026,一次買完,2376,技嘉,2021-04-26,2021-05-12,86.46,76.85,-11.64,-18860.21,16,觸發停損
全期間2021-2026,一次買完,3529,力旺,2021-05-03,2021-05-06,974.49,926.95,-5.45,-9146.15,3,積分轉負
全期間2021-2026,一次買完,5347,未知,2021-05-10,2021-05-12,89.87,79.66,-11.88,-22081.67,2,觸發停損
全期間2021-2026,一次買完,4966,譜瑞-KY,2021-05-10,2021-05-12,1231.04,1160.44,-6.3,-7898.29,2,積分轉負
全期間2021-2026,一次買完,3533,嘉澤,2021-05-10,2021-05-13,453.06,399.21,-12.41,-22518.72,3,觸發停損
全期間2021-2026,一次買完,2353,宏碁,2021-05-10,2021-05-13,25.9,22.0,-15.56,-22868.41,3,觸發停損
全期間2021-2026,一次買完,2059,川湖,2021-05-10,2021-06-29,343.28,362.56,4.98,9049.86,50,積分轉負
全期間2021-2026,一次買完,6415,未知,2021-05-17,2021-05-24,663.81,805.96,20.69,29637.21,7,15%停利
全期間2021-2026,一次買完,5269,祥碩,2021-05-17,2021-05-26,1047.58,1300.6,23.41,27361.3,9,15%停利
全期間2021-2026,一次買完,2345,智邦,2021-05-17,2021-05-27,246.13,265.97,7.41,11392.9,10,積分轉負
全期間2021-2026,一次買完,2360,致茂,2021-05-17,2021-06-01,154.17,161.88,4.37,7925.9,15,積分轉負
全期間2021-2026,一次買完,2368,金像電,2021-05-17,2021-06-01,46.55,55.09,17.63,3936.88,15,15%停利
全期間2021-2026,一次買完,8046,南電,2021-05-17,2021-06-07,260.57,303.71,15.86,20224.1,21,15%停利
全期間2021-2026,一次買完,6415,未知,2021-05-24,2021-06-04,805.96,813.19,0.29,507.06,11,積分轉負
全期間2021-2026,一次買完,5269,祥碩,2021-05-31,2021-06-07,1340.55,1238.45,-8.17,-22961.81,7,積分轉負
全期間2021-2026,一次買完,3037,欣興,2021-05-31,2021-06-17,100.68,119.92,18.4,5092.31,17,15%停利
全期間2021-2026,一次買完,2337,未知,2021-06-07,2021-06-09,36.7,35.94,-2.67,-5287.63,2,積分轉負
全期間2021-2026,一次買完,8046,南電,2021-06-07,2021-06-11,303.71,298.11,-2.43,-3640.54,4,積分轉負
全期間2021-2026,一次買完,3653,健策,2021-06-07,2021-06-15,259.26,242.53,-7.01,-12713.36,8,積分轉負
全期間2021-2026,一次買完,4966,譜瑞-KY,2021-06-07,2021-06-17,1310.46,1288.4,-2.27,-1958.62,10,積分轉負
全期間2021-2026,一次買完,3017,奇鋐,2021-06-07,2021-06-28,63.74,71.8,11.97,21437.73,21,積分轉負
全期間2021-2026,一次買完,3035,智原,2021-06-28,2021-07-07,69.21,83.27,19.59,21546.23,9,15%停利
全期間2021-2026,一次買完,2308,台達電,2021-06-28,2021-07-09,265.68,263.89,-1.27,-3089.43,11,積分轉負
全期間2021-2026,一次買完,6269,未知,2021-06-28,2021-07-09,114.3,110.45,-3.95,-186.03,11,積分轉負
全期間2021-2026,一次買完,8086,未知,2021-06-28,2021-07-12,145.09,173.37,18.77,22008.3,14,15%停利
全期間2021-2026,一次買完,6415,未知,2021-06-28,2021-07-16,879.45,945.71,6.89,7501.23,18,積分轉負
全期間2021-2026,一次買完,5483,未知,2021-06-28,2021-07-27,147.77,155.65,4.7,5629.95,29,觸發停損
全期間2021-2026,一次買完,2455,全新,2021-06-28,2021-07-28,120.45,116.52,-3.84,-4643.93,30,積分轉負
全期間2021-2026,一次買完,3413,未知,2021-07-05,2021-07-19,188.08,188.47,-0.4,-754.55,14,積分轉負
全期間2021-2026,一次買完,6202,未知,2021-07-12,2021-07-16,93.92,111.33,17.83,54545.06,4,15%停利
全期間2021-2026,一次買完,8046,南電,2021-07-12,2021-07-26,369.29,332.62,-10.47,-21817.21,14,積分轉負
全期間2021-2026,一次買完,3443,創意,2021-07-12,2021-07-28,440.18,387.89,-12.41,-186.25,16,觸發停損
全期間2021-2026,一次買完,6531,愛普*,2021-08-02,2021-08-05,350.89,340.96,-3.41,-3691.74,3,積分轉負
全期間2021-2026,一次買完,6223,未知,2021-08-02,2021-08-06,149.36,135.22,-10.01,-11031.51,4,積分轉負
全期間2021-2026,一次買完,4966,譜瑞-KY,2021-08-02,2021-08-09,1553.14,1482.54,-5.12,-5682.23,7,積分轉負
全期間2021-2026,一次買完,3131,弘塑,2021-08-02,2021-08-09,365.81,364.07,-1.07,-1579.19,7,積分轉負
全期間2021-2026,一次買完,2337,未知,2021-08-02,2021-08-09,37.43,36.58,-2.85,-5653.23,7,積分轉負
全期間2021-2026,一次買完,5269,祥碩,2021-08-02,2021-08-09,1780.0,1695.66,-5.31,-5985.17,7,積分轉負
全期間2021-2026,一次買完,3529,力旺,2021-08-02,2021-08-10,1291.35,1262.65,-2.81,-3043.7,8,積分轉負
全期間2021-2026,一次買完,8081,未知,2021-08-02,2021-08-27,192.12,183.59,-5.02,-5147.6,25,積分轉負
全期間2021-2026,一次買完,6412,未知,2021-08-09,2021-08-11,53.98,52.53,-3.27,-2627.88,2,積分轉負
全期間2021-2026,一次買完,2303,聯電,2021-08-09,2021-08-13,47.42,44.13,-7.5,-5733.41,4,積分轉負
全期間2021-2026,一次買完,6415,未知,2021-08-09,2021-08-13,975.98,907.13,-7.61,-6103.53,4,積分轉負
全期間2021-2026,一次買完,2059,川湖,2021-08-09,2021-08-13,344.2,335.94,-2.98,-4348.74,4,積分轉負
全期間2021-2026,一次買完,5347,未知,2021-08-09,2021-08-16,112.24,107.92,-4.42,-3617.19,7,積分轉負
全期間2021-2026,一次買完,2412,未知,2021-08-09,2021-08-25,93.55,90.97,-3.34,-12907.73,16,觸發停損
全期間2021-2026,一次買完,3081,聯亞,2021-08-16,2021-08-19,203.15,181.9,-11.0,-881.91,3,觸發停損
全期間2021-2026,一次買完,4966,譜瑞-KY,2021-08-16,2021-09-01,1451.65,1676.5,14.8,12905.95,16,15%停利
全期間2021-2026,一次買完,3443,創意,2021-08-16,2021-09-01,365.55,424.02,15.3,17695.53,16,15%停利
全期間2021-2026,一次買完,2356,英業達,2021-08-16,2021-10-18,19.63,21.87,10.7,36006.27,63,積分轉負
全期間2021-2026,一次買完,3661,世芯-KY,2021-08-23,2021-09-06,615.27,718.45,16.07,1147.26,14,15%停利
全期間2021-2026,一次買完,6488,未知,2021-08-30,2021-09-08,762.59,755.6,-1.51,-3902.88,9,積分轉負
全期間2021-2026,一次買完,3189,景碩,2021-08-30,2021-09-09,183.67,182.77,-1.08,-2301.33,10,積分轉負
全期間2021-2026,一次買完,8046,南電,2021-09-06,2021-09-09,394.6,365.89,-7.83,-10435.25,3,積分轉負
全期間2021-2026,一次買完,3017,奇鋐,2021-09-06,2021-09-30,70.36,72.94,3.04,3303.6,24,積分轉負
全期間2021-2026,一次買完,3044,健鼎,2021-09-13,2021-09-15,92.09,91.3,-1.45,-365.11,2,積分轉負
全期間2021-2026,一次買完,5434,未知,2021-09-13,2021-09-28,114.06,112.86,-1.65,-2115.38,15,積分轉負
全期間2021-2026,一次買完,3443,創意,2021-09-13,2021-10-08,439.23,505.78,14.46,11592.48,25,15%停利
全期間2021-2026,一次買完,6214,未知,2021-09-13,2021-10-13,68.3,66.97,-2.53,-8971.33,30,積分轉負
全期間2021-2026,一次買完,3653,健策,2021-09-27,2021-10-20,274.53,321.42,16.38,4060.72,23,15%停利
全期間2021-2026,一次買完,6282,康舒,2021-10-04,2021-10-06,25.66,24.5,-5.09,-5426.3,2,積分轉負
全期間2021-2026,一次買完,2382,廣達,2021-10-04,2021-10-21,58.93,59.39,0.17,227.65,17,積分轉負
全期間2021-2026,一次買完,3035,智原,2021-10-18,2021-10-22,128.95,152.27,17.38,20138.52,4,15%停利
全期間2021-2026,一次買完,5269,祥碩,2021-10-18,2021-10-26,1388.67,1496.53,7.12,7933.53,8,積分轉負
全期間2021-2026,一次買完,2353,宏碁,2021-10-18,2021-10-28,19.58,20.35,3.33,13260.38,10,積分轉負
全期間2021-2026,一次買完,3661,世芯-KY,2021-10-18,2021-11-01,898.03,1088.82,20.52,21448.08,14,15%停利
全期間2021-2026,一次買完,6510,未知,2021-10-18,2021-11-02,650.34,660.57,0.97,665.84,15,觸發停損
全期間2021-2026,一次買完,3529,力旺,2021-10-18,2021-11-11,2080.51,2267.04,8.31,9250.83,24,積分轉負
全期間2021-2026,一次買完,3037,欣興,2021-10-25,2021-10-28,136.03,161.34,17.9,13195.64,3,15%停利
全期間2021-2026,一次買完,3189,景碩,2021-10-25,2021-11-01,219.51,214.58,-2.83,-6301.14,7,積分轉負
全期間2021-2026,一次買完,3533,嘉澤,2021-11-01,2021-11-04,527.02,505.9,-4.58,-7642.81,3,積分轉負
全期間2021-2026,一次買完,3443,創意,2021-11-01,2021-11-09,578.99,561.87,-3.54,-3520.87,8,積分轉負
全期間2021-2026,一次買完,3653,健策,2021-11-01,2021-11-11,330.79,326.96,-1.75,-1819.02,10,積分轉負
全期間2021-2026,一次買完,2313,華通,2021-11-01,2021-11-12,35.86,34.89,-3.29,-5658.78,11,積分轉負
全期間2021-2026,一次買完,6412,未知,2021-11-01,2021-11-26,54.59,56.72,3.29,7675.0,25,觸發停損
全期間2021-2026,一次買完,6257,未知,2021-11-01,2021-11-26,45.81,45.35,-1.6,-2957.36,25,積分轉負
全期間2021-2026,一次買完,2376,技嘉,2021-11-08,2021-11-23,103.22,103.99,0.15,334.9,15,積分轉負
全期間2021-2026,一次買完,2436,未知,2021-11-15,2021-11-19,92.57,91.29,-1.98,-2628.2,4,積分轉負
全期間2021-2026,一次買完,6669,緯穎,2021-11-15,2021-11-24,836.35,852.71,1.35,1951.54,9,積分轉負
全期間2021-2026,一次買完,2454,聯發科,2021-11-15,2021-11-24,751.75,762.75,0.86,1773.16,9,積分轉負
全期間2021-2026,一次買完,5269,祥碩,2021-11-22,2021-11-26,1779.65,1662.81,-7.12,-9257.1,4,積分轉負
全期間2021-2026,一次買完,3533,嘉澤,2021-11-29,2021-12-02,612.36,591.24,-4.03,-3416.57,3,積分轉負
全期間2021-2026,一次買完,2356,英業達,2021-11-29,2021-12-03,21.54,21.2,-2.12,-5373.4,4,積分轉負
全期間2021-2026,一次買完,6414,樺漢,2021-11-29,2021-12-06,192.49,188.94,-2.43,-2345.79,7,積分轉負
全期間2021-2026,一次買完,8046,南電,2021-11-29,2021-12-07,508.15,509.89,-0.26,-268.73,8,積分轉負
全期間2021-2026,一次買完,3532,未知,2021-11-29,2021-12-08,215.16,264.95,22.4,14744.78,9,15%停利
全期間2021-2026,一次買完,3653,健策,2021-11-29,2021-12-09,361.49,365.75,0.57,533.41,10,積分轉負
全期間2021-2026,一次買完,6182,未知,2021-11-29,2021-12-10,77.04,77.04,-0.6,-540.59,11,積分轉負
全期間2021-2026,一次買完,2353,宏碁,2021-11-29,2021-12-13,21.51,22.59,4.41,9360.0,14,積分轉負
全期間2021-2026,一次買完,2449,京元電子,2021-12-06,2021-12-13,34.97,34.55,-1.81,-4685.83,7,積分轉負
全期間2021-2026,一次買完,3034,聯詠,2021-12-06,2021-12-27,328.67,345.59,4.52,8711.19,21,積分轉負
全期間2021-2026,一次買完,2412,未知,2021-12-06,2022-01-04,94.28,95.52,0.71,711.5,29,積分轉負
全期間2021-2026,一次買完,8299,群聯,2021-12-13,2021-12-15,401.88,387.48,-4.16,-6979.28,2,積分轉負
全期間2021-2026,一次買完,8114,未知,2021-12-13,2021-12-16,98.49,104.62,5.59,9647.69,3,觸發停損
全期間2021-2026,一次買完,3105,穩懋,2021-12-13,2021-12-20,352.46,338.18,-4.63,-9590.2,7,積分轉負
全期間2021-2026,一次買完,2376,技嘉,2021-12-13,2021-12-20,123.71,118.68,-4.64,-7410.57,7,積分轉負
全期間2021-2026,一次買完,5483,未知,2021-12-13,2021-12-21,176.64,172.68,-2.83,-3831.54,8,積分轉負
全期間2021-2026,一次買完,6196,未知,2021-12-20,2022-01-05,135.01,147.32,8.47,23763.93,16,積分轉負
全期間2021-2026,一次買完,5434,未知,2021-12-20,2022-01-11,121.29,132.94,8.95,36911.96,22,觸發停損
全期間2021-2026,一次買完,2357,華碩,2021-12-27,2022-01-12,265.84,269.77,0.87,2896.8,16,積分轉負
全期間2021-2026,一次買完,6196,未知,2022-01-10,2022-01-14,155.82,145.2,-7.37,-3731.02,4,積分轉負
全期間2021-2026,一次買完,3413,未知,2022-01-10,2022-01-14,194.38,191.61,-2.02,-1255.9,4,積分轉負
全期間2021-2026,一次買完,2324,仁寶,2022-01-10,2022-01-26,19.62,19.89,0.8,2344.98,16,積分轉負
全期間2021-2026,一次買完,3711,日月光投控,2022-01-17,2022-01-20,85.64,83.65,-2.9,-3187.4,3,積分轉負
全期間2021-2026,一次買完,2330,台積電,2022-01-17,2022-01-21,629.47,590.77,-6.71,-8857.66,4,觸發停損
全期間2021-2026,一次買完,2353,宏碁,2022-01-17,2022-01-21,23.56,22.83,-3.7,-1381.23,4,積分轉負
全期間2021-2026,一次買完,3017,奇鋐,2022-01-17,2022-01-25,82.14,85.0,2.86,2623.22,8,積分轉負
全期間2021-2026,一次買完,3231,緯創,2022-01-17,2022-02-11,24.53,25.23,2.2,5786.97,25,積分轉負
全期間2021-2026,一次買完,3044,健鼎,2022-01-17,2022-02-11,99.6,100.39,0.19,369.53,25,積分轉負
全期間2021-2026,一次買完,5388,未知,2022-01-17,2022-02-14,61.29,62.13,0.75,498.34,28,積分轉負
全期間2021-2026,一次買完,2360,致茂,2022-01-24,2022-01-26,190.74,185.92,-3.11,-4314.56,2,積分轉負
全期間2021-2026,一次買完,2356,英業達,2022-01-24,2022-02-15,21.04,20.83,-1.57,-2002.83,22,積分轉負
全期間2021-2026,一次買完,8210,勤誠,2022-02-07,2022-02-18,79.39,77.25,-3.27,-17135.86,11,積分轉負
全期間2021-2026,一次買完,5269,祥碩,2022-02-14,2022-02-23,1613.37,1572.93,-3.09,-7341.88,9,積分轉負
全期間2021-2026,一次買完,8299,群聯,2022-02-14,2022-03-07,411.11,409.85,-0.9,-2627.88,21,觸發停損
全期間2021-2026,一次買完,2317,鴻海,2022-02-21,2022-02-23,87.85,87.02,-1.54,-2243.61,2,積分轉負
全期間2021-2026,一次買完,2353,宏碁,2022-02-21,2022-02-25,23.33,22.28,-5.05,-8415.18,4,積分轉負
全期間2021-2026,一次買完,2357,華碩,2022-02-21,2022-02-25,270.12,265.13,-2.44,-5066.21,4,積分轉負
全期間2021-2026,一次買完,2337,未知,2022-02-21,2022-03-08,39.07,36.31,-7.6,-8438.34,15,觸發停損
全期間2021-2026,一次買完,3005,未知,2022-03-07,2022-03-09,43.41,43.49,-0.42,-1435.9,2,積分轉負
全期間2021-2026,一次買完,8996,高力,2022-03-07,2022-03-11,52.73,61.16,15.29,40737.26,4,15%停利
全期間2021-2026,一次買完,3081,聯亞,2022-03-07,2022-03-15,161.93,152.58,-6.34,-25052.87,8,積分轉負
全期間2021-2026,一次買完,6669,緯穎,2022-03-14,2022-03-15,887.17,813.95,-8.8,-27353.43,1,觸發停損
全期間2021-2026,一次買完,6239,未知,2022-03-14,2022-03-16,75.52,73.2,-3.65,-9039.03,2,積分轉負
全期間2021-2026,一次買完,2455,全新,2022-03-14,2022-03-31,105.16,101.15,-4.39,-9282.12,17,積分轉負
全期間2021-2026,一次買完,6182,未知,2022-03-21,2022-03-25,68.79,64.52,-6.76,-7799.76,4,積分轉負
全期間2021-2026,一次買完,3532,未知,2022-03-21,2022-03-28,318.29,267.62,-16.42,-12828.56,7,觸發停損
全期間2021-2026,一次買完,2353,宏碁,2022-03-21,2022-04-01,23.44,22.94,-2.73,-4788.11,11,積分轉負
全期間2021-2026,一次買完,2303,聯電,2022-03-21,2022-04-06,40.99,39.15,-5.06,-8134.62,16,觸發停損
全期間2021-2026,一次買完,2458,未知,2022-03-21,2022-04-06,123.79,122.7,-1.48,-1125.23,16,積分轉負
全期間2021-2026,一次買完,2368,金像電,2022-03-21,2022-04-11,79.89,79.4,-1.21,-1366.43,21,積分轉負
全期間2021-2026,一次買完,4958,未知,2022-03-21,2022-05-10,90.57,86.39,-5.18,-8995.48,50,積分轉負
全期間2021-2026,一次買完,3653,健策,2022-03-28,2022-04-25,349.55,315.45,-10.3,-17794.46,28,觸發停損
全期間2021-2026,一次買完,6206,未知,2022-04-11,2022-04-26,57.77,57.24,-1.52,-3156.65,15,積分轉負
全期間2021-2026,一次買完,2412,未知,2022-04-11,2022-05-03,107.51,105.44,-2.51,-12675.92,22,觸發停損
全期間2021-2026,一次買完,3374,未知,2022-04-25,2022-05-05,126.2,123.9,-2.41,-3739.63,10,積分轉負
全期間2021-2026,一次買完,2317,鴻海,2022-05-09,2022-05-12,86.19,84.53,-2.51,-12028.83,3,積分轉負
全期間2021-2026,一次買完,2356,英業達,2022-05-09,2022-05-12,21.37,20.83,-3.1,-7763.05,3,積分轉負
全期間2021-2026,一次買完,3443,創意,2022-05-09,2022-05-19,443.03,520.04,16.68,19626.44,10,15%停利
全期間2021-2026,一次買完,2356,英業達,2022-05-16,2022-05-23,21.87,21.16,-3.79,-6741.42,7,積分轉負
全期間2021-2026,一次買完,6515,穎崴,2022-05-16,2022-05-24,336.86,319.13,-5.83,-4936.63,8,積分轉負
全期間2021-2026,一次買完,2303,聯電,2022-05-16,2022-05-24,37.88,37.54,-1.5,-1628.71,8,積分轉負
全期間2021-2026,一次買完,2353,宏碁,2022-05-16,2022-05-24,22.21,21.12,-5.45,-7971.84,8,積分轉負
全期間2021-2026,一次買完,6770,未知,2022-05-16,2022-05-26,55.82,54.07,-3.71,-4665.29,10,積分轉負
全期間2021-2026,一次買完,2317,鴻海,2022-05-16,2022-06-13,86.61,92.41,6.06,14052.86,28,積分轉負
全期間2021-2026,一次買完,3017,奇鋐,2022-05-23,2022-06-01,103.14,103.6,-0.15,-392.59,9,積分轉負
全期間2021-2026,一次買完,4958,未知,2022-05-23,2022-06-07,90.99,98.5,7.61,4117.72,15,積分轉負
全期間2021-2026,一次買完,3680,未知,2022-05-30,2022-06-13,232.51,219.37,-6.22,-12011.82,14,積分轉負
全期間2021-2026,一次買完,3711,日月光投控,2022-05-30,2022-06-14,81.67,80.88,-1.56,-3951.36,15,積分轉負
全期間2021-2026,一次買完,3105,穩懋,2022-06-06,2022-06-09,215.62,207.33,-4.42,-7467.24,3,積分轉負
全期間2021-2026,一次買完,3374,未知,2022-06-06,2022-06-15,135.41,128.87,-5.4,-4587.47,9,積分轉負
全期間2021-2026,一次買完,8114,未知,2022-06-13,2022-06-16,114.43,99.31,-13.73,-4734.21,3,觸發停損
全期間2021-2026,一次買完,2404,未知,2022-06-13,2022-06-17,139.77,137.51,-2.21,-13532.74,4,積分轉負
全期間2021-2026,一次買完,1503,未知,2022-06-20,2022-06-30,54.27,55.9,2.38,6997.88,10,積分轉負
全期間2021-2026,一次買完,2412,未知,2022-06-20,2022-07-11,103.38,106.3,2.22,14715.06,21,積分轉負
全期間2021-2026,一次買完,6206,未知,2022-07-04,2022-07-11,69.54,69.62,-0.49,-24.14,7,積分轉負
全期間2021-2026,一次買完,4979,未知,2022-07-04,2022-07-15,24.92,25.31,0.94,1041.54,11,觸發停損
全期間2021-2026,一次買完,1513,未知,2022-07-04,2022-07-18,47.37,46.52,-2.39,-2645.76,14,積分轉負
全期間2021-2026,一次買完,8114,未知,2022-07-04,2022-07-20,112.94,113.78,0.15,108.19,16,積分轉負
全期間2021-2026,一次買完,2357,華碩,2022-07-11,2022-07-18,220.88,220.17,-0.92,-2150.62,7,積分轉負
全期間2021-2026,一次買完,2313,華通,2022-07-11,2022-07-25,38.53,42.92,10.72,16673.17,14,積分轉負
全期間2021-2026,一次買完,6282,康舒,2022-07-11,2022-07-26,27.76,27.67,-0.93,-1634.98,15,積分轉負
全期間2021-2026,一次買完,3231,緯創,2022-07-11,2022-08-10,21.72,25.0,14.44,17044.95,30,15%停利
全期間2021-2026,一次買完,3017,奇鋐,2022-07-18,2022-08-02,95.77,105.9,9.92,23688.38,15,積分轉負
全期間2021-2026,一次買完,6285,未知,2022-07-18,2022-08-15,61.68,69.4,11.84,25223.67,28,積分轉負
全期間2021-2026,一次買完,2492,未知,2022-07-25,2022-08-02,89.68,84.4,-6.45,-2088.47,8,積分轉負
全期間2021-2026,一次買完,3380,明泰,2022-07-25,2022-09-14,27.6,29.78,7.26,15515.36,51,觸發停損
全期間2021-2026,一次買完,1513,未知,2022-08-01,2022-08-05,53.06,51.81,-2.95,-5157.85,4,積分轉負
全期間2021-2026,一次買完,3680,未知,2022-08-08,2022-08-11,228.5,222.1,-3.38,-5119.56,3,積分轉負
全期間2021-2026,一次買完,3529,力旺,2022-08-08,2022-08-15,1166.73,1345.86,14.66,18820.12,7,15%停利
全期間2021-2026,一次買完,2313,華通,2022-08-08,2022-08-18,44.5,43.49,-2.85,-2219.5,10,積分轉負
全期間2021-2026,一次買完,3081,聯亞,2022-08-08,2022-08-19,137.16,158.56,14.91,15601.08,11,15%停利
全期間2021-2026,一次買完,1513,未知,2022-08-15,2022-08-17,58.09,55.67,-4.75,-9217.16,2,積分轉負
全期間2021-2026,一次買完,5347,未知,2022-08-15,2022-08-19,67.04,64.3,-4.67,-7265.49,4,積分轉負
全期間2021-2026,一次買完,2345,智邦,2022-08-15,2022-08-23,262.79,259.49,-1.85,-2564.73,8,積分轉負
全期間2021-2026,一次買完,5434,未知,2022-08-15,2022-08-30,139.96,136.99,-2.71,-4812.04,15,積分轉負
全期間2021-2026,一次買完,1513,未知,2022-08-22,2022-08-26,58.72,57.64,-2.42,-12504.66,4,積分轉負
全期間2021-2026,一次買完,8050,未知,2022-08-22,2022-09-13,58.74,68.78,16.38,2120.87,22,15%停利
全期間2021-2026,一次買完,3661,世芯-KY,2022-08-29,2022-09-06,841.18,815.17,-3.67,-6257.38,8,積分轉負
全期間2021-2026,一次買完,6533,未知,2022-08-29,2022-09-26,373.85,391.29,4.04,18983.15,28,觸發停損
全期間2021-2026,一次買完,2301,未知,2022-09-05,2022-09-22,57.98,57.12,-2.07,-3581.85,17,積分轉負
全期間2021-2026,一次買完,6285,未知,2022-09-12,2022-09-26,76.44,68.98,-10.3,-16911.95,14,觸發停損
全期間2021-2026,一次買完,2376,技嘉,2022-09-19,2022-09-21,84.7,79.99,-6.13,-10567.7,2,積分轉負
全期間2021-2026,一次買完,3533,嘉澤,2022-09-19,2022-09-28,721.51,662.89,-8.67,-6233.72,9,積分轉負
全期間2021-2026,一次買完,2368,金像電,2022-09-26,2022-09-28,89.37,82.19,-8.59,-54228.68,2,積分轉負
全期間2021-2026,一次買完,5227,未知,2022-09-26,2022-10-06,69.02,82.35,18.6,62528.21,10,15%停利
全期間2021-2026,一次買完,2353,宏碁,2022-10-03,2022-10-11,18.58,18.28,-2.19,-5261.34,8,積分轉負
全期間2021-2026,一次買完,5347,未知,2022-10-03,2022-10-11,55.81,52.3,-6.86,-11764.12,8,觸發停損
全期間2021-2026,一次買完,6770,未知,2022-10-03,2022-10-12,28.55,27.86,-3.01,-4164.65,9,積分轉負
全期間2021-2026,一次買完,3189,景碩,2022-10-03,2022-11-09,87.12,104.75,19.51,18092.31,37,15%停利
全期間2021-2026,一次買完,2337,未知,2022-10-17,2022-10-20,30.36,29.94,-1.97,-2765.89,3,積分轉負
全期間2021-2026,一次買完,2308,台達電,2022-10-17,2022-10-20,250.39,247.59,-1.71,-2894.1,3,積分轉負
全期間2021-2026,一次買完,3289,宜特,2022-10-17,2022-10-21,64.96,60.51,-7.41,-6515.49,4,積分轉負
全期間2021-2026,一次買完,2492,未知,2022-10-17,2022-10-21,71.02,67.88,-4.99,-7226.39,4,積分轉負
全期間2021-2026,一次買完,6412,未知,2022-10-17,2022-10-25,55.48,57.03,2.18,4729.01,8,積分轉負
全期間2021-2026,一次買完,2454,聯發科,2022-10-17,2022-11-11,466.08,564.45,20.38,29358.28,25,15%停利
全期間2021-2026,一次買完,3105,穩懋,2022-10-17,2022-11-14,127.49,147.36,14.9,3556.59,28,15%停利
全期間2021-2026,一次買完,2421,建準,2022-10-24,2022-10-26,36.79,34.62,-6.44,-15591.68,2,積分轉負
全期間2021-2026,一次買完,6770,未知,2022-10-24,2022-10-26,30.73,30.18,-2.36,-5410.43,2,積分轉負
全期間2021-2026,一次買完,2303,聯電,2022-10-24,2022-11-15,32.14,38.01,17.57,9097.1,22,15%停利
全期間2021-2026,一次買完,2412,未知,2022-10-31,2022-11-02,95.16,93.01,-2.84,-3401.12,2,積分轉負
全期間2021-2026,一次買完,2356,英業達,2022-10-31,2022-11-03,21.42,20.54,-4.67,-14743.53,3,積分轉負
全期間2021-2026,一次買完,6533,未知,2022-10-31,2022-11-10,371.85,443.63,18.59,19871.35,10,15%停利
全期間2021-2026,一次買完,3587,閎康,2022-10-31,2022-11-15,116.86,117.28,-0.24,-306.89,15,積分轉負
全期間2021-2026,一次買完,6643,M31,2022-11-07,2022-11-18,279.96,340.69,20.97,67631.76,11,15%停利
全期間2021-2026,一次買完,2353,宏碁,2022-11-07,2022-11-22,20.58,20.71,0.02,16.97,15,積分轉負
全期間2021-2026,一次買完,6488,未知,2022-11-14,2022-11-21,416.24,426.57,1.87,4744.96,7,積分轉負
全期間2021-2026,一次買完,3529,力旺,2022-11-14,2022-11-22,1374.9,1437.84,3.95,7272.58,8,積分轉負
全期間2021-2026,一次買完,1513,未知,2022-11-21,2022-12-02,50.01,58.54,16.36,19961.56,11,15%停利
全期間2021-2026,一次買完,6139,亞翔,2022-11-21,2022-12-06,28.51,32.89,14.68,21155.85,15,15%停利
全期間2021-2026,一次買完,3711,日月光投控,2022-11-21,2022-12-08,80.91,83.32,2.36,3923.52,17,積分轉負
全期間2021-2026,一次買完,3227,未知,2022-11-21,2022-12-08,78.9,81.34,2.48,4261.81,17,積分轉負
全期間2021-2026,一次買完,2357,華碩,2022-11-21,2022-12-08,212.04,220.26,3.25,6547.84,17,積分轉負
全期間2021-2026,一次買完,1503,未知,2022-11-21,2022-12-08,53.24,55.57,3.75,1259.22,17,積分轉負
全期間2021-2026,一次買完,5269,祥碩,2022-11-28,2022-11-30,690.11,684.56,-1.4,-3994.81,2,積分轉負
全期間2021-2026,一次買完,8046,南電,2022-12-05,2022-12-08,279.84,258.66,-8.12,-11350.14,3,積分轉負
全期間2021-2026,一次買完,6223,未知,2022-12-05,2022-12-14,121.44,110.27,-9.74,-27686.26,9,積分轉負
全期間2021-2026,一次買完,3587,閎康,2022-12-12,2022-12-15,139.81,137.68,-2.11,-1487.33,3,積分轉負
全期間2021-2026,一次買完,8050,未知,2022-12-12,2022-12-19,69.84,68.37,-2.69,-2558.96,7,積分轉負
全期間2021-2026,一次買完,6412,未知,2022-12-12,2022-12-19,60.38,59.72,-1.67,-4151.69,7,積分轉負
全期間2021-2026,一次買完,8299,群聯,2022-12-12,2022-12-21,280.29,276.91,-1.8,-1627.09,9,積分轉負
全期間2021-2026,一次買完,1513,未知,2022-12-12,2022-12-22,57.46,59.17,2.35,1920.92,10,積分轉負
全期間2021-2026,一次買完,2385,未知,2022-12-12,2022-12-27,66.95,68.29,1.4,1475.5,15,積分轉負
全期間2021-2026,一次買完,2412,未知,2022-12-12,2022-12-30,96.44,96.87,-0.16,-298.69,18,積分轉負
全期間2021-2026,一次買完,3231,緯創,2022-12-19,2022-12-29,27.09,26.16,-4.02,-26626.25,10,積分轉負
全期間2021-2026,一次買完,2356,英業達,2022-12-26,2023-01-12,22.91,22.47,-2.5,-4316.58,17,觸發停損
全期間2021-2026,一次買完,6274,台燿,2023-01-09,2023-01-13,53.41,49.66,-7.57,-9411.32,4,積分轉負
全期間2021-2026,一次買完,5347,未知,2023-01-09,2023-01-13,80.07,75.61,-6.13,-8370.36,4,積分轉負
全期間2021-2026,一次買完,2360,致茂,2023-01-09,2023-01-16,177.38,167.76,-5.99,-9137.19,7,積分轉負
全期間2021-2026,一次買完,2376,技嘉,2023-01-09,2023-01-16,100.87,100.87,-0.6,-782.77,7,積分轉負
全期間2021-2026,一次買完,3105,穩懋,2023-01-09,2023-02-03,165.3,177.42,6.69,6827.35,25,積分轉負
全期間2021-2026,一次買完,2455,全新,2023-01-09,2023-02-06,74.97,79.47,5.37,7145.65,28,積分轉負
全期間2021-2026,一次買完,3711,日月光投控,2023-01-09,2023-02-14,86.76,89.76,2.85,4385.56,36,積分轉負
全期間2021-2026,一次買完,6415,未知,2023-01-16,2023-01-31,504.22,583.88,15.11,23625.58,15,15%停利
全期間2021-2026,一次買完,5269,祥碩,2023-01-16,2023-02-02,748.31,887.81,17.93,32164.61,17,15%停利
全期間2021-2026,一次買完,6488,未知,2023-01-16,2023-02-07,449.78,479.41,5.95,19668.72,22,積分轉負
全期間2021-2026,一次買完,6719,未知,2023-01-16,2023-02-08,263.79,308.06,16.09,2925.22,23,15%停利
全期間2021-2026,一次買完,3529,力旺,2023-02-06,2023-02-09,1684.74,1602.44,-5.45,-6659.45,3,積分轉負
全期間2021-2026,一次買完,3653,健策,2023-02-06,2023-02-09,392.99,381.5,-3.5,-4607.37,3,積分轉負
全期間2021-2026,一次買完,3661,世芯-KY,2023-02-06,2023-02-14,910.38,889.89,-2.84,-3273.27,8,積分轉負
全期間2021-2026,一次買完,2449,京元電子,2023-02-06,2023-03-06,33.44,38.77,15.26,41430.86,28,15%停利
全期間2021-2026,一次買完,1513,未知,2023-02-13,2023-02-21,74.52,86.55,15.45,1773.07,8,15%停利
全期間2021-2026,一次買完,2385,未知,2023-02-13,2023-03-10,71.3,73.67,2.71,8652.0,25,積分轉負
全期間2021-2026,一次買完,2324,仁寶,2023-02-13,2023-03-13,20.31,21.12,3.39,9575.88,28,積分轉負
全期間2021-2026,一次買完,3034,聯詠,2023-02-20,2023-02-23,320.06,321.24,-0.23,-398.36,3,積分轉負
全期間2021-2026,一次買完,5434,未知,2023-02-20,2023-03-15,149.71,156.08,3.63,477.78,23,觸發停損
全期間2021-2026,一次買完,6531,愛普*,2023-02-20,2023-03-20,261.24,302.76,15.2,13065.16,28,15%停利
全期間2021-2026,一次買完,2345,智邦,2023-03-06,2023-03-17,287.75,277.39,-4.18,-6518.99,11,積分轉負
全期間2021-2026,一次買完,2449,京元電子,2023-03-06,2023-03-27,38.77,41.08,5.32,18168.45,21,積分轉負
全期間2021-2026,一次買完,8046,南電,2023-03-13,2023-03-15,239.73,233.88,-3.03,-7514.2,2,積分轉負
全期間2021-2026,一次買完,4966,譜瑞-KY,2023-03-13,2023-03-21,932.62,971.87,3.59,7339.55,8,觸發停損
全期間2021-2026,一次買完,3680,未知,2023-03-13,2023-03-22,292.23,336.77,14.55,24380.96,9,15%停利
全期間2021-2026,一次買完,6531,愛普*,2023-03-20,2023-03-27,302.76,295.29,-3.05,-4082.44,7,積分轉負
全期間2021-2026,一次買完,3443,創意,2023-03-20,2023-03-29,1126.27,972.25,-14.19,-14510.05,9,積分轉負
全期間2021-2026,一次買完,2356,英業達,2023-03-20,2023-04-06,25.06,29.76,18.03,19632.42,17,15%停利
全期間2021-2026,一次買完,6274,台燿,2023-03-20,2023-04-07,61.69,61.6,-0.74,-1164.63,18,積分轉負
全期間2021-2026,一次買完,2368,金像電,2023-03-27,2023-04-06,90.3,86.7,-4.55,-10081.83,10,積分轉負
全期間2021-2026,一次買完,8046,南電,2023-03-27,2023-04-07,257.31,246.94,-4.6,-10135.83,11,積分轉負
全期間2021-2026,一次買完,3680,未知,2023-03-27,2023-04-13,348.36,332.59,-5.1,-8169.1,17,積分轉負
全期間2021-2026,一次買完,3653,健策,2023-03-27,2023-04-14,467.19,459.05,-2.33,-4016.61,18,積分轉負
全期間2021-2026,一次買完,8086,未知,2023-03-27,2023-04-21,81.15,87.23,6.84,8141.4,25,觸發停損
全期間2021-2026,一次買完,1513,未知,2023-04-10,2023-04-13,91.13,96.97,5.77,10838.05,3,觸發停損
全期間2021-2026,一次買完,2455,全新,2023-04-10,2023-04-14,93.62,88.46,-6.07,-7074.55,4,積分轉負
全期間2021-2026,一次買完,2376,技嘉,2023-04-10,2023-04-14,121.31,119.53,-2.05,-3873.56,4,積分轉負
全期間2021-2026,一次買完,2324,仁寶,2023-04-10,2023-04-14,21.98,21.64,-2.15,-6470.85,4,積分轉負
全期間2021-2026,一次買完,2301,未知,2023-04-17,2023-04-19,67.41,65.53,-3.37,-7621.35,2,積分轉負
全期間2021-2026,一次買完,3324,雙鴻,2023-04-17,2023-04-19,236.97,229.42,-3.77,-3304.77,2,積分轉負
全期間2021-2026,一次買完,6719,未知,2023-04-17,2023-04-21,319.25,308.06,-4.08,-5278.25,4,積分轉負
全期間2021-2026,一次買完,6415,未知,2023-04-17,2023-04-21,503.78,469.48,-7.37,-8585.57,4,積分轉負
全期間2021-2026,一次買完,2345,智邦,2023-04-17,2023-04-21,294.81,278.33,-6.16,-7911.2,4,積分轉負
全期間2021-2026,一次買完,8081,未知,2023-04-17,2023-04-24,150.81,141.4,-6.79,-10625.03,7,觸發停損
全期間2021-2026,一次買完,3005,未知,2023-04-17,2023-05-10,50.86,53.21,3.99,6198.03,23,積分轉負
全期間2021-2026,一次買完,6830,汎銓,2023-04-24,2023-05-05,142.84,140.05,-2.54,-2104.56,11,積分轉負
全期間2021-2026,一次買完,3037,欣興,2023-04-24,2023-05-08,128.92,148.79,14.72,21945.67,14,15%停利
全期間2021-2026,一次買完,3680,未知,2023-04-24,2023-05-09,322.85,309.4,-4.74,-4794.42,15,積分轉負
全期間2021-2026,一次買完,2368,金像電,2023-04-24,2023-05-11,96.83,90.63,-6.96,-7324.22,17,積分轉負
全期間2021-2026,一次買完,2382,廣達,2023-04-24,2023-05-12,75.35,89.97,18.7,34177.32,18,15%停利
全期間2021-2026,一次買完,2404,未知,2023-04-24,2023-05-16,176.07,181.4,2.41,5814.99,22,積分轉負
全期間2021-2026,一次買完,8046,南電,2023-04-24,2023-06-07,241.99,261.36,7.36,10114.31,44,觸發停損
全期間2021-2026,一次買完,1503,未知,2023-05-08,2023-05-15,112.63,106.11,-6.35,-18296.98,7,積分轉負
全期間2021-2026,一次買完,3661,世芯-KY,2023-05-15,2023-05-19,1317.26,1527.05,15.23,14114.38,4,15%停利
全期間2021-2026,一次買完,1519,未知,2023-05-15,2023-05-19,74.95,88.16,16.92,12121.83,4,15%停利
全期間2021-2026,一次買完,2382,廣達,2023-05-15,2023-05-25,86.52,100.61,15.6,23348.01,10,15%停利
全期間2021-2026,一次買完,6414,樺漢,2023-05-15,2023-05-26,228.44,235.25,2.37,812.97,11,積分轉負
全期間2021-2026,一次買完,2357,華碩,2023-05-15,2023-05-30,249.44,249.85,-0.43,-932.46,15,積分轉負
全期間2021-2026,一次買完,2324,仁寶,2023-05-15,2023-06-15,23.28,25.8,10.15,28360.54,31,積分轉負
全期間2021-2026,一次買完,3363,上詮,2023-05-22,2023-05-25,40.93,38.39,-6.77,-9916.3,3,積分轉負
全期間2021-2026,一次買完,1503,未知,2023-05-22,2023-06-09,127.52,141.48,10.29,29973.93,18,積分轉負
全期間2021-2026,一次買完,3653,健策,2023-05-29,2023-06-01,589.73,577.28,-2.7,-5697.66,3,積分轉負
全期間2021-2026,一次買完,2449,京元電子,2023-05-29,2023-06-20,45.11,46.88,3.29,4389.79,22,積分轉負
全期間2021-2026,一次買完,2376,技嘉,2023-06-05,2023-06-13,187.97,217.74,15.15,33946.63,8,15%停利
全期間2021-2026,一次買完,8210,勤誠,2023-06-05,2023-06-15,108.2,128.25,17.83,34797.02,10,15%停利
全期間2021-2026,一次買完,2382,廣達,2023-06-12,2023-06-16,114.35,132.08,14.81,712.81,4,15%停利
全期間2021-2026,一次買完,2455,全新,2023-06-12,2023-07-03,114.32,113.59,-1.24,-2751.79,21,積分轉負
全期間2021-2026,一次買完,2383,台光電,2023-06-12,2023-07-10,222.99,262.76,17.13,41476.79,28,15%停利
全期間2021-2026,一次買完,2360,致茂,2023-06-19,2023-06-26,236.51,228.26,-4.07,-6165.88,7,積分轉負
全期間2021-2026,一次買完,2317,鴻海,2023-06-19,2023-06-30,98.05,98.48,-0.16,-247.16,11,積分轉負
全期間2021-2026,一次買完,3035,智原,2023-06-19,2023-07-03,188.88,219.15,15.34,31389.87,14,15%停利
全期間2021-2026,一次買完,1513,未知,2023-06-19,2023-07-06,115.37,117.62,1.34,2055.15,17,積分轉負
全期間2021-2026,一次買完,2382,廣達,2023-06-19,2023-07-07,132.96,142.27,6.36,8473.1,18,觸發停損
全期間2021-2026,一次買完,3680,未知,2023-06-26,2023-07-05,397.68,387.38,-3.17,-8993.42,9,積分轉負
全期間2021-2026,一次買完,6669,緯穎,2023-07-03,2023-07-12,1388.23,1611.09,15.36,34506.25,9,15%停利
全期間2021-2026,一次買完,8996,高力,2023-07-03,2023-07-12,360.1,332.51,-8.21,-15465.22,9,積分轉負
全期間2021-2026,一次買完,3035,智原,2023-07-03,2023-07-13,219.15,258.08,17.06,34057.37,10,15%停利
全期間2021-2026,一次買完,6274,台燿,2023-07-10,2023-07-14,72.84,89.09,21.58,86542.86,4,15%停利
全期間2021-2026,一次買完,2383,台光電,2023-07-10,2023-07-18,262.76,308.68,16.77,76234.79,8,15%停利
全期間2021-2026,一次買完,6285,未知,2023-07-17,2023-07-20,105.45,97.41,-8.18,-7960.42,3,積分轉負
全期間2021-2026,一次買完,6274,台燿,2023-07-17,2023-07-24,97.86,112.64,14.41,16326.66,7,15%停利
全期間2021-2026,一次買完,6239,未知,2023-07-17,2023-07-25,93.1,91.85,-1.94,-4745.42,8,積分轉負
全期間2021-2026,一次買完,8050,未知,2023-07-17,2023-07-27,83.63,80.22,-4.64,-4059.6,10,積分轉負
全期間2021-2026,一次買完,1519,未知,2023-07-17,2023-08-02,155.26,147.72,-5.42,-6512.73,16,積分轉負
全期間2021-2026,一次買完,8081,未知,2023-07-17,2023-08-09,167.34,192.63,14.42,29474.32,23,15%停利
全期間2021-2026,一次買完,2449,京元電子,2023-07-17,2023-08-23,58.58,67.66,14.81,19592.7,37,15%停利
全期間2021-2026,一次買完,4979,未知,2023-07-24,2023-08-01,180.37,165.91,-8.57,-77408.39,8,積分轉負
全期間2021-2026,一次買完,6187,萬潤,2023-07-31,2023-08-02,135.98,115.87,-15.3,-7957.77,2,積分轉負
全期間2021-2026,一次買完,3044,健鼎,2023-07-31,2023-08-24,152.16,177.37,15.87,43142.43,24,15%停利
全期間2021-2026,一次買完,6830,汎銓,2023-08-07,2023-08-10,175.52,162.57,-7.93,-10275.83,3,積分轉負
全期間2021-2026,一次買完,2404,未知,2023-08-07,2023-08-21,205.69,195.58,-5.48,-22258.34,14,積分轉負
全期間2021-2026,一次買完,8050,未知,2023-08-07,2023-08-21,87.99,88.42,-0.11,-174.55,14,積分轉負
全期間2021-2026,一次買完,2357,華碩,2023-08-07,2023-08-24,319.86,369.5,14.83,20453.68,17,15%停利
全期間2021-2026,一次買完,6412,未知,2023-08-07,2023-09-05,96.62,111.99,15.22,23207.99,29,15%停利
全期間2021-2026,一次買完,2324,仁寶,2023-08-14,2023-08-18,29.44,31.24,5.47,19321.73,4,觸發停損
全期間2021-2026,一次買完,3661,世芯-KY,2023-08-21,2023-08-24,2112.5,2434.5,14.55,32066.75,3,15%停利
全期間2021-2026,一次買完,6285,未知,2023-08-21,2023-09-04,110.81,116.18,4.21,10987.96,14,積分轉負
全期間2021-2026,一次買完,3587,閎康,2023-08-21,2023-09-04,255.45,267.93,4.26,5329.76,14,積分轉負
全期間2021-2026,一次買完,3533,嘉澤,2023-08-21,2023-09-19,752.6,820.17,8.33,25511.77,29,觸發停損
全期間2021-2026,一次買完,2412,未知,2023-08-28,2023-09-01,104.34,103.89,-1.02,-4524.12,4,積分轉負
全期間2021-2026,一次買完,2303,聯電,2023-08-28,2023-09-08,39.19,39.98,1.4,838.25,11,積分轉負
全期間2021-2026,一次買完,3711,日月光投控,2023-08-28,2023-09-11,110.12,105.03,-5.19,-7869.77,14,積分轉負
全期間2021-2026,一次買完,2337,未知,2023-08-28,2023-09-20,30.58,33.43,8.66,19382.78,23,積分轉負
全期間2021-2026,一次買完,3035,智原,2023-09-04,2023-09-20,331.61,303.26,-9.1,-916.02,16,積分轉負
全期間2021-2026,一次買完,6257,未知,2023-09-04,2023-09-21,51.96,51.69,-1.12,-5149.32,17,觸發停損
全期間2021-2026,一次買完,8299,群聯,2023-09-04,2023-09-25,392.32,418.93,6.14,22670.57,21,積分轉負
全期間2021-2026,一次買完,2458,未知,2023-09-11,2023-09-25,120.07,118.77,-1.68,-6382.18,14,積分轉負
全期間2021-2026,一次買完,4966,譜瑞-KY,2023-09-25,2023-09-27,968.87,930.11,-4.57,-4285.26,2,積分轉負
全期間2021-2026,一次買完,5388,未知,2023-09-25,2023-09-27,117.32,111.0,-5.95,-9160.6,2,積分轉負
全期間2021-2026,一次買完,6239,未知,2023-09-25,2023-09-27,92.71,90.48,-2.99,-6044.85,2,積分轉負
全期間2021-2026,一次買完,6274,台燿,2023-09-25,2023-10-13,126.49,127.87,0.49,413.78,18,積分轉負
全期間2021-2026,一次買完,6213,聯茂,2023-09-25,2023-10-13,85.42,86.86,1.08,1421.19,18,積分轉負
全期間2021-2026,一次買完,2368,金像電,2023-09-25,2023-10-17,201.29,197.95,-2.25,-2314.23,22,積分轉負
全期間2021-2026,一次買完,2345,智邦,2023-09-25,2023-10-18,462.31,464.71,-0.08,-90.03,23,觸發停損
全期間2021-2026,一次買完,3680,未知,2023-09-25,2023-10-19,316.65,347.82,9.19,11097.73,24,觸發停損
全期間2021-2026,一次買完,1560,未知,2023-10-02,2023-10-05,155.42,150.07,-4.02,-13809.99,3,積分轉負
全期間2021-2026,一次買完,6531,愛普*,2023-10-02,2023-10-06,377.41,361.21,-4.87,-15113.1,4,積分轉負
全期間2021-2026,一次買完,2382,廣達,2023-10-02,2023-10-12,225.6,210.97,-7.04,-24327.85,10,積分轉負
全期間2021-2026,一次買完,3443,創意,2023-10-16,2023-10-19,1666.09,1583.51,-5.52,-8481.53,3,積分轉負
全期間2021-2026,一次買完,3035,智原,2023-10-16,2023-10-20,336.42,321.52,-5.0,-8410.65,4,積分轉負
全期間2021-2026,一次買完,6510,未知,2023-10-16,2023-10-24,570.92,555.17,-3.34,-5830.8,8,積分轉負
全期間2021-2026,一次買完,2303,聯電,2023-10-16,2023-10-27,41.25,40.77,-1.76,-5753.04,11,積分轉負
全期間2021-2026,一次買完,6643,M31,2023-10-16,2023-10-27,742.57,734.36,-1.7,-2990.02,11,積分轉負
全期間2021-2026,一次買完,2404,未知,2023-10-23,2023-11-08,208.33,213.6,1.92,10021.23,16,積分轉負
全期間2021-2026,一次買完,2385,未知,2023-10-23,2023-11-09,105.56,124.28,17.04,81371.24,17,15%停利
全期間2021-2026,一次買完,3227,未知,2023-10-30,2023-11-06,116.84,112.84,-4.0,-7183.94,7,積分轉負
全期間2021-2026,一次買完,6139,亞翔,2023-10-30,2023-11-08,122.42,118.74,-3.59,-4332.58,9,積分轉負
全期間2021-2026,一次買完,4979,未知,2023-10-30,2023-11-08,154.33,178.45,14.93,15334.29,9,15%停利
全期間2021-2026,一次買完,3661,世芯-KY,2023-10-30,2023-11-09,2702.38,3178.12,16.9,18245.57,10,15%停利
全期間2021-2026,一次買完,6488,未知,2023-10-30,2023-11-09,446.68,476.83,6.11,1577.31,10,積分轉負
全期間2021-2026,一次買完,2458,未知,2023-10-30,2023-11-10,129.34,124.92,-3.99,-6972.29,11,積分轉負
全期間2021-2026,一次買完,6412,未知,2023-11-06,2023-12-08,114.18,121.65,5.9,10175.0,32,觸發停損
全期間2021-2026,一次買完,6669,緯穎,2023-11-13,2023-11-17,1801.45,1699.3,-6.23,-7101.61,4,積分轉負
全期間2021-2026,一次買完,6415,未知,2023-11-13,2023-11-17,346.96,410.18,17.51,20338.53,4,15%停利
全期間2021-2026,一次買完,3044,健鼎,2023-11-13,2023-11-20,177.82,173.32,-3.11,-4131.34,7,積分轉負
全期間2021-2026,一次買完,2449,京元電子,2023-11-13,2023-11-20,77.18,73.98,-4.73,-7291.71,7,積分轉負
全期間2021-2026,一次買完,5269,祥碩,2023-11-13,2023-11-21,1362.67,1409.82,2.84,2592.87,8,積分轉負
全期間2021-2026,一次買完,2385,未知,2023-11-13,2023-12-06,127.26,148.12,15.69,25303.46,23,15%停利
全期間2021-2026,一次買完,6488,未知,2023-11-13,2023-12-07,484.25,533.41,9.49,21846.09,24,觸發停損
全期間2021-2026,一次買完,6415,未知,2023-11-20,2023-11-24,404.79,403.81,-0.84,-1325.05,4,積分轉負
全期間2021-2026,一次買完,2313,華通,2023-11-20,2023-11-28,58.7,69.13,17.07,34024.57,8,15%停利
全期間2021-2026,一次買完,5347,未知,2023-11-20,2023-11-28,70.41,71.41,0.8,2257.0,8,積分轉負
全期間2021-2026,一次買完,6414,樺漢,2023-11-20,2023-12-05,247.69,237.89,-4.53,-16399.19,15,積分轉負
全期間2021-2026,一次買完,1513,未知,2023-11-27,2023-12-13,109.55,114.62,4.0,16641.09,16,積分轉負
全期間2021-2026,一次買完,2492,未知,2023-12-04,2023-12-06,133.1,126.94,-5.2,-14435.31,2,積分轉負
全期間2021-2026,一次買完,1519,未知,2023-12-04,2023-12-07,223.57,260.41,15.78,37663.33,3,15%停利
全期間2021-2026,一次買完,8086,未知,2023-12-11,2023-12-13,137.7,133.29,-3.78,-2912.91,2,積分轉負
全期間2021-2026,一次買完,6239,未知,2023-12-11,2023-12-14,109.65,132.38,20.01,38597.89,3,15%停利
全期間2021-2026,一次買完,6643,M31,2023-12-11,2023-12-18,928.21,809.93,-13.27,-13575.64,7,觸發停損
全期間2021-2026,一次買完,8299,群聯,2023-12-11,2023-12-18,476.29,477.2,-0.41,-714.49,7,積分轉負
全期間2021-2026,一次買完,3037,欣興,2023-12-11,2023-12-19,172.5,169.11,-2.55,-4079.41,8,積分轉負
全期間2021-2026,一次買完,4966,譜瑞-KY,2023-12-11,2023-12-20,1072.85,1105.93,2.47,2726.18,9,積分轉負
全期間2021-2026,一次買完,6488,未知,2023-12-11,2023-12-20,546.4,568.67,3.45,6266.48,9,積分轉負
全期間2021-2026,一次買完,2385,未知,2023-12-18,2023-12-21,154.5,149.82,-3.61,-5430.66,3,積分轉負
全期間2021-2026,一次買完,2353,宏碁,2023-12-18,2023-12-22,34.63,40.32,15.76,40511.94,4,15%停利
全期間2021-2026,一次買完,6257,未知,2023-12-18,2023-12-28,61.9,59.64,-4.23,-7338.8,10,積分轉負
全期間2021-2026,一次買完,3653,健策,2023-12-18,2024-01-03,703.09,689.42,-2.53,-4577.25,16,積分轉負
全期間2021-2026,一次買完,2357,華碩,2023-12-18,2024-01-03,369.93,401.44,7.87,18724.43,16,觸發停損
全期間2021-2026,一次買完,6415,未知,2023-12-25,2023-12-29,423.41,490.06,15.05,23052.25,4,15%停利
全期間2021-2026,一次買完,2458,未知,2023-12-25,2024-01-03,143.46,139.49,-3.35,-7709.07,9,積分轉負
全期間2021-2026,一次買完,3231,緯創,2023-12-25,2024-01-03,87.98,85.15,-3.79,-9231.6,9,積分轉負
全期間2021-2026,一次買完,6669,緯穎,2023-12-25,2024-01-03,1694.66,1573.94,-7.68,-13891.7,9,積分轉負
全期間2021-2026,一次買完,1560,未知,2023-12-25,2024-01-03,179.7,182.61,1.01,1944.15,9,積分轉負
全期間2021-2026,一次買完,6139,亞翔,2024-01-08,2024-01-11,153.26,144.06,-6.57,-4154.85,3,積分轉負
全期間2021-2026,一次買完,2301,未知,2024-01-08,2024-01-11,103.96,98.51,-5.81,-6861.43,3,積分轉負
全期間2021-2026,一次買完,3189,景碩,2024-01-08,2024-01-11,95.53,93.96,-2.22,-3390.35,3,積分轉負
全期間2021-2026,一次買完,2330,台積電,2024-01-08,2024-01-17,560.74,558.82,-0.94,-2297.42,9,積分轉負
全期間2021-2026,一次買完,6488,未知,2024-01-08,2024-01-17,543.62,535.27,-2.12,-2626.65,9,積分轉負
全期間2021-2026,一次買完,2385,未知,2024-01-08,2024-01-19,152.8,148.54,-3.37,-3344.43,11,積分轉負
全期間2021-2026,一次買完,5269,祥碩,2024-01-08,2024-01-24,1673.87,1721.02,2.2,1567.66,16,積分轉負
全期間2021-2026,一次買完,3034,聯詠,2024-01-08,2024-01-29,429.64,446.83,3.38,4299.09,21,積分轉負
全期間2021-2026,一次買完,6531,愛普*,2024-01-15,2024-01-19,513.7,494.63,-4.29,-15433.06,4,積分轉負
全期間2021-2026,一次買完,1560,未知,2024-01-15,2024-01-19,191.36,188.93,-1.86,-6590.33,4,積分轉負
全期間2021-2026,一次買完,6643,M31,2024-01-15,2024-01-26,1039.1,1260.89,20.62,58764.66,11,15%停利
全期間2021-2026,一次買完,2059,川湖,2024-01-22,2024-01-26,1051.25,977.91,-7.53,-15538.2,4,積分轉負
全期間2021-2026,一次買完,2383,台光電,2024-01-22,2024-01-26,420.36,400.09,-5.39,-11843.58,4,積分轉負
全期間2021-2026,一次買完,3231,緯創,2024-01-22,2024-02-01,106.1,104.73,-1.88,-4078.22,10,積分轉負
全期間2021-2026,一次買完,3017,奇鋐,2024-01-22,2024-02-01,372.8,448.25,19.52,29844.87,10,15%停利
全期間2021-2026,一次買完,2376,技嘉,2024-01-22,2024-02-15,270.03,336.29,23.79,48438.6,24,15%停利
全期間2021-2026,一次買完,1519,未知,2024-01-29,2024-02-01,285.69,352.51,22.65,28668.08,3,15%停利
全期間2021-2026,一次買完,2330,台積電,2024-01-29,2024-02-01,623.26,604.02,-3.67,-13807.92,3,積分轉負
全期間2021-2026,一次買完,2421,建準,2024-01-29,2024-02-15,105.74,124.72,17.24,21637.92,17,15%停利
全期間2021-2026,一次買完,3037,欣興,2024-01-29,2024-02-27,172.5,173.47,-0.04,-76.12,29,觸發停損
全期間2021-2026,一次買完,2313,華通,2024-01-29,2024-02-27,66.15,70.25,5.56,10004.8,29,觸發停損
全期間2021-2026,一次買完,3231,緯創,2024-02-05,2024-02-20,113.38,111.11,-2.59,-6724.64,15,積分轉負
全期間2021-2026,一次買完,2383,台光電,2024-02-05,2024-02-21,480.2,475.38,-1.6,-3709.27,16,積分轉負
全期間2021-2026,一次買完,3081,聯亞,2024-02-05,2024-02-22,118.76,140.89,17.92,50662.47,17,15%停利
全期間2021-2026,一次買完,6274,台燿,2024-02-05,2024-03-14,136.64,144.03,4.77,10784.48,38,積分轉負
全期間2021-2026,一次買完,2376,技嘉,2024-02-19,2024-02-21,332.66,315.42,-5.75,-42096.74,2,積分轉負
全期間2021-2026,一次買完,3131,弘塑,2024-02-26,2024-03-05,805.84,956.1,17.94,29104.5,8,15%停利
全期間2021-2026,一次買完,6719,未知,2024-02-26,2024-03-07,296.05,280.14,-5.94,-15573.21,10,積分轉負
全期間2021-2026,一次買完,1519,未知,2024-02-26,2024-03-08,388.63,362.63,-7.25,-9395.57,11,積分轉負
全期間2021-2026,一次買完,3653,健策,2024-02-26,2024-03-11,893.51,929.65,3.42,6335.2,14,積分轉負
全期間2021-2026,一次買完,2454,聯發科,2024-02-26,2024-03-15,1021.85,1040.18,1.18,3084.01,18,積分轉負
全期間2021-2026,一次買完,3017,奇鋐,2024-03-04,2024-03-08,542.79,562.39,2.99,9654.25,4,觸發停損
全期間2021-2026,一次買完,2455,全新,2024-03-04,2024-03-11,172.77,163.7,-5.82,-32717.84,7,積分轉負
全期間2021-2026,一次買完,2449,京元電子,2024-03-11,2024-03-13,96.14,96.59,-0.14,-160.09,2,積分轉負
全期間2021-2026,一次買完,2317,鴻海,2024-03-11,2024-03-15,100.04,120.6,19.83,63382.53,4,15%停利
全期間2021-2026,一次買完,2404,未知,2024-03-11,2024-03-15,338.86,301.06,-11.69,-19808.93,4,觸發停損
全期間2021-2026,一次買完,2385,未知,2024-03-11,2024-03-18,186.85,215.37,14.57,18083.79,7,15%停利
全期間2021-2026,一次買完,3037,欣興,2024-03-11,2024-03-26,171.53,184.13,6.7,11737.32,15,觸發停損
全期間2021-2026,一次買完,3324,雙鴻,2024-03-11,2024-04-01,606.16,697.86,14.44,13801.74,21,15%停利
全期間2021-2026,一次買完,5269,祥碩,2024-03-18,2024-03-20,2168.96,2074.65,-4.92,-5220.57,2,積分轉負
全期間2021-2026,一次買完,1503,未知,2024-03-18,2024-03-21,212.52,251.15,17.47,16590.28,3,15%停利
全期間2021-2026,一次買完,3034,聯詠,2024-03-18,2024-03-25,519.87,506.12,-3.23,-5976.45,7,積分轉負
全期間2021-2026,一次買完,8046,南電,2024-03-18,2024-03-25,202.59,200.19,-1.78,-3665.12,7,積分轉負
全期間2021-2026,一次買完,5347,未知,2024-03-18,2024-03-27,75.74,77.82,2.13,4917.84,9,積分轉負
全期間2021-2026,一次買完,2317,鴻海,2024-03-18,2024-04-02,124.25,145.27,16.21,28522.2,15,15%停利
全期間2021-2026,一次買完,3587,閎康,2024-03-25,2024-03-29,241.63,240.74,-0.97,-3307.91,4,積分轉負
全期間2021-2026,一次買完,2421,建準,2024-03-25,2024-04-03,113.42,116.14,1.78,4293.42,9,積分轉負
全期間2021-2026,一次買完,3533,嘉澤,2024-03-25,2024-04-09,1304.38,1529.6,16.56,31045.06,15,15%停利
全期間2021-2026,一次買完,6274,台燿,2024-03-25,2024-04-11,155.11,170.8,9.46,21563.87,17,積分轉負
全期間2021-2026,一次買完,3324,雙鴻,2024-04-01,2024-04-08,697.86,830.09,18.24,28975.73,7,15%停利
全期間2021-2026,一次買完,2492,未知,2024-04-01,2024-04-09,117.47,111.31,-5.81,-18456.74,8,積分轉負
全期間2021-2026,一次買完,6213,聯茂,2024-04-01,2024-04-10,102.58,118.88,15.19,45245.72,9,15%停利
全期間2021-2026,一次買完,3413,未知,2024-04-01,2024-04-10,270.55,265.66,-2.4,-5406.77,9,積分轉負
全期間2021-2026,一次買完,6139,亞翔,2024-04-08,2024-04-12,269.23,339.21,25.24,252359.98,4,15%停利
全期間2021-2026,一次買完,6415,未知,2024-04-15,2024-04-17,390.89,363.29,-7.62,-19099.03,2,積分轉負
全期間2021-2026,一次買完,6515,穎崴,2024-04-15,2024-04-19,851.99,789.42,-7.9,-20352.11,4,積分轉負
全期間2021-2026,一次買完,3017,奇鋐,2024-04-15,2024-04-22,603.54,555.53,-8.51,-15284.73,7,積分轉負
全期間2021-2026,一次買完,5434,未知,2024-04-15,2024-04-24,223.05,228.0,1.61,5010.19,9,積分轉負
全期間2021-2026,一次買完,2412,未知,2024-04-22,2024-04-26,111.92,110.14,-2.18,-13767.17,4,積分轉負
全期間2021-2026,一次買完,2301,未知,2024-04-22,2024-05-03,89.75,92.44,2.38,4962.64,11,積分轉負
全期間2021-2026,一次買完,2492,未知,2024-04-22,2024-05-10,100.89,107.05,5.47,8782.78,18,積分轉負
全期間2021-2026,一次買完,3532,未知,2024-04-29,2024-05-02,171.55,163.51,-5.25,-11475.65,3,積分轉負
全期間2021-2026,一次買完,6274,台燿,2024-04-29,2024-05-07,173.56,172.14,-1.41,-1755.25,8,積分轉負
全期間2021-2026,一次買完,3443,創意,2024-04-29,2024-05-10,1321.21,1233.78,-7.18,-8750.87,11,積分轉負
全期間2021-2026,一次買完,6214,未知,2024-04-29,2024-05-10,109.92,107.73,-2.58,-6383.62,11,積分轉負
全期間2021-2026,一次買完,2317,鴻海,2024-04-29,2024-05-20,144.81,153.03,5.05,8550.42,21,積分轉負
全期間2021-2026,一次買完,8996,高力,2024-04-29,2024-05-23,385.98,468.28,20.59,24283.88,24,15%停利
全期間2021-2026,一次買完,2360,致茂,2024-05-06,2024-05-10,248.63,239.65,-4.19,-16075.61,4,積分轉負
全期間2021-2026,一次買完,2357,華碩,2024-05-06,2024-05-16,387.2,445.47,14.36,88501.13,10,15%停利
全期間2021-2026,一次買完,6269,未知,2024-05-13,2024-05-21,95.81,92.58,-3.94,-8713.27,8,積分轉負
全期間2021-2026,一次買完,4958,未知,2024-05-13,2024-05-22,112.54,107.0,-5.49,-12409.68,9,積分轉負
全期間2021-2026,一次買完,2454,聯發科,2024-05-13,2024-05-27,1021.85,1177.65,14.56,25740.78,14,15%停利
全期間2021-2026,一次買完,8210,勤誠,2024-05-13,2024-05-30,285.02,302.27,5.42,6272.86,17,觸發停損
全期間2021-2026,一次買完,6206,未知,2024-05-13,2024-06-04,78.2,86.9,10.47,27217.2,22,觸發停損
全期間2021-2026,一次買完,5347,未知,2024-05-20,2024-06-04,89.28,92.98,3.52,20390.43,15,積分轉負
全期間2021-2026,一次買完,3443,創意,2024-05-20,2024-06-14,1418.36,1535.14,7.59,31884.05,25,積分轉負
全期間2021-2026,一次買完,6415,未知,2024-05-27,2024-05-30,471.24,461.38,-2.68,-5166.36,3,積分轉負
全期間2021-2026,一次買完,2458,未知,2024-05-27,2024-05-31,155.62,146.63,-6.34,-17813.23,4,積分轉負
全期間2021-2026,一次買完,2345,智邦,2024-05-27,2024-06-11,493.51,507.92,2.3,5803.77,15,積分轉負
全期間2021-2026,一次買完,2454,聯發科,2024-05-27,2024-06-19,1177.65,1360.94,14.87,40703.55,23,15%停利
全期間2021-2026,一次買完,1560,未知,2024-06-03,2024-06-05,281.69,273.44,-3.51,-8845.8,2,積分轉負
全期間2021-2026,一次買完,3013,晟銘電,2024-06-03,2024-06-07,93.65,90.68,-3.74,-7959.13,4,積分轉負
全期間2021-2026,一次買完,5483,未知,2024-06-03,2024-06-07,193.44,189.37,-2.69,-9511.05,4,積分轉負
全期間2021-2026,一次買完,3529,力旺,2024-06-17,2024-06-21,2659.64,2556.97,-4.44,-14516.13,4,積分轉負
全期間2021-2026,一次買完,6415,未知,2024-06-17,2024-06-25,517.58,492.93,-5.33,-14877.09,8,積分轉負
全期間2021-2026,一次買完,3035,智原,2024-06-17,2024-06-25,313.35,301.82,-4.26,-16732.1,8,積分轉負
全期間2021-2026,一次買完,2455,全新,2024-06-24,2024-06-26,166.78,152.76,-8.95,-11451.69,2,積分轉負
全期間2021-2026,一次買完,2449,京元電子,2024-06-24,2024-07-02,102.38,99.26,-3.62,-4846.32,8,積分轉負
全期間2021-2026,一次買完,5483,未知,2024-06-24,2024-07-03,192.98,196.15,1.03,2907.96,9,積分轉負
全期間2021-2026,一次買完,1503,未知,2024-06-24,2024-07-09,273.3,272.36,-0.94,-958.39,15,積分轉負
全期間2021-2026,一次買完,2368,金像電,2024-06-24,2024-07-11,195.08,213.59,8.83,15188.85,17,積分轉負
全期間2021-2026,一次買完,2308,台達電,2024-06-24,2024-07-11,368.0,424.2,14.58,26620.27,17,15%停利
全期間2021-2026,一次買完,5434,未知,2024-07-01,2024-07-03,259.91,253.85,-2.92,-12144.85,2,積分轉負
全期間2021-2026,一次買完,3131,弘塑,2024-07-01,2024-07-11,1354.23,1301.59,-4.46,-7264.39,10,積分轉負
全期間2021-2026,一次買完,6488,未知,2024-07-01,2024-07-17,531.47,541.82,1.34,5624.79,16,積分轉負
全期間2021-2026,一次買完,2317,鴻海,2024-07-08,2024-07-15,212.24,202.87,-4.99,-19657.02,7,積分轉負
全期間2021-2026,一次買完,3105,穩懋,2024-07-08,2024-07-22,175.73,153.58,-13.13,-44864.45,14,觸發停損
全期間2021-2026,一次買完,2449,京元電子,2024-07-08,2024-07-26,118.4,99.06,-16.84,-44464.13,18,觸發停損
全期間2021-2026,一次買完,2395,研華,2024-07-22,2024-07-26,356.07,334.11,-6.73,-21827.69,4,觸發停損
全期間2021-2026,一次買完,3131,弘塑,2024-07-22,2024-08-02,1354.23,1374.02,0.85,762.44,11,積分轉負
全期間2021-2026,一次買完,2412,未知,2024-07-22,2024-09-30,111.7,116.33,3.53,20669.51,70,積分轉負
全期間2021-2026,一次買完,3374,未知,2024-07-29,2024-08-01,203.55,243.48,18.9,38397.91,3,15%停利
全期間2021-2026,一次買完,2404,未知,2024-07-29,2024-08-05,311.11,287.35,-8.19,-37276.99,7,觸發停損
全期間2021-2026,一次買完,2308,台達電,2024-07-29,2024-08-05,387.05,343.07,-11.89,-40623.49,7,觸發停損
全期間2021-2026,一次買完,6187,萬潤,2024-08-12,2024-08-15,284.59,341.42,19.25,19171.71,3,15%停利
全期間2021-2026,一次買完,3231,緯創,2024-08-12,2024-08-20,95.61,94.21,-2.05,-2916.7,8,積分轉負
全期間2021-2026,一次買完,3583,辛耘,2024-08-12,2024-08-22,405.46,443.12,8.63,8127.06,10,積分轉負
全期間2021-2026,一次買完,5347,未知,2024-08-12,2024-08-22,112.6,110.73,-2.25,-3379.4,10,積分轉負
全期間2021-2026,一次買完,1609,未知,2024-08-12,2024-08-27,50.85,51.48,0.62,945.8,15,積分轉負
全期間2021-2026,一次買完,3587,閎康,2024-08-12,2024-08-30,264.62,271.75,2.08,2953.69,18,積分轉負
全期間2021-2026,一次買完,2303,聯電,2024-08-12,2024-09-05,50.52,49.78,-2.05,-4520.55,24,積分轉負
全期間2021-2026,一次買完,3529,力旺,2024-08-19,2024-08-26,2559.8,2500.73,-2.89,-28863.34,7,積分轉負
全期間2021-2026,一次買完,6415,未知,2024-08-26,2024-08-30,472.72,464.83,-2.26,-3632.55,4,積分轉負
全期間2021-2026,一次買完,2353,宏碁,2024-08-26,2024-09-03,41.21,40.06,-3.37,-11286.38,8,積分轉負
全期間2021-2026,一次買完,2324,仁寶,2024-08-26,2024-09-04,31.32,29.65,-5.9,-16291.61,9,積分轉負
全期間2021-2026,一次買完,2357,華碩,2024-08-26,2024-09-05,488.31,465.95,-5.15,-11748.35,10,積分轉負
全期間2021-2026,一次買完,6515,穎崴,2024-09-09,2024-09-16,1192.71,1392.31,16.04,46777.75,7,15%停利
全期間2021-2026,一次買完,6438,未知,2024-09-09,2024-09-23,112.42,130.3,15.21,62462.45,14,15%停利
全期間2021-2026,一次買完,8996,高力,2024-09-09,2024-10-04,390.88,382.56,-2.72,-8064.59,25,積分轉負
全期間2021-2026,一次買完,6214,未知,2024-09-16,2024-09-25,118.07,115.79,-2.52,-7381.83,9,積分轉負
全期間2021-2026,一次買完,3680,未知,2024-09-16,2024-09-25,553.76,553.76,-0.6,-1027.43,9,積分轉負
全期間2021-2026,一次買完,2345,智邦,2024-09-16,2024-09-26,538.64,521.01,-3.85,-7418.73,10,積分轉負
全期間2021-2026,一次買完,6187,萬潤,2024-09-16,2024-09-30,454.58,456.51,-0.18,-212.37,14,積分轉負
全期間2021-2026,一次買完,3711,日月光投控,2024-09-16,2024-10-01,147.05,144.66,-2.21,-4918.9,15,積分轉負
全期間2021-2026,一次買完,3081,聯亞,2024-09-30,2024-10-04,267.79,313.55,16.39,52206.18,4,15%停利
全期間2021-2026,一次買完,4979,未知,2024-09-30,2024-10-17,142.56,151.93,5.94,17857.5,17,積分轉負
全期間2021-2026,一次買完,8114,未知,2024-09-30,2024-10-30,192.79,192.79,-0.6,-2277.19,30,積分轉負
全期間2021-2026,一次買完,3363,上詮,2024-10-07,2024-10-09,213.5,247.5,15.23,37337.7,2,15%停利
全期間2021-2026,一次買完,6139,亞翔,2024-10-07,2024-10-11,228.6,212.72,-7.5,-34463.41,4,積分轉負
全期間2021-2026,一次買完,6438,未知,2024-10-07,2024-10-18,166.52,200.39,19.62,57994.17,11,15%停利
全期間2021-2026,一次買完,2449,京元電子,2024-10-14,2024-10-25,116.86,119.14,1.34,7287.56,11,積分轉負
全期間2021-2026,一次買完,6442,光聖,2024-10-14,2024-10-28,451.74,441.53,-2.85,-13015.6,14,觸發停損
全期間2021-2026,一次買完,2345,智邦,2024-10-21,2024-10-24,566.06,558.22,-1.97,-4085.04,3,積分轉負
全期間2021-2026,一次買完,3529,力旺,2024-10-21,2024-10-25,3180.06,3160.37,-1.21,-1890.88,4,積分轉負
全期間2021-2026,一次買完,3443,創意,2024-10-21,2024-11-01,1240.86,1157.48,-7.28,-14897.73,11,積分轉負
全期間2021-2026,一次買完,3189,景碩,2024-10-21,2024-11-04,113.98,103.12,-10.07,-18064.8,14,積分轉負
全期間2021-2026,一次買完,2382,廣達,2024-10-21,2024-11-13,282.85,294.75,3.58,9043.69,23,積分轉負
全期間2021-2026,一次買完,2317,鴻海,2024-10-28,2024-11-13,201.47,201.0,-0.83,-5102.44,16,積分轉負
全期間2021-2026,一次買完,3037,欣興,2024-10-28,2024-11-14,163.65,163.65,-0.6,-2301.78,17,積分轉負
全期間2021-2026,一次買完,2356,英業達,2024-11-04,2024-11-11,42.79,50.38,17.03,49279.23,7,15%停利
全期間2021-2026,一次買完,3661,世芯-KY,2024-11-04,2024-11-15,2159.54,2283.37,5.1,8167.33,11,積分轉負
全期間2021-2026,一次買完,3231,緯創,2024-11-04,2024-11-15,108.2,109.6,0.69,1418.01,11,積分轉負
全期間2021-2026,一次買完,2357,華碩,2024-11-04,2024-11-18,533.03,547.34,2.07,5115.1,14,積分轉負
全期間2021-2026,一次買完,6442,光聖,2024-11-04,2024-11-27,505.71,485.78,-4.52,-4373.69,23,積分轉負
全期間2021-2026,一次買完,3363,上詮,2024-11-25,2024-11-27,226.5,210.0,-7.84,-6231.96,2,積分轉負
全期間2021-2026,一次買完,1560,未知,2024-11-25,2024-11-27,306.52,290.8,-5.7,-6133.43,2,積分轉負
全期間2021-2026,一次買完,3231,緯創,2024-11-25,2024-11-28,116.13,105.87,-9.38,-10195.83,3,積分轉負
全期間2021-2026,一次買完,4979,未知,2024-11-25,2024-12-02,165.74,191.39,14.79,11418.24,7,15%停利
全期間2021-2026,一次買完,2412,未知,2024-11-25,2024-12-02,114.48,114.01,-1.0,-4754.98,7,積分轉負
全期間2021-2026,一次買完,2059,川湖,2024-11-25,2024-12-12,1448.95,1533.02,5.17,4512.39,17,積分轉負
全期間2021-2026,一次買完,3706,神達,2024-11-25,2024-12-24,76.79,63.21,-18.17,-11675.59,29,觸發停損
全期間2021-2026,一次買完,3017,奇鋐,2024-12-02,2024-12-10,672.12,676.08,-0.01,-39.23,8,積分轉負
全期間2021-2026,一次買完,3324,雙鴻,2024-12-02,2024-12-11,688.1,681.27,-1.58,-5108.59,9,積分轉負
全期間2021-2026,一次買完,2383,台光電,2024-12-02,2024-12-13,497.47,591.24,18.14,62404.38,11,15%停利
全期間2021-2026,一次買完,2368,金像電,2024-12-09,2024-12-16,198.06,233.49,17.19,63763.44,7,15%停利
全期間2021-2026,一次買完,6442,光聖,2024-12-09,2024-12-16,540.72,549.48,1.01,2719.77,7,觸發停損
全期間2021-2026,一次買完,3661,世芯-KY,2024-12-09,2024-12-17,2649.9,3288.85,23.37,83947.56,8,15%停利
全期間2021-2026,一次買完,2308,台達電,2024-12-16,2024-12-20,416.38,402.69,-3.86,-10031.41,4,積分轉負
全期間2021-2026,一次買完,6274,台燿,2024-12-16,2024-12-20,172.14,166.94,-3.6,-6294.02,4,積分轉負
全期間2021-2026,一次買完,3443,創意,2024-12-16,2024-12-20,1338.95,1324.24,-1.69,-2171.54,4,積分轉負
全期間2021-2026,一次買完,2383,台光電,2024-12-16,2024-12-25,602.1,583.35,-3.69,-6071.16,9,積分轉負
全期間2021-2026,一次買完,6669,緯穎,2024-12-16,2024-12-25,2359.13,2439.34,2.78,3652.28,9,積分轉負
全期間2021-2026,一次買完,2368,金像電,2024-12-16,2025-01-06,233.49,229.12,-2.46,-3468.46,21,積分轉負
全期間2021-2026,一次買完,2330,台積電,2024-12-23,2025-01-02,1056.37,1041.69,-1.98,-9645.29,10,積分轉負
全期間2021-2026,一次買完,3034,聯詠,2024-12-23,2025-01-06,453.68,450.05,-1.39,-7128.64,14,積分轉負
全期間2021-2026,一次買完,3044,健鼎,2024-12-30,2025-01-07,185.28,184.81,-0.85,-6570.72,8,積分轉負
全期間2021-2026,一次買完,4991,未知,2024-12-30,2025-01-07,131.5,119.0,-10.05,-22676.01,8,積分轉負
全期間2021-2026,一次買完,8046,南電,2025-01-06,2025-01-09,137.49,126.61,-8.46,-23920.64,3,積分轉負
全期間2021-2026,一次買完,5269,祥碩,2025-01-06,2025-01-10,1969.32,1873.95,-5.41,-15953.06,4,積分轉負
全期間2021-2026,一次買完,6139,亞翔,2025-01-06,2025-01-16,226.19,220.42,-3.14,-13235.52,10,積分轉負
全期間2021-2026,一次買完,4979,未知,2025-01-20,2025-01-22,197.8,239.24,20.22,17229.1,2,15%停利
全期間2021-2026,一次買完,3231,緯創,2025-01-20,2025-02-03,104.94,93.28,-11.64,-17279.01,14,觸發停損
全期間2021-2026,一次買完,3081,聯亞,2025-01-20,2025-02-04,446.77,407.34,-9.37,-11165.54,15,觸發停損
全期間2021-2026,一次買完,3529,力旺,2025-01-20,2025-02-04,3396.66,3140.68,-8.09,-9525.97,15,積分轉負
全期間2021-2026,一次買完,2383,台光電,2025-01-20,2025-02-04,595.19,538.93,-9.99,-13166.83,15,觸發停損
全期間2021-2026,一次買完,3661,世芯-KY,2025-01-20,2025-02-13,3135.3,3630.61,15.11,16318.23,24,15%停利
全期間2021-2026,一次買完,2454,聯發科,2025-01-20,2025-02-21,1381.9,1444.06,3.87,5570.19,32,積分轉負
全期間2021-2026,一次買完,6139,亞翔,2025-01-20,2025-02-26,231.97,267.1,14.46,20981.98,37,15%停利
全期間2021-2026,一次買完,2383,台光電,2025-02-10,2025-02-17,604.07,586.31,-3.52,-14746.29,7,積分轉負
全期間2021-2026,一次買完,6206,未知,2025-02-10,2025-02-18,112.17,138.16,22.43,130404.76,8,15%停利
全期間2021-2026,一次買完,2059,川湖,2025-02-17,2025-02-26,1735.78,2027.55,16.11,27036.3,9,15%停利
全期間2021-2026,一次買完,3443,創意,2025-02-17,2025-02-27,1388.0,1314.43,-5.87,-10695.29,10,積分轉負
全期間2021-2026,一次買完,3227,未知,2025-02-17,2025-03-04,259.58,244.1,-6.53,-11393.49,15,積分轉負
全期間2021-2026,一次買完,8299,群聯,2025-02-17,2025-03-04,521.41,525.26,0.14,414.26,15,積分轉負
全期間2021-2026,一次買完,8210,勤誠,2025-02-17,2025-03-10,284.14,283.16,-0.94,-1612.62,21,積分轉負
全期間2021-2026,一次買完,1519,未知,2025-02-24,2025-03-04,528.94,488.13,-8.27,-82676.34,8,積分轉負
全期間2021-2026,一次買完,2376,技嘉,2025-03-10,2025-03-14,248.36,241.85,-3.2,-5199.61,4,積分轉負
全期間2021-2026,一次買完,8299,群聯,2025-03-10,2025-03-24,574.41,550.32,-4.77,-4329.74,14,積分轉負
全期間2021-2026,一次買完,2303,聯電,2025-03-10,2025-03-27,41.61,41.38,-1.15,-2498.79,17,積分轉負
全期間2021-2026,一次買完,2412,未知,2025-03-10,2025-04-07,118.65,114.94,-3.7,-19618.95,28,觸發停損
全期間2021-2026,一次買完,2404,未知,2025-03-31,2025-04-09,425.21,389.35,-8.98,-89814.93,9,積分轉負
全期間2021-2026,一次買完,3324,雙鴻,2025-04-14,2025-04-17,473.68,455.65,-4.38,-4314.51,3,積分轉負
全期間2021-2026,一次買完,2454,聯發科,2025-04-14,2025-04-18,1338.86,1305.39,-3.08,-4509.23,4,積分轉負
全期間2021-2026,一次買完,2376,技嘉,2025-04-14,2025-04-22,197.67,194.41,-2.24,-2668.01,8,積分轉負
全期間2021-2026,一次買完,6214,未知,2025-04-14,2025-05-05,102.12,108.5,5.61,7639.05,21,觸發停損
全期間2021-2026,一次買完,6206,未知,2025-04-14,2025-05-06,103.05,96.67,-6.76,-6704.14,22,積分轉負
全期間2021-2026,一次買完,3231,緯創,2025-04-14,2025-05-14,90.76,106.8,16.97,20998.54,30,15%停利
全期間2021-2026,一次買完,2337,未知,2025-04-14,2025-05-23,19.25,21.1,8.95,8587.86,39,觸發停損
全期間2021-2026,一次買完,2303,聯電,2025-04-14,2025-05-26,40.91,43.5,5.68,10273.8,42,觸發停損
全期間2021-2026,一次買完,2317,鴻海,2025-04-21,2025-05-13,127.91,148.05,15.06,75262.37,22,15%停利
全期間2021-2026,一次買完,2382,廣達,2025-04-21,2025-05-14,212.37,253.1,18.47,92377.31,23,15%停利
全期間2021-2026,一次買完,3131,弘塑,2025-04-28,2025-05-07,914.4,863.12,-6.17,-61731.27,9,積分轉負
全期間2021-2026,一次買完,2383,台光電,2025-05-05,2025-05-20,614.93,667.25,7.86,13192.77,15,積分轉負
全期間2021-2026,一次買完,2345,智邦,2025-05-12,2025-05-27,660.07,706.1,6.33,63333.77,15,積分轉負
全期間2021-2026,一次買完,3017,奇鋐,2025-05-19,2025-05-26,589.84,597.77,0.74,3706.35,7,積分轉負
全期間2021-2026,一次買完,1513,未知,2025-05-19,2025-05-28,142.2,142.67,-0.27,-1345.27,9,積分轉負
全期間2021-2026,一次買完,2412,未知,2025-05-26,2025-05-28,123.28,122.36,-1.35,-5895.72,2,積分轉負
全期間2021-2026,一次買完,3231,緯創,2025-05-26,2025-06-03,108.2,105.63,-2.96,-4183.58,8,積分轉負
全期間2021-2026,一次買完,2383,台光電,2025-05-26,2025-06-09,697.84,809.38,15.29,17296.53,14,15%停利
全期間2021-2026,一次買完,3131,弘塑,2025-05-26,2025-06-10,1161.15,1378.86,18.04,13891.47,15,15%停利
全期間2021-2026,一次買完,8210,勤誠,2025-05-26,2025-06-11,311.92,370.89,18.19,19409.48,16,15%停利
全期間2021-2026,一次買完,6139,亞翔,2025-05-26,2025-06-11,240.15,251.22,3.98,4925.76,16,積分轉負
全期間2021-2026,一次買完,6274,台燿,2025-06-02,2025-06-09,172.62,205.85,18.54,185394.96,7,15%停利
全期間2021-2026,一次買完,2368,金像電,2025-06-09,2025-06-16,270.39,271.36,-0.24,-437.86,7,積分轉負
全期間2021-2026,一次買完,3017,奇鋐,2025-06-09,2025-06-20,676.08,727.63,6.98,18877.23,11,積分轉負
全期間2021-2026,一次買完,6515,穎崴,2025-06-09,2025-06-27,1090.48,1197.58,9.16,14759.41,18,積分轉負
全期間2021-2026,一次買完,6223,未知,2025-06-09,2025-07-03,816.7,1001.24,21.86,44199.16,24,15%停利
全期間2021-2026,一次買完,6274,台燿,2025-06-09,2025-07-08,205.85,238.1,14.97,27633.19,29,15%停利
全期間2021-2026,一次買完,1519,未知,2025-06-16,2025-06-20,422.51,451.32,6.18,16655.62,4,觸發停損
全期間2021-2026,一次買完,3653,健策,2025-06-16,2025-06-23,1471.27,1426.98,-3.59,-8416.91,7,積分轉負
全期間2021-2026,一次買完,3131,弘塑,2025-06-16,2025-07-01,1528.84,1577.22,2.55,4835.82,15,積分轉負
全期間2021-2026,一次買完,3231,緯創,2025-06-16,2025-07-02,114.79,115.76,0.24,723.96,16,積分轉負
全期間2021-2026,一次買完,2360,致茂,2025-06-30,2025-07-09,438.79,421.44,-4.53,-9051.89,9,積分轉負
全期間2021-2026,一次買完,3661,世芯-KY,2025-06-30,2025-07-16,3065.96,3566.22,15.62,27990.35,16,15%停利
全期間2021-2026,一次買完,6196,未知,2025-06-30,2025-07-18,180.8,208.98,14.89,43144.66,18,15%停利
全期間2021-2026,一次買完,4755,未知,2025-06-30,2025-07-31,110.49,110.98,-0.16,-530.49,31,積分轉負
全期間2021-2026,一次買完,6770,未知,2025-07-07,2025-07-09,17.3,15.95,-8.35,-22008.92,2,積分轉負
全期間2021-2026,一次買完,8046,南電,2025-07-07,2025-07-11,124.74,144.2,14.91,37643.32,4,15%停利
全期間2021-2026,一次買完,2301,未知,2025-07-07,2025-07-17,110.32,111.28,0.27,1325.12,10,積分轉負
全期間2021-2026,一次買完,3017,奇鋐,2025-07-14,2025-07-23,821.81,836.68,1.2,6255.4,9,積分轉負
全期間2021-2026,一次買完,2308,台達電,2025-07-14,2025-07-31,470.54,564.05,19.16,91734.49,17,15%停利
全期間2021-2026,一次買完,6196,未知,2025-07-21,2025-07-23,209.97,202.06,-4.34,-22034.83,2,積分轉負
全期間2021-2026,一次買完,2059,川湖,2025-07-21,2025-08-07,2472.62,2892.96,16.3,80090.64,17,15%停利
全期間2021-2026,一次買完,6488,未知,2025-07-28,2025-07-31,346.96,339.53,-2.73,-15127.99,3,積分轉負
全期間2021-2026,一次買完,8086,未知,2025-07-28,2025-08-14,95.01,109.36,14.42,64222.44,17,15%停利
全期間2021-2026,一次買完,2308,台達電,2025-08-04,2025-08-15,589.92,682.43,14.99,56911.08,11,15%停利
全期間2021-2026,一次買完,2383,台光電,2025-08-04,2025-08-15,1095.63,1263.42,14.63,44887.67,11,15%停利
全期間2021-2026,一次買完,2360,致茂,2025-08-04,2025-08-22,490.35,492.83,-0.1,-299.29,18,積分轉負
全期間2021-2026,一次買完,2345,智邦,2025-08-11,2025-08-20,1011.99,948.49,-6.84,-17432.1,9,觸發停損
全期間2021-2026,一次買完,6669,緯穎,2025-08-11,2025-08-20,3085.63,2900.98,-6.55,-19206.57,9,觸發停損
全期間2021-2026,一次買完,2059,川湖,2025-08-11,2025-08-20,2972.09,2823.73,-5.56,-13828.43,9,積分轉負
全期間2021-2026,一次買完,8996,高力,2025-08-11,2025-08-25,337.67,393.87,15.94,32093.46,14,15%停利
全期間2021-2026,一次買完,3661,世芯-KY,2025-08-18,2025-08-20,4190.31,3625.66,-13.99,-44691.98,2,觸發停損
全期間2021-2026,一次買完,6213,聯茂,2025-08-18,2025-08-25,127.93,121.98,-5.22,-10616.91,7,積分轉負
全期間2021-2026,一次買完,2317,鴻海,2025-08-18,2025-08-29,203.93,197.62,-3.67,-17516.2,11,積分轉負
全期間2021-2026,一次買完,3653,健策,2025-08-25,2025-08-29,1778.95,2082.07,16.34,18874.18,4,15%停利
全期間2021-2026,一次買完,2449,京元電子,2025-08-25,2025-08-29,128.56,148.01,14.44,19514.82,4,15%停利
全期間2021-2026,一次買完,3443,創意,2025-08-25,2025-09-01,1294.1,1328.95,2.08,3807.41,7,積分轉負
全期間2021-2026,一次買完,3706,神達,2025-08-25,2025-09-02,88.75,86.4,-3.23,-4329.03,8,積分轉負
全期間2021-2026,一次買完,2404,未知,2025-08-25,2025-09-03,1085.14,1027.0,-5.92,-7854.75,9,觸發停損
全期間2021-2026,一次買完,3189,景碩,2025-08-25,2025-09-03,107.32,103.82,-3.83,-5685.0,9,積分轉負
全期間2021-2026,一次買完,6139,亞翔,2025-08-25,2025-09-11,331.59,387.0,16.01,24044.28,17,15%停利
全期間2021-2026,一次買完,6274,台燿,2025-09-01,2025-09-03,338.29,317.96,-6.57,-10595.48,2,積分轉負
全期間2021-2026,一次買完,2360,致茂,2025-09-01,2025-09-04,554.31,538.45,-3.44,-10305.85,3,積分轉負
全期間2021-2026,一次買完,6515,穎崴,2025-09-01,2025-09-05,1498.92,1732.19,14.87,37498.28,4,15%停利
全期間2021-2026,一次買完,2059,川湖,2025-09-01,2025-09-10,2965.0,3485.0,16.83,48199.59,9,15%停利
全期間2021-2026,一次買完,6187,萬潤,2025-09-08,2025-09-10,399.92,371.28,-7.72,-13114.95,2,積分轉負
全期間2021-2026,一次買完,2455,全新,2025-09-08,2025-09-11,157.43,152.46,-3.73,-6209.55,3,積分轉負
全期間2021-2026,一次買完,1560,未知,2025-09-08,2025-09-12,341.71,323.83,-5.8,-9843.76,4,積分轉負
全期間2021-2026,一次買完,3227,未知,2025-09-08,2025-09-18,195.74,226.77,15.16,38598.43,10,15%停利
全期間2021-2026,一次買完,3363,上詮,2025-09-08,2025-09-25,382.0,353.0,-8.14,-9419.38,17,積分轉負
全期間2021-2026,一次買完,6223,未知,2025-09-08,2025-10-08,1519.81,1679.26,9.83,12140.28,30,積分轉負
全期間2021-2026,一次買完,6488,未知,2025-09-15,2025-09-18,405.45,486.24,19.21,44863.01,3,15%停利
全期間2021-2026,一次買完,8299,群聯,2025-09-15,2025-09-24,655.54,686.14,4.04,7500.33,9,積分轉負
全期間2021-2026,一次買完,3324,雙鴻,2025-09-15,2025-09-25,819.6,850.25,3.12,5618.19,10,積分轉負
全期間2021-2026,一次買完,3037,欣興,2025-09-15,2025-09-26,141.71,148.7,4.3,7272.39,11,積分轉負
全期間2021-2026,一次買完,6239,未知,2025-09-15,2025-09-26,148.08,137.3,-7.84,-18166.16,11,積分轉負
全期間2021-2026,一次買完,8046,南電,2025-09-22,2025-10-15,235.01,280.91,18.82,91994.6,23,15%停利
全期間2021-2026,一次買完,6488,未知,2025-09-22,2025-10-29,506.57,508.55,-0.21,-1069.05,37,積分轉負
全期間2021-2026,一次買完,2330,台積電,2025-10-20,2025-10-23,1466.37,1436.65,-2.61,-6059.25,3,積分轉負
全期間2021-2026,一次買完,6442,光聖,2025-10-20,2025-10-23,849.66,787.2,-7.91,-7818.31,3,積分轉負
全期間2021-2026,一次買完,3189,景碩,2025-10-20,2025-10-23,150.74,144.75,-4.55,-4429.38,3,積分轉負
全期間2021-2026,一次買完,3013,晟銘電,2025-10-20,2025-10-27,131.47,123.5,-6.62,-9385.08,7,積分轉負
全期間2021-2026,一次買完,2313,華通,2025-10-20,2025-10-28,85.75,85.25,-1.17,-1489.52,8,積分轉負
全期間2021-2026,一次買完,3587,閎康,2025-10-20,2025-10-28,212.48,200.18,-6.35,-10716.7,8,積分轉負
全期間2021-2026,一次買完,8210,勤誠,2025-10-20,2025-10-28,719.32,894.45,23.6,31586.37,8,15%停利
全期間2021-2026,一次買完,3017,奇鋐,2025-10-27,2025-10-30,1190.0,1410.0,17.78,50444.12,3,15%停利
全期間2021-2026,一次買完,6770,未知,2025-10-27,2025-11-03,31.5,30.1,-5.02,-9883.79,7,積分轉負
全期間2021-2026,一次買完,8046,南電,2025-10-27,2025-11-05,277.92,271.43,-2.92,-6319.84,9,積分轉負
全期間2021-2026,一次買完,6223,未知,2025-10-27,2025-11-11,1943.36,1788.89,-8.5,-25624.52,15,觸發停損
全期間2021-2026,一次買完,3324,雙鴻,2025-11-03,2025-11-05,1082.59,1008.44,-7.41,-12094.07,2,積分轉負
全期間2021-2026,一次買完,2345,智邦,2025-11-03,2025-11-06,1066.56,1046.71,-2.45,-4400.13,3,積分轉負
全期間2021-2026,一次買完,2449,京元電子,2025-11-03,2025-11-07,212.52,202.56,-5.26,-7752.06,4,積分轉負
全期間2021-2026,一次買完,6213,聯茂,2025-11-03,2025-11-10,118.5,104.13,-12.66,-23475.1,7,觸發停損
全期間2021-2026,一次買完,8299,群聯,2025-11-03,2025-11-11,1095.85,1293.3,17.31,22432.1,8,15%停利
全期間2021-2026,一次買完,1519,未知,2025-11-03,2025-11-21,702.42,614.84,-12.99,-25144.14,18,觸發停損
全期間2021-2026,一次買完,8210,勤誠,2025-11-10,2025-11-13,1004.28,999.33,-1.09,-5913.15,3,積分轉負
全期間2021-2026,一次買完,3443,創意,2025-11-10,2025-11-25,1881.43,2165.14,14.39,65400.47,15,15%停利
全期間2021-2026,一次買完,3529,力旺,2025-11-17,2025-11-20,2136.1,1992.03,-7.3,-28060.65,3,積分轉負
全期間2021-2026,一次買完,6442,光聖,2025-11-17,2025-11-25,1080.67,1298.78,19.46,59525.25,8,15%停利
全期間2021-2026,一次買完,2383,台光電,2025-11-17,2025-12-02,1450.0,1440.0,-1.28,-3952.77,15,積分轉負
全期間2021-2026,一次買完,1519,未知,2025-12-01,2025-12-03,631.82,630.93,-0.74,-832.75,2,積分轉負
全期間2021-2026,一次買完,3105,穩懋,2025-12-01,2025-12-09,140.41,166.3,17.73,18108.71,8,15%停利
全期間2021-2026,一次買完,3037,欣興,2025-12-01,2025-12-10,196.6,227.04,14.79,17567.3,9,15%停利
全期間2021-2026,一次買完,3653,健策,2025-12-01,2025-12-11,2782.72,2911.92,4.02,4521.03,10,積分轉負
全期間2021-2026,一次買完,2454,聯發科,2025-12-01,2025-12-12,1409.1,1370.1,-3.35,-6161.41,11,積分轉負
全期間2021-2026,一次買完,2356,英業達,2025-12-01,2025-12-12,42.67,42.28,-1.5,-3296.39,11,積分轉負
全期間2021-2026,一次買完,3711,日月光投控,2025-12-01,2025-12-16,222.47,226.93,1.39,2086.86,15,積分轉負
全期間2021-2026,一次買完,3706,神達,2025-12-08,2025-12-11,93.8,86.5,-8.33,-55894.36,3,觸發停損
全期間2021-2026,一次買完,2337,未知,2025-12-08,2026-01-02,37.25,43.35,15.68,51638.63,25,15%停利
全期間2021-2026,一次買完,2313,華通,2025-12-22,2025-12-30,95.55,97.03,0.95,1151.56,8,積分轉負
全期間2021-2026,一次買完,2368,金像電,2025-12-22,2026-01-02,645.43,638.48,-1.67,-2624.15,11,積分轉負
全期間2021-2026,一次買完,6274,台燿,2025-12-22,2026-01-05,450.4,471.23,4.0,6202.16,14,積分轉負
全期間2021-2026,一次買完,6770,未知,2025-12-22,2026-01-06,40.45,47.75,17.34,21519.99,15,15%停利
全期間2021-2026,一次買完,3324,雙鴻,2025-12-22,2026-01-07,979.77,966.91,-1.9,-3577.8,16,積分轉負
全期間2021-2026,一次買完,4991,未知,2025-12-22,2026-01-08,211.5,209.5,-1.54,-2322.18,17,積分轉負
全期間2021-2026,一次買完,3105,穩懋,2025-12-22,2026-01-12,190.2,232.03,21.26,21876.31,21,15%停利
全期間2021-2026,一次買完,6531,愛普*,2026-01-05,2026-01-08,475.74,451.9,-5.58,-14471.92,3,積分轉負
全期間2021-2026,一次買完,3131,弘塑,2026-01-05,2026-01-16,1733.1,1757.65,0.81,2287.59,11,積分轉負
全期間2021-2026,一次買完,3189,景碩,2026-01-05,2026-01-19,167.71,204.12,20.98,41258.99,14,15%停利
全期間2021-2026,一次買完,3680,未知,2026-01-05,2026-01-30,404.54,399.09,-1.94,-5056.18,25,觸發停損
全期間2021-2026,一次買完,2337,未知,2026-01-12,2026-01-19,61.2,73.7,19.7,88617.37,7,15%停利
全期間2021-2026,一次買完,3693,營邦,2026-01-12,2026-01-22,378.0,342.5,-9.93,-54661.1,10,積分轉負
全期間2021-2026,一次買完,1514,未知,2026-01-19,2026-01-21,115.22,133.94,15.55,61636.43,2,15%停利
全期間2021-2026,一次買完,8046,南電,2026-01-19,2026-01-22,317.33,369.72,15.81,49610.37,3,15%停利
全期間2021-2026,一次買完,3443,創意,2026-01-19,2026-01-27,2682.78,2573.28,-4.66,-13473.82,8,積分轉負
全期間2021-2026,一次買完,3533,嘉澤,2026-01-26,2026-01-30,1454.21,1405.08,-3.96,-6341.04,4,積分轉負
全期間2021-2026,一次買完,6274,台燿,2026-01-26,2026-01-30,507.94,499.01,-2.35,-5524.49,4,積分轉負
全期間2021-2026,一次買完,8299,群聯,2026-01-26,2026-02-02,2059.96,2129.45,2.76,3772.09,7,觸發停損
全期間2021-2026,一次買完,2313,華通,2026-01-26,2026-02-02,175.25,170.3,-3.41,-4979.01,7,積分轉負
全期間2021-2026,一次買完,6510,未知,2026-01-26,2026-02-03,3202.73,3754.75,16.53,26027.49,8,15%停利
全期間2021-2026,一次買完,3037,欣興,2026-01-26,2026-02-03,332.32,384.21,14.92,24293.83,8,15%停利
全期間2021-2026,一次買完,6415,未知,2026-02-02,2026-02-05,286.98,270.63,-6.26,-18472.83,3,積分轉負
全期間2021-2026,一次買完,3653,健策,2026-02-02,2026-02-06,2936.77,2951.67,-0.09,-365.81,4,積分轉負
全期間2021-2026,一次買完,4958,未知,2026-02-02,2026-02-09,182.25,180.76,-1.41,-4423.98,7,積分轉負
全期間2021-2026,一次買完,2337,未知,2026-02-09,2026-02-23,88.8,103.5,15.86,12414.26,14,15%停利
全期間2021-2026,一次買完,4979,未知,2026-02-09,2026-02-24,336.76,390.98,15.41,16582.02,15,15%停利
全期間2021-2026,一次買完,2454,聯發科,2026-02-09,2026-02-24,1819.13,1814.16,-0.87,-1300.42,15,積分轉負
全期間2021-2026,一次買完,3711,日月光投控,2026-02-09,2026-02-24,324.04,378.04,15.97,26296.76,15,15%停利
全期間2021-2026,一次買完,2383,台光電,2026-02-09,2026-02-25,2080.0,2420.0,15.65,17805.6,16,15%停利
全期間2021-2026,一次買完,8996,高力,2026-02-09,2026-02-26,878.24,874.26,-1.05,-1286.87,17,積分轉負
全期間2021-2026,一次買完,2368,金像電,2026-02-09,2026-03-02,791.4,781.47,-1.85,-2319.2,21,積分轉負
全期間2021-2026,一次買完,2345,智邦,2026-02-09,2026-03-12,1294.75,1493.18,14.64,20038.11,31,15%停利
全期間2021-2026,一次買完,2313,華通,2026-02-23,2026-03-05,202.98,202.98,-0.6,-5982.05,10,積分轉負
全期間2021-2026,一次買完,2337,未知,2026-03-02,2026-03-04,116.0,98.0,-16.02,-46028.18,2,積分轉負
全期間2021-2026,一次買完,4979,未知,2026-03-02,2026-03-05,460.12,397.94,-14.03,-51104.13,3,積分轉負
全期間2021-2026,一次買完,8046,南電,2026-03-02,2026-03-09,539.87,422.11,-22.28,-77643.85,7,觸發停損
全期間2021-2026,一次買完,6223,未知,2026-03-30,2026-04-08,3722.28,4295.32,14.7,41560.2,9,15%停利
全期間2021-2026,一次買完,4958,未知,2026-03-30,2026-04-09,224.96,261.71,15.64,39423.42,10,15%停利
全期間2021-2026,一次買完,8046,南電,2026-03-30,2026-04-09,578.79,667.6,14.65,29600.69,10,15%停利
全期間2021-2026,一次買完,3533,嘉澤,2026-03-30,2026-04-20,2181.32,2579.26,17.54,45982.6,21,15%停利
全期間2021-2026,一次買完,3529,力旺,2026-04-13,2026-04-16,3139.56,3681.04,16.55,57707.06,3,15%停利
全期間2021-2026,一次買完,2455,全新,2026-04-13,2026-04-21,291.02,337.71,15.35,46832.55,8,15%停利
全期間2021-2026,一次買完,8996,高力,2026-04-13,2026-04-27,1095.0,1070.0,-2.87,-9884.12,14,積分轉負
全期間2021-2026,一次買完,4979,未知,2026-04-20,2026-04-23,704.36,564.09,-20.39,-37705.72,3,觸發停損
全期間2021-2026,一次買完,3105,穩懋,2026-04-20,2026-04-24,589.52,544.71,-8.15,-12124.03,4,積分轉負
全期間2021-2026,一次買完,4991,未知,2026-04-20,2026-04-27,724.0,570.0,-21.74,-33332.17,7,觸發停損
全期間2021-2026,一次買完,8046,南電,2026-04-20,2026-04-28,794.33,930.05,16.39,23753.82,8,15%停利
全期間2021-2026,一次買完,2308,台達電,2026-04-20,2026-05-04,1890.12,2208.45,16.14,31398.78,14,15%停利
全期間2021-2026,一次買完,3653,健策,2026-04-20,2026-05-06,4989.02,4278.44,-14.76,-25514.98,16,觸發停損
全期間2021-2026,一次買完,2454,聯發科,2026-04-27,2026-05-04,2420.54,2852.95,17.16,87237.19,7,15%停利
全期間2021-2026,一次買完,2383,台光電,2026-04-27,2026-05-20,4730.0,4395.0,-7.64,-37398.36,23,積分轉負
全期間2021-2026,一次買完,3189,景碩,2026-05-04,2026-05-07,530.09,491.66,-7.81,-22365.11,3,積分轉負
全期間2021-2026,一次買完,2368,金像電,2026-05-04,2026-05-11,1429.88,1390.16,-3.36,-11740.46,7,積分轉負
全期間2021-2026,一次買完,2345,智邦,2026-05-04,2026-05-18,2485.33,2475.41,-1.0,-3607.51,14,積分轉負
全期間2021-2026,一次買完,6488,未知,2026-05-11,2026-05-13,831.78,747.11,-10.72,-32013.4,2,積分轉負
全期間2021-2026,一次買完,2059,川湖,2026-05-11,2026-05-14,5520.0,5010.0,-9.78,-35564.44,3,積分轉負
全期間2021-2026,一次買完,3443,創意,2026-05-11,2026-05-15,5704.01,4823.03,-15.95,-53645.72,4,積分轉負
全期間2021-2026,一次買完,2492,未知,2026-05-25,2026-05-28,319.8,387.94,20.58,24693.68,3,15%停利
全期間2021-2026,一次買完,6770,未知,2026-05-25,2026-05-28,67.6,80.7,18.66,20373.81,3,15%停利
全期間2021-2026,一次買完,6223,未知,2026-05-25,2026-05-29,6178.89,5939.7,-4.45,-4257.03,4,積分轉負
全期間2021-2026,一次買完,2357,華碩,2026-05-25,2026-06-01,666.46,786.78,17.35,30162.04,7,15%停利
全期間2021-2026,一次買完,2313,華通,2026-05-25,2026-06-03,295.55,266.5,-10.37,-10514.27,9,積分轉負
全期間2021-2026,一次買完,6412,未知,2026-05-25,2026-06-05,99.91,94.05,-6.43,-10177.37,11,積分轉負
全期間2021-2026,一次買完,2458,未知,2026-05-25,2026-06-05,163.5,158.5,-3.64,-5341.87,11,積分轉負
全期間2021-2026,一次買完,6274,台燿,2026-05-25,2026-06-10,1600.0,1500.0,-6.81,-6423.4,16,積分轉負
全期間2021-2026,一次買完,6531,愛普*,2026-06-01,2026-06-03,1117.33,1092.5,-2.81,-3534.1,2,積分轉負
全期間2021-2026,一次買完,3706,神達,2026-06-01,2026-06-05,93.5,92.4,-1.77,-6093.64,4,積分轉負
全期間2021-2026,一次買完,3231,緯創,2026-06-01,2026-06-08,167.84,157.72,-6.6,-21680.27,7,觸發停損
全期間2021-2026,一次買完,2492,未知,2026-06-01,2026-06-16,413.8,491.39,18.04,36162.19,15,15%停利
全期間2021-2026,一次買完,2404,未知,2026-06-15,2026-06-17,1337.04,1240.16,-7.8,-11287.44,2,積分轉負
全期間2021-2026,一次買完,8996,高力,2026-06-15,2026-06-17,1255.0,1515.0,19.99,20098.97,2,15%停利
全期間2021-2026,一次買完,6274,台燿,2026-06-15,2026-06-18,1570.0,1835.0,16.18,14232.96,3,15%停利
全期間2021-2026,一次買完,2454,聯發科,2026-06-15,2026-06-22,4443.45,4438.48,-0.71,-773.87,7,積分轉負
全期間2021-2026,一次買完,2376,技嘉,2026-06-15,2026-06-22,337.04,327.39,-3.44,-5240.06,7,積分轉負
全期間2021-2026,一次買完,5347,未知,2026-06-15,2026-06-25,170.47,214.91,25.32,37038.67,10,15%停利
全期間2021-2026,一次買完,3034,聯詠,2026-06-15,2026-06-26,473.99,487.4,2.21,5717.67,11,觸發停損
全期間2021-2026,一次買完,6488,未知,2026-06-22,2026-06-24,1110.71,961.28,-13.97,-23482.95,2,積分轉負
全期間2021-2026,一次買完,6274,台燿,2026-06-22,2026-06-24,1900.0,1765.0,-7.66,-10603.09,2,積分轉負
全期間2021-2026,一次買完,2382,廣達,2026-06-22,2026-06-24,364.44,356.77,-2.69,-5013.31,2,積分轉負
全期間2021-2026,一次買完,6257,未知,2026-06-22,2026-06-29,238.73,221.01,-7.98,-14902.69,7,積分轉負
全期間2021-2026,一次買完,1560,未知,2026-06-22,2026-07-06,708.25,740.04,3.86,7727.76,14,積分轉負
全期間2021-2026,一次買完,2492,未知,2026-06-22,2026-07-07,613.74,499.35,-19.13,-22895.28,15,積分轉負
全期間2021-2026,一次買完,5434,未知,2026-06-29,2026-07-06,525.99,509.4,-3.73,-16110.06,7,積分轉負
全期間2021-2026,一次買完,6139,亞翔,2026-06-29,2026-07-08,955.0,866.0,-9.86,-29291.17,9,積分轉負
全期間2021-2026,一次買完,8046,南電,2026-06-29,2026-07-13,1080.0,1270.0,16.89,45756.81,14,15%停利
全期間2021-2026,一次買完,6414,樺漢,2026-07-20,2026-07-22,405.0,490.0,20.26,33159.51,2,15%停利
全期間2021-2026,一次買完,3231,緯創,2026-07-20,2026-07-23,143.5,173.5,20.18,42331.22,3,15%停利
全期間2021-2026,一次買完,2412,未知,2026-07-20,2026-08-04,139.0,136.5,-2.39,-11748.7,15,積分轉負
全期間2021-2026,一次買完,6533,未知,2026-07-20,2026-08-07,231.0,256.0,10.16,13636.29,18,期末平倉
全期間2021-2026,一次買完,2317,鴻海,2026-07-27,2026-07-29,253.0,237.0,-6.88,-28132.66,2,積分轉負
全期間2021-2026,一次買完,3231,緯創,2026-07-27,2026-08-07,177.0,183.5,3.05,8279.21,11,期末平倉
全期間2021-2026,一次買完,3034,聯詠,2026-07-27,2026-08-07,518.0,542.0,4.01,12827.42,11,期末平倉
全期間2021-2026,3:3:4分批,3706,神達,2021-01-11,2021-01-12,22.88,22.61,-1.75,-657.05,1,觸發停損
全期間2021-2026,3:3:4分批,3044,健鼎,2021-01-11,2021-01-12,93.16,91.66,-2.2,-823.13,1,觸發停損
全期間2021-2026,3:3:4分批,2383,台光電,2021-01-11,2021-01-12,139.34,135.88,-3.07,-1150.43,1,觸發停損
全期間2021-2026,3:3:4分批,3443,創意,2021-01-11,2021-01-12,376.26,372.98,-1.46,-549.27,1,觸發停損
全期間2021-2026,3:3:4分批,2454,聯發科,2021-01-11,2021-01-12,600.01,596.48,-1.18,-443.34,1,觸發停損
全期間2021-2026,3:3:4分批,3037,欣興,2021-01-11,2021-01-13,84.93,87.34,2.23,836.2,2,觸發停損
全期間2021-2026,3:3:4分批,3189,景碩,2021-01-11,2021-01-13,79.02,79.38,-0.15,-56.23,2,觸發停損
全期間2021-2026,3:3:4分批,3529,力旺,2021-01-11,2021-01-13,617.97,634.13,2.0,750.58,2,觸發停損
全期間2021-2026,3:3:4分批,3324,雙鴻,2021-01-18,2021-01-19,214.85,209.15,-3.24,-1213.27,1,觸發停損
全期間2021-2026,3:3:4分批,3227,未知,2021-01-18,2021-01-19,143.77,143.04,-1.1,-414.03,1,觸發停損
全期間2021-2026,3:3:4分批,3711,日月光投控,2021-01-18,2021-01-20,77.09,80.16,3.36,1259.28,2,觸發停損
全期間2021-2026,3:3:4分批,2395,研華,2021-01-18,2021-01-20,291.14,294.69,0.61,229.64,2,觸發停損
全期間2021-2026,3:3:4分批,2303,聯電,2021-01-18,2021-01-20,36.84,38.66,4.31,1615.05,2,觸發停損
全期間2021-2026,3:3:4分批,3374,未知,2021-01-18,2021-01-20,183.29,176.5,-4.28,-1604.9,2,觸發停損
全期間2021-2026,3:3:4分批,3105,穩懋,2021-01-18,2021-01-27,380.76,390.18,1.86,697.69,9,積分轉負
全期間2021-2026,3:3:4分批,2449,京元電子,2021-01-18,2021-01-28,28.84,28.55,-1.58,-1187.86,10,積分轉負
全期間2021-2026,3:3:4分批,2317,鴻海,2021-01-25,2021-01-29,98.31,89.12,-9.89,-3115.65,4,積分轉負
全期間2021-2026,3:3:4分批,2382,廣達,2021-01-25,2021-01-29,60.53,57.94,-4.84,-2674.5,4,積分轉負
全期間2021-2026,3:3:4分批,3231,緯創,2021-01-25,2021-02-01,23.6,23.52,-0.92,-500.97,7,積分轉負
全期間2021-2026,3:3:4分批,2376,技嘉,2021-01-25,2021-02-01,59.56,57.05,-4.79,-2146.97,7,積分轉負
全期間2021-2026,3:3:4分批,3706,神達,2021-01-25,2021-02-01,22.39,22.01,-2.28,-1686.27,7,積分轉負
全期間2021-2026,3:3:4分批,2324,仁寶,2021-01-25,2021-02-23,15.91,16.17,1.03,410.65,29,積分轉負
全期間2021-2026,3:3:4分批,5269,祥碩,2021-02-01,2021-02-05,1757.81,1735.61,-1.85,-470.53,4,積分轉負
全期間2021-2026,3:3:4分批,3529,力旺,2021-02-01,2021-02-18,675.01,848.99,25.02,5433.79,17,15%停利
全期間2021-2026,3:3:4分批,2492,未知,2021-02-01,2021-02-19,194.93,225.58,15.03,4744.79,18,15%停利
全期間2021-2026,3:3:4分批,6415,未知,2021-02-01,2021-02-23,685.49,715.61,3.77,873.62,22,積分轉負
全期間2021-2026,3:3:4分批,2330,台積電,2021-02-01,2021-02-23,553.42,580.6,4.28,1434.15,22,積分轉負
全期間2021-2026,3:3:4分批,2454,聯發科,2021-02-01,2021-02-23,638.08,680.38,5.99,1789.92,22,積分轉負
全期間2021-2026,3:3:4分批,2412,未知,2021-02-01,2021-03-02,86.78,87.18,-0.14,-191.64,29,積分轉負
全期間2021-2026,3:3:4分批,2492,未知,2021-02-22,2021-02-25,237.49,228.98,-4.16,-4734.68,3,積分轉負
全期間2021-2026,3:3:4分批,6488,未知,2021-02-22,2021-03-02,675.63,639.34,-5.94,-5522.6,8,積分轉負
全期間2021-2026,3:3:4分批,3443,創意,2021-02-22,2021-03-02,449.82,402.97,-10.95,-10206.86,8,積分轉負
全期間2021-2026,3:3:4分批,2368,金像電,2021-03-08,2021-03-10,56.44,53.84,-5.19,-1147.27,2,積分轉負
全期間2021-2026,3:3:4分批,3189,景碩,2021-03-08,2021-03-17,82.81,82.59,-0.86,-311.55,9,積分轉負
全期間2021-2026,3:3:4分批,3105,穩懋,2021-03-08,2021-03-18,346.14,344.88,-0.96,-460.74,10,積分轉負
全期間2021-2026,3:3:4分批,2357,華碩,2021-03-08,2021-03-19,211.9,249.45,17.02,13650.7,11,15%停利
全期間2021-2026,3:3:4分批,8299,群聯,2021-03-08,2021-03-19,362.17,366.0,0.45,221.69,11,積分轉負
全期間2021-2026,3:3:4分批,3231,緯創,2021-03-08,2021-03-25,24.98,25.11,-0.07,-135.79,17,積分轉負
全期間2021-2026,3:3:4分批,2324,仁寶,2021-03-08,2021-03-30,17.14,20.07,16.42,30324.65,22,15%停利
全期間2021-2026,3:3:4分批,2356,英業達,2021-03-08,2021-04-01,20.53,20.61,-0.22,-408.29,24,積分轉負
全期間2021-2026,3:3:4分批,3661,世芯-KY,2021-03-15,2021-03-22,894.24,851.25,-5.38,-7732.26,7,積分轉負
全期間2021-2026,3:3:4分批,2317,鴻海,2021-03-22,2021-03-25,103.91,101.11,-3.27,-1492.01,3,積分轉負
全期間2021-2026,3:3:4分批,2308,台達電,2021-03-22,2021-03-25,256.73,254.05,-1.64,-790.85,3,積分轉負
全期間2021-2026,3:3:4分批,6239,未知,2021-03-22,2021-03-29,77.18,76.07,-2.03,-1448.9,7,積分轉負
全期間2021-2026,3:3:4分批,4958,未知,2021-03-22,2021-04-01,101.01,94.41,-7.09,-8821.44,10,觸發停損
全期間2021-2026,3:3:4分批,5434,未知,2021-03-22,2021-04-13,100.97,101.92,0.33,483.38,22,積分轉負
全期間2021-2026,3:3:4分批,6531,愛普*,2021-03-29,2021-04-07,400.95,393.28,-2.5,-1548.06,9,積分轉負
全期間2021-2026,3:3:4分批,2436,未知,2021-03-29,2021-04-07,43.79,54.48,23.68,14366.33,9,15%停利
全期間2021-2026,3:3:4分批,3034,聯詠,2021-03-29,2021-04-12,353.22,368.99,3.84,2987.34,14,觸發停損
全期間2021-2026,3:3:4分批,3189,景碩,2021-03-29,2021-04-13,89.54,95.77,6.33,2686.37,15,觸發停損
全期間2021-2026,3:3:4分批,8086,未知,2021-04-12,2021-04-14,151.12,143.7,-5.48,-2402.97,2,積分轉負
全期間2021-2026,3:3:4分批,2303,聯電,2021-04-12,2021-04-15,39.77,39.4,-1.53,-781.54,3,積分轉負
全期間2021-2026,3:3:4分批,3413,未知,2021-04-12,2021-04-16,210.3,188.47,-10.92,-3793.92,4,積分轉負
全期間2021-2026,3:3:4分批,2376,技嘉,2021-04-12,2021-04-21,79.01,78.7,-0.98,-1136.78,9,積分轉負
全期間2021-2026,3:3:4分批,5347,未知,2021-04-12,2021-04-22,91.04,89.08,-2.74,-3422.74,10,積分轉負
全期間2021-2026,3:3:4分批,2353,宏碁,2021-04-12,2021-05-04,24.63,23.44,-5.42,-5416.32,22,觸發停損
全期間2021-2026,3:3:4分批,3189,景碩,2021-04-19,2021-04-22,100.67,96.67,-4.56,-1523.66,3,積分轉負
全期間2021-2026,3:3:4分批,6488,未知,2021-04-19,2021-04-23,717.97,725.74,0.48,314.73,4,積分轉負
全期間2021-2026,3:3:4分批,2308,台達電,2021-04-19,2021-04-23,266.57,265.68,-0.93,-1028.48,4,積分轉負
全期間2021-2026,3:3:4分批,2436,未知,2021-04-19,2021-05-04,69.31,65.51,-6.04,-4570.33,15,觸發停損
全期間2021-2026,3:3:4分批,6415,未知,2021-04-19,2021-05-10,694.92,737.29,5.46,9572.79,21,觸發停損
全期間2021-2026,3:3:4分批,2303,聯電,2021-04-26,2021-05-03,45.86,39.33,-14.75,-8717.29,7,觸發停損
全期間2021-2026,3:3:4分批,8299,群聯,2021-04-26,2021-05-04,451.91,445.63,-1.98,-1220.16,8,積分轉負
全期間2021-2026,3:3:4分批,3533,嘉澤,2021-04-26,2021-05-05,450.37,424.0,-6.42,-12062.21,9,觸發停損
全期間2021-2026,3:3:4分批,6182,未知,2021-04-26,2021-05-11,52.15,42.66,-18.69,-6854.25,15,積分轉負
全期間2021-2026,3:3:4分批,2376,技嘉,2021-04-26,2021-05-12,91.35,76.85,-16.38,-26528.38,16,觸發停損
全期間2021-2026,3:3:4分批,3529,力旺,2021-05-03,2021-05-06,974.49,926.95,-5.45,-4319.04,3,積分轉負
全期間2021-2026,3:3:4分批,5347,未知,2021-05-10,2021-05-12,89.87,79.66,-11.88,-6624.5,2,觸發停損
全期間2021-2026,3:3:4分批,4966,譜瑞-KY,2021-05-10,2021-05-12,1231.04,1160.44,-6.3,-2369.49,2,積分轉負
全期間2021-2026,3:3:4分批,3533,嘉澤,2021-05-10,2021-05-13,453.06,399.21,-12.41,-6755.62,3,觸發停損
全期間2021-2026,3:3:4分批,2353,宏碁,2021-05-10,2021-05-13,25.9,22.0,-15.56,-6860.52,3,觸發停損
全期間2021-2026,3:3:4分批,2449,京元電子,2021-05-10,2021-05-13,35.31,31.26,-12.0,-5218.56,3,積分轉負
全期間2021-2026,3:3:4分批,2059,川湖,2021-05-10,2021-06-29,352.71,362.56,2.18,4684.65,50,積分轉負
全期間2021-2026,3:3:4分批,6415,未知,2021-05-17,2021-05-24,663.81,805.96,20.69,8891.16,7,15%停利
全期間2021-2026,3:3:4分批,5269,祥碩,2021-05-17,2021-05-26,1114.09,1300.6,16.04,11249.94,9,15%停利
全期間2021-2026,3:3:4分批,2345,智邦,2021-05-17,2021-05-27,260.76,265.97,1.39,1278.79,10,積分轉負
全期間2021-2026,3:3:4分批,2360,致茂,2021-05-17,2021-06-01,157.93,161.88,1.89,2052.42,15,積分轉負
全期間2021-2026,3:3:4分批,2368,金像電,2021-05-17,2021-06-10,50.28,59.34,17.31,24236.21,24,15%停利
全期間2021-2026,3:3:4分批,8046,南電,2021-05-17,2021-06-11,275.32,298.11,7.63,9728.12,25,積分轉負
全期間2021-2026,3:3:4分批,6488,未知,2021-05-17,2021-06-15,700.4,744.75,5.7,7808.92,29,積分轉負
全期間2021-2026,3:3:4分批,6415,未知,2021-05-24,2021-06-04,844.4,813.19,-4.27,-8357.7,11,積分轉負
全期間2021-2026,3:3:4分批,5269,祥碩,2021-05-31,2021-06-07,1340.55,1238.45,-8.17,-3843.81,7,積分轉負
全期間2021-2026,3:3:4分批,3037,欣興,2021-05-31,2021-06-24,106.97,117.23,8.94,5900.75,24,積分轉負
全期間2021-2026,3:3:4分批,2337,未知,2021-06-07,2021-06-09,36.7,35.94,-2.67,-958.02,2,積分轉負
全期間2021-2026,3:3:4分批,3653,健策,2021-06-07,2021-06-15,259.26,242.53,-7.01,-5140.39,8,積分轉負
全期間2021-2026,3:3:4分批,3017,奇鋐,2021-06-07,2021-06-28,63.74,71.8,11.97,6140.67,21,積分轉負
全期間2021-2026,3:3:4分批,3035,智原,2021-06-28,2021-07-08,73.1,88.08,19.76,13036.58,10,15%停利
全期間2021-2026,3:3:4分批,2308,台達電,2021-06-28,2021-07-09,268.77,263.89,-2.4,-3515.94,11,積分轉負
全期間2021-2026,3:3:4分批,6269,未知,2021-06-28,2021-07-09,115.78,110.45,-5.18,-5574.73,11,積分轉負
全期間2021-2026,3:3:4分批,8086,未知,2021-06-28,2021-07-12,147.37,173.37,16.94,11911.77,14,15%停利
全期間2021-2026,3:3:4分批,6415,未知,2021-06-28,2021-07-16,925.54,945.71,1.57,1707.68,18,積分轉負
全期間2021-2026,3:3:4分批,5483,未知,2021-06-28,2021-07-28,151.19,149.71,-1.57,-1879.98,30,積分轉負
全期間2021-2026,3:3:4分批,2455,全新,2021-06-28,2021-07-28,123.93,116.52,-6.54,-7913.3,30,積分轉負
全期間2021-2026,3:3:4分批,3413,未知,2021-07-05,2021-07-19,190.36,188.47,-1.58,-3637.31,14,積分轉負
全期間2021-2026,3:3:4分批,6202,未知,2021-07-12,2021-07-16,93.92,111.33,17.83,16363.52,4,15%停利
全期間2021-2026,3:3:4分批,3532,未知,2021-07-12,2021-07-19,175.8,183.71,3.87,2195.75,7,積分轉負
全期間2021-2026,3:3:4分批,8046,南電,2021-07-12,2021-07-26,369.29,332.62,-10.47,-6545.16,14,積分轉負
全期間2021-2026,3:3:4分批,3443,創意,2021-07-12,2021-07-28,440.18,387.89,-12.41,-9449.99,16,觸發停損
全期間2021-2026,3:3:4分批,6531,愛普*,2021-08-02,2021-08-05,350.89,340.96,-3.41,-1107.52,3,積分轉負
全期間2021-2026,3:3:4分批,6223,未知,2021-08-02,2021-08-06,149.36,135.22,-10.01,-3309.45,4,積分轉負
全期間2021-2026,3:3:4分批,4966,譜瑞-KY,2021-08-02,2021-08-09,1553.14,1482.54,-5.12,-1704.67,7,積分轉負
全期間2021-2026,3:3:4分批,3131,弘塑,2021-08-02,2021-08-09,365.81,364.07,-1.07,-473.76,7,積分轉負
全期間2021-2026,3:3:4分批,2337,未知,2021-08-02,2021-08-09,37.43,36.58,-2.85,-1695.97,7,積分轉負
全期間2021-2026,3:3:4分批,5269,祥碩,2021-08-02,2021-08-09,1780.0,1695.66,-5.31,-1795.55,7,積分轉負
全期間2021-2026,3:3:4分批,3529,力旺,2021-08-02,2021-08-10,1291.35,1262.65,-2.81,-913.11,8,積分轉負
全期間2021-2026,3:3:4分批,8081,未知,2021-08-02,2021-08-27,192.6,183.59,-5.25,-5388.31,25,積分轉負
全期間2021-2026,3:3:4分批,6412,未知,2021-08-09,2021-08-11,53.98,52.53,-3.27,-2249.12,2,積分轉負
全期間2021-2026,3:3:4分批,2303,聯電,2021-08-09,2021-08-13,47.42,44.13,-7.5,-1720.02,4,積分轉負
全期間2021-2026,3:3:4分批,6415,未知,2021-08-09,2021-08-13,975.98,907.13,-7.61,-1831.06,4,積分轉負
全期間2021-2026,3:3:4分批,2059,川湖,2021-08-09,2021-08-13,344.2,335.94,-2.98,-1304.62,4,積分轉負
全期間2021-2026,3:3:4分批,5347,未知,2021-08-09,2021-08-16,112.24,107.92,-4.42,-1085.16,7,積分轉負
全期間2021-2026,3:3:4分批,2412,未知,2021-08-09,2021-08-25,93.55,90.97,-3.34,-3872.32,16,觸發停損
全期間2021-2026,3:3:4分批,3081,聯亞,2021-08-16,2021-08-19,203.15,181.9,-11.0,-5776.0,3,觸發停損
全期間2021-2026,3:3:4分批,2059,川湖,2021-08-16,2021-08-23,340.07,332.73,-2.74,-1826.75,7,積分轉負
全期間2021-2026,3:3:4分批,5269,祥碩,2021-08-16,2021-09-01,1742.16,2031.32,15.9,10087.27,16,15%停利
全期間2021-2026,3:3:4分批,3443,創意,2021-08-16,2021-09-02,372.09,429.72,14.8,10269.35,17,15%停利
全期間2021-2026,3:3:4分批,4966,譜瑞-KY,2021-08-16,2021-09-10,1483.46,1725.42,15.61,13617.87,25,15%停利
全期間2021-2026,3:3:4分批,2356,英業達,2021-08-16,2021-10-18,19.93,21.87,9.06,30484.7,63,積分轉負
全期間2021-2026,3:3:4分批,3653,健策,2021-08-23,2021-09-06,264.69,259.18,-2.67,-4280.53,14,積分轉負
全期間2021-2026,3:3:4分批,3661,世芯-KY,2021-08-23,2021-09-10,661.84,789.15,18.52,70763.5,18,15%停利
全期間2021-2026,3:3:4分批,6488,未知,2021-08-30,2021-09-08,774.62,755.6,-3.04,-85.85,9,積分轉負
全期間2021-2026,3:3:4分批,3189,景碩,2021-08-30,2021-09-09,193.83,182.77,-6.27,-252.86,10,積分轉負
全期間2021-2026,3:3:4分批,8046,南電,2021-09-06,2021-09-09,394.6,365.89,-7.83,-3674.78,3,積分轉負
全期間2021-2026,3:3:4分批,5483,未知,2021-09-06,2021-09-28,153.46,145.75,-5.59,-2571.78,22,積分轉負
全期間2021-2026,3:3:4分批,3017,奇鋐,2021-09-06,2021-09-30,73.82,72.94,-1.78,-1171.65,24,積分轉負
全期間2021-2026,3:3:4分批,3044,健鼎,2021-09-13,2021-09-15,92.09,91.3,-1.45,-965.86,2,積分轉負
全期間2021-2026,3:3:4分批,2404,未知,2021-09-13,2021-09-23,140.15,129.95,-7.83,-4229.29,10,觸發停損
全期間2021-2026,3:3:4分批,5434,未知,2021-09-13,2021-09-28,114.06,112.86,-1.65,-674.81,15,積分轉負
全期間2021-2026,3:3:4分批,6214,未知,2021-09-13,2021-10-13,68.22,66.97,-2.42,-5470.98,30,積分轉負
全期間2021-2026,3:3:4分批,3443,創意,2021-09-13,2021-10-18,458.33,480.11,4.13,2110.13,35,積分轉負
全期間2021-2026,3:3:4分批,2324,仁寶,2021-09-27,2021-10-01,19.18,18.63,-3.46,-2021.26,4,積分轉負
全期間2021-2026,3:3:4分批,3653,健策,2021-09-27,2021-10-21,282.79,330.37,16.12,26899.74,24,15%停利
全期間2021-2026,3:3:4分批,6282,康舒,2021-10-04,2021-10-06,25.66,24.5,-5.09,-1627.89,2,積分轉負
全期間2021-2026,3:3:4分批,2412,未知,2021-10-04,2021-10-15,91.8,91.8,-0.6,-444.21,11,積分轉負
全期間2021-2026,3:3:4分批,2360,致茂,2021-10-04,2021-10-15,156.54,159.61,1.35,562.06,11,積分轉負
全期間2021-2026,3:3:4分批,2382,廣達,2021-10-04,2021-10-21,59.53,59.39,-0.84,-1032.39,17,積分轉負
全期間2021-2026,3:3:4分批,3035,智原,2021-10-18,2021-10-22,128.95,152.27,17.38,6041.56,4,15%停利
全期間2021-2026,3:3:4分批,5269,祥碩,2021-10-18,2021-10-26,1388.67,1496.53,7.12,2380.06,8,積分轉負
全期間2021-2026,3:3:4分批,2353,宏碁,2021-10-18,2021-10-28,19.99,20.35,1.18,2813.94,10,積分轉負
全期間2021-2026,3:3:4分批,3661,世芯-KY,2021-10-18,2021-11-01,919.66,1088.82,17.69,11091.3,14,15%停利
全期間2021-2026,3:3:4分批,6510,未知,2021-10-18,2021-11-03,693.94,633.59,-9.24,-14638.14,16,觸發停損
全期間2021-2026,3:3:4分批,3529,力旺,2021-10-18,2021-11-11,2224.77,2267.04,1.29,1435.58,24,積分轉負
全期間2021-2026,3:3:4分批,3037,欣興,2021-10-25,2021-10-28,136.03,161.34,17.9,14524.74,3,15%停利
全期間2021-2026,3:3:4分批,2454,聯發科,2021-10-25,2021-10-29,687.94,669.61,-3.25,-4712.54,4,積分轉負
全期間2021-2026,3:3:4分批,3189,景碩,2021-10-25,2021-11-01,219.51,214.58,-2.83,-1890.34,7,積分轉負
全期間2021-2026,3:3:4分批,3533,嘉澤,2021-11-01,2021-11-04,527.02,505.9,-4.58,-2292.84,3,積分轉負
全期間2021-2026,3:3:4分批,3443,創意,2021-11-01,2021-11-09,578.99,561.87,-3.54,-1056.26,8,積分轉負
全期間2021-2026,3:3:4分批,3653,健策,2021-11-01,2021-11-11,330.79,326.96,-1.75,-545.71,10,積分轉負
全期間2021-2026,3:3:4分批,2313,華通,2021-11-01,2021-11-12,35.43,34.89,-2.13,-2191.51,11,積分轉負
全期間2021-2026,3:3:4分批,6412,未知,2021-11-01,2021-11-26,57.32,56.72,-1.63,-3807.05,25,觸發停損
全期間2021-2026,3:3:4分批,6257,未知,2021-11-01,2021-11-26,46.5,45.35,-3.05,-6854.78,25,積分轉負
全期間2021-2026,3:3:4分批,2357,華碩,2021-11-08,2021-11-12,265.13,256.92,-3.68,-5220.12,4,觸發停損
全期間2021-2026,3:3:4分批,2376,技嘉,2021-11-08,2021-11-23,103.22,103.99,0.15,115.1,15,積分轉負
全期間2021-2026,3:3:4分批,2436,未知,2021-11-15,2021-11-19,92.57,91.29,-1.98,-788.46,4,積分轉負
全期間2021-2026,3:3:4分批,3035,智原,2021-11-15,2021-11-19,181.54,174.22,-4.6,-1002.13,4,積分轉負
全期間2021-2026,3:3:4分批,2382,廣達,2021-11-15,2021-11-22,65.56,65.94,-0.02,-22.98,7,積分轉負
全期間2021-2026,3:3:4分批,6669,緯穎,2021-11-15,2021-11-24,861.01,852.71,-1.56,-1352.6,9,積分轉負
全期間2021-2026,3:3:4分批,2454,聯發科,2021-11-15,2021-11-24,771.39,762.75,-1.71,-2589.14,9,積分轉負
全期間2021-2026,3:3:4分批,5269,祥碩,2021-11-22,2021-11-26,1779.65,1662.81,-7.12,-6274.17,4,積分轉負
全期間2021-2026,3:3:4分批,2492,未知,2021-11-22,2021-11-26,161.33,152.1,-6.29,-4333.8,4,積分轉負
全期間2021-2026,3:3:4分批,3533,嘉澤,2021-11-22,2021-12-02,618.03,591.24,-4.91,-4735.04,10,積分轉負
全期間2021-2026,3:3:4分批,2356,英業達,2021-11-29,2021-12-03,21.54,21.2,-2.12,-1761.51,4,積分轉負
全期間2021-2026,3:3:4分批,6414,樺漢,2021-11-29,2021-12-06,192.49,188.94,-2.43,-769.0,7,積分轉負
全期間2021-2026,3:3:4分批,8046,南電,2021-11-29,2021-12-07,508.15,509.89,-0.26,-88.1,8,積分轉負
全期間2021-2026,3:3:4分批,3532,未知,2021-11-29,2021-12-08,223.08,264.95,18.06,7791.81,9,15%停利
全期間2021-2026,3:3:4分批,3653,健策,2021-11-29,2021-12-09,361.49,365.75,0.57,174.86,10,積分轉負
全期間2021-2026,3:3:4分批,6182,未知,2021-11-29,2021-12-10,77.04,77.04,-0.6,-177.22,11,積分轉負
全期間2021-2026,3:3:4分批,2353,宏碁,2021-11-29,2021-12-13,22.24,22.59,0.99,1372.64,14,積分轉負
全期間2021-2026,3:3:4分批,2449,京元電子,2021-12-06,2021-12-13,34.97,34.55,-1.81,-1405.75,7,積分轉負
全期間2021-2026,3:3:4分批,3034,聯詠,2021-12-06,2021-12-27,337.47,345.59,1.79,3457.57,21,積分轉負
全期間2021-2026,3:3:4分批,2412,未知,2021-12-06,2022-01-04,95.18,95.52,-0.25,-1359.11,29,積分轉負
全期間2021-2026,3:3:4分批,8299,群聯,2021-12-13,2021-12-15,401.88,387.48,-4.16,-2093.78,2,積分轉負
全期間2021-2026,3:3:4分批,8114,未知,2021-12-13,2021-12-16,98.49,104.62,5.59,2894.31,3,觸發停損
全期間2021-2026,3:3:4分批,3105,穩懋,2021-12-13,2021-12-20,352.46,338.18,-4.63,-2877.06,7,積分轉負
全期間2021-2026,3:3:4分批,2376,技嘉,2021-12-13,2021-12-20,123.71,118.68,-4.64,-2223.17,7,積分轉負
全期間2021-2026,3:3:4分批,2383,台光電,2021-12-13,2021-12-20,248.91,245.79,-1.85,-761.12,7,積分轉負
全期間2021-2026,3:3:4分批,5483,未知,2021-12-13,2021-12-21,176.64,172.68,-2.83,-1313.97,8,積分轉負
全期間2021-2026,3:3:4分批,6196,未知,2021-12-20,2022-01-05,138.85,147.32,5.47,11261.71,16,積分轉負
全期間2021-2026,3:3:4分批,5434,未知,2021-12-20,2022-01-12,123.46,133.34,7.36,18098.0,23,積分轉負
全期間2021-2026,3:3:4分批,6533,未知,2021-12-27,2022-01-03,537.74,519.98,-3.88,-827.98,7,積分轉負
全期間2021-2026,3:3:4分批,5269,祥碩,2021-12-27,2022-01-04,1626.86,1550.46,-5.27,-384.58,8,積分轉負
全期間2021-2026,3:3:4分批,2357,華碩,2021-12-27,2022-01-12,265.84,269.77,0.87,264.98,16,積分轉負
全期間2021-2026,3:3:4分批,6182,未知,2021-12-27,2022-01-12,76.86,70.96,-8.23,-859.93,16,觸發停損
全期間2021-2026,3:3:4分批,2324,仁寶,2021-12-27,2022-01-26,19.59,19.89,0.96,478.46,30,積分轉負
全期間2021-2026,3:3:4分批,6196,未知,2022-01-10,2022-01-14,155.82,145.2,-7.37,-1742.35,4,積分轉負
全期間2021-2026,3:3:4分批,3413,未知,2022-01-10,2022-01-14,194.38,191.61,-2.02,-614.95,4,積分轉負
全期間2021-2026,3:3:4分批,2412,未知,2022-01-10,2022-01-20,96.35,96.35,-0.6,-766.04,10,積分轉負
全期間2021-2026,3:3:4分批,2356,英業達,2022-01-10,2022-02-15,21.02,20.83,-1.5,-5878.15,36,積分轉負
全期間2021-2026,3:3:4分批,3711,日月光投控,2022-01-17,2022-01-20,85.64,83.65,-2.9,-1251.08,3,積分轉負
全期間2021-2026,3:3:4分批,2330,台積電,2022-01-17,2022-01-21,629.47,590.77,-6.71,-3476.7,4,觸發停損
全期間2021-2026,3:3:4分批,3231,緯創,2022-01-17,2022-02-11,25.31,25.23,-0.94,-3225.94,25,積分轉負
全期間2021-2026,3:3:4分批,3044,健鼎,2022-01-17,2022-02-11,100.69,100.39,-0.89,-1635.64,25,積分轉負
全期間2021-2026,3:3:4分批,5388,未知,2022-01-17,2022-02-14,63.2,62.13,-2.28,-1972.45,28,積分轉負
全期間2021-2026,3:3:4分批,2360,致茂,2022-01-24,2022-01-26,190.74,185.92,-3.11,-1364.64,2,積分轉負
全期間2021-2026,3:3:4分批,2330,台積電,2022-01-24,2022-01-26,601.83,586.16,-3.19,-3288.65,2,積分轉負
全期間2021-2026,3:3:4分批,2382,廣達,2022-01-24,2022-02-14,71.66,70.59,-2.08,-1501.95,21,積分轉負
全期間2021-2026,3:3:4分批,5269,祥碩,2022-02-14,2022-02-23,1613.37,1572.93,-3.09,-2202.56,9,積分轉負
全期間2021-2026,3:3:4分批,8299,群聯,2022-02-14,2022-03-07,426.1,409.85,-4.39,-9872.37,21,觸發停損
全期間2021-2026,3:3:4分批,2337,未知,2022-02-14,2022-03-09,38.24,36.27,-5.72,-13286.66,23,積分轉負
全期間2021-2026,3:3:4分批,2317,鴻海,2022-02-21,2022-02-23,87.85,87.02,-1.54,-928.66,2,積分轉負
全期間2021-2026,3:3:4分批,2492,未知,2022-02-21,2022-02-23,138.47,133.2,-4.38,-2028.15,2,積分轉負
全期間2021-2026,3:3:4分批,2353,宏碁,2022-02-21,2022-02-25,23.33,22.28,-5.05,-2839.72,4,積分轉負
全期間2021-2026,3:3:4分批,2357,華碩,2022-02-21,2022-02-25,270.12,265.13,-2.44,-1709.61,4,積分轉負
全期間2021-2026,3:3:4分批,2382,廣達,2022-02-21,2022-02-25,72.2,70.82,-2.49,-1663.62,4,積分轉負
全期間2021-2026,3:3:4分批,3005,未知,2022-03-07,2022-03-09,43.41,43.49,-0.42,-430.77,2,積分轉負
全期間2021-2026,3:3:4分批,8996,高力,2022-03-07,2022-03-11,52.73,61.16,15.29,12221.18,4,15%停利
全期間2021-2026,3:3:4分批,3081,聯亞,2022-03-07,2022-03-15,161.93,152.58,-6.34,-7515.86,8,積分轉負
全期間2021-2026,3:3:4分批,6669,緯穎,2022-03-14,2022-03-15,887.17,813.95,-8.8,-8206.03,1,觸發停損
全期間2021-2026,3:3:4分批,6239,未知,2022-03-14,2022-03-16,75.52,73.2,-3.65,-5227.24,2,積分轉負
全期間2021-2026,3:3:4分批,2455,全新,2022-03-14,2022-03-31,105.38,101.15,-4.59,-5825.24,17,積分轉負
全期間2021-2026,3:3:4分批,6182,未知,2022-03-21,2022-03-25,68.79,64.52,-6.76,-2339.93,4,積分轉負
全期間2021-2026,3:3:4分批,3532,未知,2022-03-21,2022-03-28,318.29,267.62,-16.42,-3848.57,7,觸發停損
全期間2021-2026,3:3:4分批,2353,宏碁,2022-03-21,2022-04-01,23.44,22.94,-2.73,-1436.43,11,積分轉負
全期間2021-2026,3:3:4分批,2303,聯電,2022-03-21,2022-04-06,41.03,39.15,-5.15,-4966.25,16,觸發停損
全期間2021-2026,3:3:4分批,2458,未知,2022-03-21,2022-04-06,124.51,122.7,-2.05,-2258.87,16,積分轉負
全期間2021-2026,3:3:4分批,2368,金像電,2022-03-21,2022-04-11,81.34,79.4,-2.97,-2012.71,21,積分轉負
全期間2021-2026,3:3:4分批,4958,未知,2022-03-21,2022-05-10,92.01,86.39,-6.66,-6941.33,50,積分轉負
全期間2021-2026,3:3:4分批,3653,健策,2022-03-28,2022-04-25,349.55,315.45,-10.3,-14107.53,28,觸發停損
全期間2021-2026,3:3:4分批,2059,川湖,2022-04-11,2022-04-18,409.35,399.08,-3.09,-1800.73,7,積分轉負
全期間2021-2026,3:3:4分批,6206,未知,2022-04-11,2022-04-26,57.77,57.24,-1.52,-1375.88,15,積分轉負
全期間2021-2026,3:3:4分批,2412,未知,2022-04-11,2022-05-03,108.0,105.44,-2.95,-14922.56,22,觸發停損
全期間2021-2026,3:3:4分批,6414,樺漢,2022-04-18,2022-04-25,168.73,163.78,-3.51,-2672.82,7,觸發停損
全期間2021-2026,3:3:4分批,3374,未知,2022-04-18,2022-05-05,122.89,123.9,0.22,467.7,17,積分轉負
全期間2021-2026,3:3:4分批,2395,研華,2022-04-25,2022-05-05,300.84,277.11,-8.44,-1596.67,10,觸發停損
全期間2021-2026,3:3:4分批,6285,未知,2022-04-25,2022-05-05,63.91,58.26,-9.39,-1243.39,10,觸發停損
全期間2021-2026,3:3:4分批,2317,鴻海,2022-05-09,2022-05-12,86.19,84.53,-2.51,-3608.65,3,積分轉負
全期間2021-2026,3:3:4分批,2356,英業達,2022-05-09,2022-05-12,21.37,20.83,-3.1,-3745.56,3,積分轉負
全期間2021-2026,3:3:4分批,3443,創意,2022-05-09,2022-05-20,466.02,544.76,16.2,11435.2,11,15%停利
全期間2021-2026,3:3:4分批,2356,英業達,2022-05-16,2022-05-23,21.87,21.16,-3.79,-2022.43,7,積分轉負
全期間2021-2026,3:3:4分批,3037,欣興,2022-05-16,2022-05-23,193.88,195.23,0.1,21.82,7,積分轉負
全期間2021-2026,3:3:4分批,6515,穎崴,2022-05-16,2022-05-24,336.86,319.13,-5.83,-1480.99,8,積分轉負
全期間2021-2026,3:3:4分批,2303,聯電,2022-05-16,2022-05-24,37.88,37.54,-1.5,-488.61,8,積分轉負
全期間2021-2026,3:3:4分批,2353,宏碁,2022-05-16,2022-05-24,22.21,21.12,-5.45,-2391.55,8,積分轉負
全期間2021-2026,3:3:4分批,6770,未知,2022-05-16,2022-05-26,55.82,54.07,-3.71,-1399.59,10,積分轉負
全期間2021-2026,3:3:4分批,2317,鴻海,2022-05-16,2022-06-13,89.42,92.41,2.73,7686.9,28,積分轉負
全期間2021-2026,3:3:4分批,3017,奇鋐,2022-05-23,2022-06-01,104.28,103.6,-1.24,-1897.96,9,積分轉負
全期間2021-2026,3:3:4分批,4958,未知,2022-05-23,2022-06-07,94.78,98.5,3.3,6705.79,15,積分轉負
全期間2021-2026,3:3:4分批,2382,廣達,2022-05-23,2022-06-14,59.6,60.91,1.59,6471.3,22,積分轉負
全期間2021-2026,3:3:4分批,6182,未知,2022-05-30,2022-06-07,56.26,55.63,-1.72,-173.36,8,積分轉負
全期間2021-2026,3:3:4分批,3680,未知,2022-05-30,2022-06-13,232.51,219.37,-6.22,-1278.52,14,積分轉負
全期間2021-2026,3:3:4分批,4966,譜瑞-KY,2022-05-30,2022-06-13,1375.37,1281.29,-7.4,-520.74,14,積分轉負
全期間2021-2026,3:3:4分批,3711,日月光投控,2022-05-30,2022-06-14,81.95,80.88,-1.89,-355.68,15,積分轉負
全期間2021-2026,3:3:4分批,8114,未知,2022-06-13,2022-06-16,114.43,99.31,-13.73,-9803.43,3,觸發停損
全期間2021-2026,3:3:4分批,1560,未知,2022-06-13,2022-06-16,152.13,142.48,-6.9,-3101.9,3,積分轉負
全期間2021-2026,3:3:4分批,2404,未知,2022-06-13,2022-06-17,139.77,137.51,-2.21,-3551.17,4,積分轉負
全期間2021-2026,3:3:4分批,1503,未知,2022-06-20,2022-06-30,55.42,55.9,0.26,519.33,10,積分轉負
全期間2021-2026,3:3:4分批,2412,未知,2022-06-20,2022-07-11,106.23,106.3,-0.53,-3524.87,21,積分轉負
全期間2021-2026,3:3:4分批,2368,金像電,2022-06-27,2022-07-01,86.52,69.32,-20.36,-6725.88,4,觸發停損
全期間2021-2026,3:3:4分批,6285,未知,2022-06-27,2022-07-01,58.43,53.02,-9.79,-6608.36,4,觸發停損
全期間2021-2026,3:3:4分批,2395,研華,2022-06-27,2022-07-01,284.75,278.72,-2.7,-1612.76,4,積分轉負
全期間2021-2026,3:3:4分批,3653,健策,2022-06-27,2022-07-01,320.56,268.56,-16.72,-4887.47,4,觸發停損
全期間2021-2026,3:3:4分批,6414,樺漢,2022-06-27,2022-07-04,174.91,167.9,-4.58,-1913.56,7,積分轉負
全期間2021-2026,3:3:4分批,1513,未知,2022-06-27,2022-07-18,46.99,46.52,-1.59,-2718.7,21,積分轉負
全期間2021-2026,3:3:4分批,6214,未知,2022-07-04,2022-07-07,59.92,59.51,-1.29,-133.47,3,積分轉負
全期間2021-2026,3:3:4分批,6206,未知,2022-07-04,2022-07-11,69.54,69.62,-0.49,-146.9,7,積分轉負
全期間2021-2026,3:3:4分批,6183,未知,2022-07-04,2022-07-12,53.28,51.8,-3.36,-495.26,8,積分轉負
全期間2021-2026,3:3:4分批,8114,未知,2022-07-04,2022-07-20,116.73,113.78,-3.11,-2583.94,16,積分轉負
全期間2021-2026,3:3:4分批,4979,未知,2022-07-04,2022-07-25,25.47,29.31,14.41,10774.46,21,15%停利
全期間2021-2026,3:3:4分批,8050,未知,2022-07-04,2022-08-08,51.96,55.89,6.92,4859.39,35,積分轉負
全期間2021-2026,3:3:4分批,2357,華碩,2022-07-11,2022-07-18,220.88,220.17,-0.92,-1140.48,7,積分轉負
全期間2021-2026,3:3:4分批,2313,華通,2022-07-11,2022-07-25,40.57,42.92,5.16,8516.55,14,積分轉負
全期間2021-2026,3:3:4分批,6282,康舒,2022-07-11,2022-07-26,28.15,27.67,-2.28,-4269.79,15,積分轉負
全期間2021-2026,3:3:4分批,3017,奇鋐,2022-07-18,2022-08-02,99.53,105.9,5.76,10456.29,15,積分轉負
全期間2021-2026,3:3:4分批,6285,未知,2022-07-18,2022-08-15,62.73,69.4,9.97,27791.89,28,積分轉負
全期間2021-2026,3:3:4分批,3338,泰碩,2022-07-18,2022-08-24,36.02,37.04,2.23,4341.39,37,積分轉負
全期間2021-2026,3:3:4分批,2492,未知,2022-07-25,2022-08-02,89.68,84.4,-6.45,-2912.13,8,積分轉負
全期間2021-2026,3:3:4分批,3711,日月光投控,2022-07-25,2022-08-19,74.26,77.31,3.48,2656.54,25,積分轉負
全期間2021-2026,3:3:4分批,3380,明泰,2022-07-25,2022-09-14,27.78,29.78,6.57,14145.78,51,觸發停損
全期間2021-2026,3:3:4分批,3680,未知,2022-08-08,2022-08-11,228.5,222.1,-3.38,-1450.74,3,積分轉負
全期間2021-2026,3:3:4分批,3529,力旺,2022-08-08,2022-08-15,1166.73,1345.86,14.66,3076.31,7,15%停利
全期間2021-2026,3:3:4分批,3231,緯創,2022-08-08,2022-08-25,24.87,24.82,-0.76,-456.61,17,積分轉負
全期間2021-2026,3:3:4分批,3081,聯亞,2022-08-08,2022-09-08,147.16,141.53,-4.4,-5576.02,31,積分轉負
全期間2021-2026,3:3:4分批,1513,未知,2022-08-15,2022-08-17,58.09,55.67,-4.75,-5454.58,2,積分轉負
全期間2021-2026,3:3:4分批,5347,未知,2022-08-15,2022-08-19,67.04,64.3,-4.67,-2627.38,4,積分轉負
全期間2021-2026,3:3:4分批,2345,智邦,2022-08-15,2022-08-23,262.79,259.49,-1.85,-1484.36,8,積分轉負
全期間2021-2026,3:3:4分批,1513,未知,2022-08-22,2022-08-26,58.72,57.64,-2.42,-2127.37,4,積分轉負
全期間2021-2026,3:3:4分批,3680,未知,2022-08-29,2022-09-02,258.2,249.52,-3.94,-4095.29,4,積分轉負
全期間2021-2026,3:3:4分批,3661,世芯-KY,2022-08-29,2022-09-06,841.18,815.17,-3.67,-3817.9,8,積分轉負
全期間2021-2026,3:3:4分批,6533,未知,2022-08-29,2022-10-03,391.81,383.82,-2.63,-8063.68,35,積分轉負
全期間2021-2026,3:3:4分批,2357,華碩,2022-09-05,2022-09-07,212.04,198.89,-6.76,-2847.66,2,觸發停損
全期間2021-2026,3:3:4分批,2412,未知,2022-09-05,2022-09-08,104.59,103.73,-1.41,-849.97,3,積分轉負
全期間2021-2026,3:3:4分批,2382,廣達,2022-09-05,2022-09-19,66.14,65.9,-0.96,-1465.72,14,積分轉負
全期間2021-2026,3:3:4分批,2301,未知,2022-09-05,2022-09-22,58.57,57.12,-3.04,-6043.01,17,積分轉負
全期間2021-2026,3:3:4分批,5483,未知,2022-09-12,2022-09-16,139.88,133.24,-5.32,-871.88,4,積分轉負
全期間2021-2026,3:3:4分批,2376,技嘉,2022-09-12,2022-09-21,82.79,79.99,-3.96,-2651.75,9,積分轉負
全期間2021-2026,3:3:4分批,6285,未知,2022-09-12,2022-09-26,76.44,68.98,-10.3,-4925.58,14,觸發停損
全期間2021-2026,3:3:4分批,2345,智邦,2022-09-12,2022-09-26,267.97,258.08,-4.27,-999.42,14,積分轉負
全期間2021-2026,3:3:4分批,2308,台達電,2022-09-19,2022-09-26,250.85,242.93,-3.74,-1849.13,7,積分轉負
全期間2021-2026,3:3:4分批,3533,嘉澤,2022-09-19,2022-09-28,721.51,662.89,-8.67,-7437.47,9,積分轉負
全期間2021-2026,3:3:4分批,3017,奇鋐,2022-09-19,2022-09-29,108.51,103.25,-5.42,-3825.58,10,積分轉負
全期間2021-2026,3:3:4分批,2368,金像電,2022-09-26,2022-09-28,89.37,82.19,-8.59,-12503.14,2,積分轉負
全期間2021-2026,3:3:4分批,5227,未知,2022-09-26,2022-10-06,69.02,82.35,18.6,18950.8,10,15%停利
全期間2021-2026,3:3:4分批,2353,宏碁,2022-10-03,2022-10-11,18.58,18.28,-2.19,-1578.4,8,積分轉負
全期間2021-2026,3:3:4分批,5347,未知,2022-10-03,2022-10-11,55.81,52.3,-6.86,-3529.24,8,觸發停損
全期間2021-2026,3:3:4分批,2368,金像電,2022-10-03,2022-10-11,86.43,78.41,-9.82,-3388.6,8,積分轉負
全期間2021-2026,3:3:4分批,6770,未知,2022-10-03,2022-10-12,28.55,27.86,-3.01,-1249.4,9,積分轉負
全期間2021-2026,3:3:4分批,3289,宜特,2022-10-03,2022-10-12,66.91,56.86,-15.53,-4823.79,9,觸發停損
全期間2021-2026,3:3:4分批,6415,未知,2022-10-03,2022-10-14,412.41,404.64,-2.47,-790.4,11,積分轉負
全期間2021-2026,3:3:4分批,3189,景碩,2022-10-03,2022-11-11,92.48,110.29,18.54,23161.12,39,15%停利
全期間2021-2026,3:3:4分批,2337,未知,2022-10-17,2022-10-20,30.36,29.94,-1.97,-829.77,3,積分轉負
全期間2021-2026,3:3:4分批,2308,台達電,2022-10-17,2022-10-20,250.39,247.59,-1.71,-868.23,3,積分轉負
全期間2021-2026,3:3:4分批,3289,宜特,2022-10-17,2022-10-21,64.96,60.51,-7.41,-1954.65,4,積分轉負
全期間2021-2026,3:3:4分批,2492,未知,2022-10-17,2022-10-21,71.02,67.88,-4.99,-2167.92,4,積分轉負
全期間2021-2026,3:3:4分批,6412,未知,2022-10-17,2022-10-25,55.48,57.03,2.18,1418.7,8,積分轉負
全期間2021-2026,3:3:4分批,2454,聯發科,2022-10-17,2022-11-11,472.33,564.45,18.79,27062.97,25,15%停利
全期間2021-2026,3:3:4分批,3105,穩懋,2022-10-17,2022-11-11,121.79,142.03,15.92,15363.31,25,15%停利
全期間2021-2026,3:3:4分批,2421,建準,2022-10-24,2022-10-26,36.79,34.62,-6.44,-4677.5,2,積分轉負
全期間2021-2026,3:3:4分批,6770,未知,2022-10-24,2022-10-26,30.73,30.18,-2.36,-1623.13,2,積分轉負
全期間2021-2026,3:3:4分批,2308,台達電,2022-10-24,2022-10-26,250.39,238.73,-5.23,-4501.59,2,積分轉負
全期間2021-2026,3:3:4分批,2303,聯電,2022-10-24,2022-11-15,32.28,38.01,17.07,41252.82,22,15%停利
全期間2021-2026,3:3:4分批,2412,未知,2022-10-31,2022-11-02,95.16,93.01,-2.84,-1949.16,2,積分轉負
全期間2021-2026,3:3:4分批,2356,英業達,2022-10-31,2022-11-03,21.42,20.54,-4.67,-4423.06,3,積分轉負
全期間2021-2026,3:3:4分批,6533,未知,2022-10-31,2022-11-11,391.67,488.0,23.85,15295.15,11,15%停利
全期間2021-2026,3:3:4分批,3587,閎康,2022-10-31,2022-11-15,116.86,117.28,-0.24,-92.07,15,積分轉負
全期間2021-2026,3:3:4分批,6643,M31,2022-11-07,2022-11-18,294.53,340.69,14.98,16953.51,11,15%停利
全期間2021-2026,3:3:4分批,2353,宏碁,2022-11-07,2022-11-22,20.79,20.71,-0.99,-787.7,15,積分轉負
全期間2021-2026,3:3:4分批,6488,未知,2022-11-14,2022-11-21,416.24,426.57,1.87,1477.02,7,積分轉負
全期間2021-2026,3:3:4分批,5347,未知,2022-11-14,2022-11-21,69.27,71.76,2.97,2288.37,7,觸發停損
全期間2021-2026,3:3:4分批,5483,未知,2022-11-14,2022-11-21,129.09,130.33,0.36,319.35,7,積分轉負
全期間2021-2026,3:3:4分批,3529,力旺,2022-11-14,2022-11-22,1374.9,1437.84,3.95,2181.77,8,積分轉負
全期間2021-2026,3:3:4分批,3711,日月光投控,2022-11-21,2022-12-08,83.73,83.32,-1.09,-1088.18,17,積分轉負
全期間2021-2026,3:3:4分批,3227,未知,2022-11-21,2022-12-08,81.18,81.34,-0.4,-684.24,17,積分轉負
全期間2021-2026,3:3:4分批,2357,華碩,2022-11-21,2022-12-08,221.76,220.26,-1.27,-2553.16,17,積分轉負
全期間2021-2026,3:3:4分批,1513,未知,2022-11-21,2022-12-08,53.81,56.65,4.67,5694.0,17,積分轉負
全期間2021-2026,3:3:4分批,1503,未知,2022-11-21,2022-12-08,54.73,55.57,0.92,1791.12,17,積分轉負
全期間2021-2026,3:3:4分批,6139,亞翔,2022-11-21,2022-12-20,30.2,32.05,5.5,7928.14,29,觸發停損
全期間2021-2026,3:3:4分批,5269,祥碩,2022-11-28,2022-11-30,690.11,684.56,-1.4,-1924.23,2,積分轉負
全期間2021-2026,3:3:4分批,3661,世芯-KY,2022-11-28,2022-12-06,868.42,872.32,-0.15,-161.44,8,積分轉負
全期間2021-2026,3:3:4分批,6223,未知,2022-12-05,2022-12-14,121.44,110.27,-9.74,-35.33,9,積分轉負
全期間2021-2026,3:3:4分批,3587,閎康,2022-12-12,2022-12-15,139.81,137.68,-2.11,-574.21,3,積分轉負
全期間2021-2026,3:3:4分批,8050,未知,2022-12-12,2022-12-19,69.84,68.37,-2.69,-987.94,7,積分轉負
全期間2021-2026,3:3:4分批,6412,未知,2022-12-12,2022-12-19,60.38,59.72,-1.67,-1602.85,7,積分轉負
全期間2021-2026,3:3:4分批,8299,群聯,2022-12-12,2022-12-21,282.45,276.91,-2.55,-1779.55,9,積分轉負
全期間2021-2026,3:3:4分批,1513,未知,2022-12-12,2022-12-22,57.46,59.17,2.35,741.61,10,積分轉負
全期間2021-2026,3:3:4分批,2412,未知,2022-12-12,2022-12-30,96.36,96.87,-0.06,-158.5,18,積分轉負
全期間2021-2026,3:3:4分批,3443,創意,2022-12-19,2022-12-21,781.65,721.97,-8.19,-7468.55,2,積分轉負
全期間2021-2026,3:3:4分批,3231,緯創,2022-12-19,2022-12-29,27.09,26.16,-4.02,-7815.48,10,積分轉負
全期間2021-2026,3:3:4分批,2357,華碩,2022-12-26,2022-12-30,223.55,220.67,-1.88,-814.17,4,積分轉負
全期間2021-2026,3:3:4分批,2382,廣達,2022-12-26,2023-01-06,59.29,59.37,-0.46,-259.83,11,積分轉負
全期間2021-2026,3:3:4分批,2356,英業達,2022-12-26,2023-01-12,23.09,22.47,-3.24,-3934.23,17,觸發停損
全期間2021-2026,3:3:4分批,2324,仁寶,2022-12-26,2023-01-12,19.84,19.45,-2.53,-2967.98,17,積分轉負
全期間2021-2026,3:3:4分批,1513,未知,2022-12-26,2023-01-12,62.57,63.93,1.56,979.44,17,積分轉負
全期間2021-2026,3:3:4分批,3044,健鼎,2022-12-26,2023-01-13,82.56,82.98,-0.1,-98.59,18,積分轉負
全期間2021-2026,3:3:4分批,6274,台燿,2023-01-09,2023-01-13,53.41,49.66,-7.57,-5691.93,4,積分轉負
全期間2021-2026,3:3:4分批,5347,未知,2023-01-09,2023-01-13,80.07,75.61,-6.13,-5062.36,4,積分轉負
全期間2021-2026,3:3:4分批,3105,穩懋,2023-01-09,2023-02-03,176.36,177.42,-0.0,-0.08,25,積分轉負
全期間2021-2026,3:3:4分批,2455,全新,2023-01-09,2023-02-06,78.32,79.47,0.85,1369.53,28,積分轉負
全期間2021-2026,3:3:4分批,5269,祥碩,2023-01-16,2023-02-06,782.68,847.16,7.59,6128.75,21,觸發停損
全期間2021-2026,3:3:4分批,6274,台燿,2023-01-16,2023-02-06,52.36,53.06,0.73,569.76,21,積分轉負
全期間2021-2026,3:3:4分批,6488,未知,2023-01-16,2023-02-07,465.82,479.41,2.3,3423.44,22,積分轉負
全期間2021-2026,3:3:4分批,6415,未知,2023-01-16,2023-02-08,531.34,635.37,18.86,13280.91,23,15%停利
全期間2021-2026,3:3:4分批,6719,未知,2023-01-16,2023-02-13,279.77,280.56,-0.31,-228.7,28,積分轉負
全期間2021-2026,3:3:4分批,8210,勤誠,2023-01-16,2023-02-13,77.87,77.23,-1.41,-2106.33,28,積分轉負
全期間2021-2026,3:3:4分批,3529,力旺,2023-02-06,2023-02-09,1684.74,1602.44,-5.45,-3093.85,3,積分轉負
全期間2021-2026,3:3:4分批,3653,健策,2023-02-06,2023-02-09,392.99,381.5,-3.5,-2140.49,3,積分轉負
全期間2021-2026,3:3:4分批,3661,世芯-KY,2023-02-06,2023-02-14,910.38,889.89,-2.84,-1520.7,8,積分轉負
全期間2021-2026,3:3:4分批,2449,京元電子,2023-02-06,2023-03-07,33.84,39.28,15.36,62886.74,29,15%停利
全期間2021-2026,3:3:4分批,3017,奇鋐,2023-02-13,2023-02-15,112.33,109.94,-2.71,-966.85,2,積分轉負
全期間2021-2026,3:3:4分批,3034,聯詠,2023-02-13,2023-02-23,309.1,321.24,3.31,2578.87,10,積分轉負
全期間2021-2026,3:3:4分批,2383,台光電,2023-02-13,2023-02-23,180.85,175.17,-3.72,-2414.07,10,積分轉負
全期間2021-2026,3:3:4分批,1513,未知,2023-02-13,2023-03-08,78.39,90.23,14.41,9162.44,23,15%停利
全期間2021-2026,3:3:4分批,2385,未知,2023-02-13,2023-03-10,72.62,73.67,0.84,2380.21,25,積分轉負
全期間2021-2026,3:3:4分批,2324,仁寶,2023-02-13,2023-03-13,20.59,21.12,1.97,4425.32,28,積分轉負
全期間2021-2026,3:3:4分批,5434,未知,2023-02-20,2023-03-15,149.71,156.08,3.63,693.61,23,觸發停損
全期間2021-2026,3:3:4分批,6531,愛普*,2023-02-20,2023-03-27,281.52,295.29,4.27,3886.94,35,積分轉負
全期間2021-2026,3:3:4分批,8046,南電,2023-03-13,2023-03-15,239.73,233.88,-3.03,-1248.94,2,積分轉負
全期間2021-2026,3:3:4分批,4966,譜瑞-KY,2023-03-13,2023-03-21,962.91,971.87,0.33,222.36,8,觸發停損
全期間2021-2026,3:3:4分批,3231,緯創,2023-03-13,2023-03-24,30.85,35.53,14.46,23245.31,11,15%停利
全期間2021-2026,3:3:4分批,2449,京元電子,2023-03-13,2023-03-27,40.86,41.08,-0.05,-56.82,14,積分轉負
全期間2021-2026,3:3:4分批,3034,聯詠,2023-03-13,2023-03-28,336.95,334.2,-1.41,-1384.53,15,積分轉負
全期間2021-2026,3:3:4分批,3680,未知,2023-03-13,2023-04-13,322.44,332.59,2.53,3525.71,31,積分轉負
全期間2021-2026,3:3:4分批,3443,創意,2023-03-20,2023-03-29,1131.06,972.25,-14.56,-30448.7,9,積分轉負
全期間2021-2026,3:3:4分批,6274,台燿,2023-03-20,2023-04-07,61.6,61.6,-0.6,-1790.72,18,積分轉負
全期間2021-2026,3:3:4分批,2368,金像電,2023-03-27,2023-04-06,90.3,86.7,-4.55,-2239.98,10,積分轉負
全期間2021-2026,3:3:4分批,8046,南電,2023-03-27,2023-04-07,257.31,246.94,-4.6,-3233.81,11,積分轉負
全期間2021-2026,3:3:4分批,3653,健策,2023-03-27,2023-04-14,466.47,459.05,-2.18,-2482.18,18,積分轉負
全期間2021-2026,3:3:4分批,2356,英業達,2023-03-27,2023-04-14,27.72,27.74,-0.53,-1038.5,18,積分轉負
全期間2021-2026,3:3:4分批,1513,未知,2023-04-10,2023-04-13,91.13,96.97,5.77,3251.41,3,觸發停損
全期間2021-2026,3:3:4分批,2455,全新,2023-04-10,2023-04-14,93.62,88.46,-6.07,-2122.36,4,積分轉負
全期間2021-2026,3:3:4分批,2376,技嘉,2023-04-10,2023-04-14,121.31,119.53,-2.05,-1162.07,4,積分轉負
全期間2021-2026,3:3:4分批,2324,仁寶,2023-04-10,2023-04-14,21.98,21.64,-2.15,-2624.42,4,積分轉負
全期間2021-2026,3:3:4分批,3324,雙鴻,2023-04-10,2023-04-19,234.1,229.42,-2.59,-1549.98,9,積分轉負
全期間2021-2026,3:3:4分批,2301,未知,2023-04-17,2023-04-19,67.41,65.53,-3.37,-2256.97,2,積分轉負
全期間2021-2026,3:3:4分批,8086,未知,2023-04-17,2023-04-21,92.03,87.23,-5.79,-1726.7,4,積分轉負
全期間2021-2026,3:3:4分批,6719,未知,2023-04-17,2023-04-21,319.25,308.06,-4.08,-1563.09,4,積分轉負
全期間2021-2026,3:3:4分批,6415,未知,2023-04-17,2023-04-21,503.78,469.48,-7.37,-2542.51,4,積分轉負
全期間2021-2026,3:3:4分批,2345,智邦,2023-04-17,2023-04-21,294.81,278.33,-6.16,-2342.81,4,積分轉負
全期間2021-2026,3:3:4分批,8081,未知,2023-04-17,2023-04-24,150.81,141.4,-6.79,-3146.48,7,觸發停損
全期間2021-2026,3:3:4分批,3005,未知,2023-04-17,2023-05-10,52.15,53.21,1.42,2183.17,23,積分轉負
全期間2021-2026,3:3:4分批,6830,汎銓,2023-04-24,2023-05-05,142.84,140.05,-2.54,-631.37,11,積分轉負
全期間2021-2026,3:3:4分批,3037,欣興,2023-04-24,2023-05-08,128.92,148.79,14.72,6583.7,14,15%停利
全期間2021-2026,3:3:4分批,3680,未知,2023-04-24,2023-05-09,322.85,309.4,-4.74,-1438.33,15,積分轉負
全期間2021-2026,3:3:4分批,2368,金像電,2023-04-24,2023-05-11,96.83,90.63,-6.96,-2197.27,17,積分轉負
全期間2021-2026,3:3:4分批,2382,廣達,2023-04-24,2023-05-12,77.67,89.97,15.15,16618.23,18,15%停利
全期間2021-2026,3:3:4分批,2404,未知,2023-04-24,2023-05-16,179.29,181.4,0.57,826.33,22,積分轉負
全期間2021-2026,3:3:4分批,8046,南電,2023-04-24,2023-06-07,256.97,261.36,1.1,1513.8,44,積分轉負
全期間2021-2026,3:3:4分批,3017,奇鋐,2023-05-08,2023-05-11,175.53,168.76,-4.43,-5334.66,3,積分轉負
全期間2021-2026,3:3:4分批,1503,未知,2023-05-08,2023-05-15,112.63,106.11,-6.35,-8257.02,7,積分轉負
全期間2021-2026,3:3:4分批,3661,世芯-KY,2023-05-15,2023-05-19,1317.26,1527.05,15.23,4234.31,4,15%停利
全期間2021-2026,3:3:4分批,1519,未知,2023-05-15,2023-05-19,74.95,88.16,16.92,3636.55,4,15%停利
全期間2021-2026,3:3:4分批,6414,樺漢,2023-05-15,2023-05-26,234.65,235.25,-0.34,-395.58,11,積分轉負
全期間2021-2026,3:3:4分批,2357,華碩,2023-05-15,2023-05-30,250.67,249.85,-0.92,-1186.96,15,積分轉負
全期間2021-2026,3:3:4分批,2382,廣達,2023-05-15,2023-06-07,94.17,110.8,16.96,25384.02,23,15%停利
全期間2021-2026,3:3:4分批,2324,仁寶,2023-05-15,2023-06-15,24.28,25.8,5.64,15751.65,31,積分轉負
全期間2021-2026,3:3:4分批,3363,上詮,2023-05-22,2023-05-25,40.93,38.39,-6.77,-4901.22,3,積分轉負
全期間2021-2026,3:3:4分批,1503,未知,2023-05-22,2023-06-09,135.67,141.48,3.66,10676.85,18,積分轉負
全期間2021-2026,3:3:4分批,2368,金像電,2023-05-22,2023-06-09,112.98,132.6,16.67,37927.91,18,15%停利
全期間2021-2026,3:3:4分批,3653,健策,2023-05-29,2023-06-01,589.73,577.28,-2.7,-66.13,3,積分轉負
全期間2021-2026,3:3:4分批,2449,京元電子,2023-05-29,2023-06-20,45.37,46.88,2.72,93.35,22,積分轉負
全期間2021-2026,3:3:4分批,2382,廣達,2023-06-12,2023-06-16,114.35,132.08,14.81,5636.2,4,15%停利
全期間2021-2026,3:3:4分批,2308,台達電,2023-06-12,2023-06-26,330.73,324.52,-2.46,-3994.37,14,積分轉負
全期間2021-2026,3:3:4分批,2376,技嘉,2023-06-12,2023-06-27,220.1,207.07,-6.48,-4557.15,15,積分轉負
全期間2021-2026,3:3:4分批,2455,全新,2023-06-12,2023-07-03,116.62,113.59,-3.18,-2597.28,21,積分轉負
全期間2021-2026,3:3:4分批,3680,未知,2023-06-12,2023-07-05,384.31,387.38,0.2,393.81,23,積分轉負
全期間2021-2026,3:3:4分批,2383,台光電,2023-06-12,2023-07-11,241.09,279.33,15.17,22494.72,29,15%停利
全期間2021-2026,3:3:4分批,3035,智原,2023-06-19,2023-07-04,201.67,240.78,18.68,108915.04,15,15%停利
全期間2021-2026,3:3:4分批,2382,廣達,2023-06-19,2023-07-12,137.46,166.21,20.19,47757.72,23,15%停利
全期間2021-2026,3:3:4分批,2317,鴻海,2023-06-26,2023-06-30,100.66,98.48,-2.75,-2593.18,4,積分轉負
全期間2021-2026,3:3:4分批,8050,未知,2023-07-03,2023-07-10,80.04,72.77,-9.62,-855.12,7,觸發停損
全期間2021-2026,3:3:4分批,8996,高力,2023-07-03,2023-07-12,360.1,332.51,-8.21,-1043.41,9,積分轉負
全期間2021-2026,3:3:4分批,6669,緯穎,2023-07-03,2023-07-13,1411.06,1736.45,22.32,8086.26,10,15%停利
全期間2021-2026,3:3:4分批,6285,未知,2023-07-03,2023-07-19,97.09,98.3,0.64,132.83,16,觸發停損
全期間2021-2026,3:3:4分批,6274,台燿,2023-07-10,2023-07-14,72.84,89.09,21.58,53892.92,4,15%停利
全期間2021-2026,3:3:4分批,6274,台燿,2023-07-17,2023-07-24,97.86,112.64,14.41,4917.44,7,15%停利
全期間2021-2026,3:3:4分批,2383,台光電,2023-07-17,2023-07-24,288.8,337.56,16.19,4551.69,7,15%停利
全期間2021-2026,3:3:4分批,6239,未知,2023-07-17,2023-07-25,93.1,91.85,-1.94,-1429.28,8,積分轉負
全期間2021-2026,3:3:4分批,8050,未知,2023-07-17,2023-07-27,83.74,80.22,-4.77,-2511.94,10,積分轉負
全期間2021-2026,3:3:4分批,1519,未知,2023-07-17,2023-08-02,163.49,147.72,-10.19,-7366.94,16,積分轉負
全期間2021-2026,3:3:4分批,8081,未知,2023-07-17,2023-08-22,175.34,190.1,7.77,15936.88,36,觸發停損
全期間2021-2026,3:3:4分批,2449,京元電子,2023-07-17,2023-08-23,57.29,67.66,17.38,23087.22,37,15%停利
全期間2021-2026,3:3:4分批,4979,未知,2023-07-24,2023-08-01,180.37,165.91,-8.57,-25714.85,8,積分轉負
全期間2021-2026,3:3:4分批,6187,萬潤,2023-07-31,2023-08-02,135.98,115.87,-15.3,-9049.26,2,積分轉負
全期間2021-2026,3:3:4分批,3131,弘塑,2023-07-31,2023-08-02,633.57,528.29,-17.12,-12044.98,2,積分轉負
全期間2021-2026,3:3:4分批,6531,愛普*,2023-07-31,2023-08-04,363.59,326.9,-10.63,-9451.97,4,積分轉負
全期間2021-2026,3:3:4分批,3044,健鼎,2023-07-31,2023-08-30,155.53,167.02,6.75,18339.56,30,積分轉負
全期間2021-2026,3:3:4分批,6830,汎銓,2023-08-07,2023-08-10,175.52,162.57,-7.93,-3480.46,3,積分轉負
全期間2021-2026,3:3:4分批,2404,未知,2023-08-07,2023-08-21,205.69,195.58,-5.48,-6677.5,14,積分轉負
全期間2021-2026,3:3:4分批,8050,未知,2023-08-07,2023-08-21,86.9,88.42,1.14,1079.89,14,積分轉負
全期間2021-2026,3:3:4分批,2357,華碩,2023-08-07,2023-08-24,319.86,369.5,14.83,6136.11,17,15%停利
全期間2021-2026,3:3:4分批,6412,未知,2023-08-07,2023-09-06,99.47,101.45,1.38,2106.67,30,觸發停損
全期間2021-2026,3:3:4分批,3661,世芯-KY,2023-08-21,2023-08-24,2112.5,2434.5,14.55,12206.52,3,15%停利
全期間2021-2026,3:3:4分批,6285,未知,2023-08-21,2023-09-04,112.57,116.18,2.58,5131.07,14,積分轉負
全期間2021-2026,3:3:4分批,3533,嘉澤,2023-08-21,2023-09-20,789.35,800.46,0.8,3115.88,30,積分轉負
全期間2021-2026,3:3:4分批,2412,未知,2023-08-28,2023-09-01,104.34,103.89,-1.02,-1357.24,4,積分轉負
全期間2021-2026,3:3:4分批,2303,聯電,2023-08-28,2023-09-08,39.71,39.98,0.08,83.25,11,積分轉負
全期間2021-2026,3:3:4分批,3711,日月光投控,2023-08-28,2023-09-11,110.12,105.03,-5.19,-2360.93,14,積分轉負
全期間2021-2026,3:3:4分批,2337,未知,2023-08-28,2023-09-20,32.6,33.43,1.92,4305.67,23,積分轉負
全期間2021-2026,3:3:4分批,3035,智原,2023-09-04,2023-09-20,331.61,303.26,-9.1,-4639.84,16,積分轉負
全期間2021-2026,3:3:4分批,6257,未知,2023-09-04,2023-09-21,52.46,51.69,-2.06,-5002.8,17,觸發停損
全期間2021-2026,3:3:4分批,8299,群聯,2023-09-04,2023-09-25,410.6,418.93,1.42,5236.84,21,積分轉負
全期間2021-2026,3:3:4分批,2458,未知,2023-09-11,2023-09-25,120.07,118.77,-1.68,-2459.26,14,積分轉負
全期間2021-2026,3:3:4分批,4966,譜瑞-KY,2023-09-25,2023-09-27,968.87,930.11,-4.57,-1285.58,2,積分轉負
全期間2021-2026,3:3:4分批,5388,未知,2023-09-25,2023-09-27,117.32,111.0,-5.95,-2748.18,2,積分轉負
全期間2021-2026,3:3:4分批,6239,未知,2023-09-25,2023-09-27,92.71,90.48,-2.99,-1813.45,2,積分轉負
全期間2021-2026,3:3:4分批,6274,台燿,2023-09-25,2023-10-13,131.58,127.87,-3.4,-1722.62,18,積分轉負
全期間2021-2026,3:3:4分批,6213,聯茂,2023-09-25,2023-10-13,87.8,86.86,-1.66,-1317.17,18,積分轉負
全期間2021-2026,3:3:4分批,2368,金像電,2023-09-25,2023-10-17,203.41,197.95,-3.27,-2019.23,22,積分轉負
全期間2021-2026,3:3:4分批,2345,智邦,2023-09-25,2023-10-18,486.86,464.71,-5.12,-5614.73,23,積分轉負
全期間2021-2026,3:3:4分批,3680,未知,2023-09-25,2023-10-19,325.53,347.82,6.21,4500.12,24,積分轉負
全期間2021-2026,3:3:4分批,1560,未知,2023-10-02,2023-10-05,155.42,150.07,-4.02,-4143.0,3,積分轉負
全期間2021-2026,3:3:4分批,6531,愛普*,2023-10-02,2023-10-06,377.41,361.21,-4.87,-4533.93,4,積分轉負
全期間2021-2026,3:3:4分批,2382,廣達,2023-10-02,2023-10-12,225.6,210.97,-7.04,-7298.35,10,積分轉負
全期間2021-2026,3:3:4分批,3443,創意,2023-10-16,2023-10-19,1666.09,1583.51,-5.52,-2544.46,3,積分轉負
全期間2021-2026,3:3:4分批,3035,智原,2023-10-16,2023-10-20,336.42,321.52,-5.0,-2523.19,4,積分轉負
全期間2021-2026,3:3:4分批,6510,未知,2023-10-16,2023-10-24,570.92,555.17,-3.34,-1749.24,8,積分轉負
全期間2021-2026,3:3:4分批,2303,聯電,2023-10-16,2023-10-27,41.25,40.77,-1.76,-1725.91,11,積分轉負
全期間2021-2026,3:3:4分批,6643,M31,2023-10-16,2023-10-27,742.57,734.36,-1.7,-897.01,11,積分轉負
全期間2021-2026,3:3:4分批,2404,未知,2023-10-23,2023-11-08,213.5,213.6,-0.55,-2893.39,16,積分轉負
全期間2021-2026,3:3:4分批,2385,未知,2023-10-23,2023-11-13,110.43,127.26,14.56,41711.78,21,15%停利
全期間2021-2026,3:3:4分批,3227,未知,2023-10-30,2023-11-06,116.84,112.84,-4.0,-2155.18,7,積分轉負
全期間2021-2026,3:3:4分批,6139,亞翔,2023-10-30,2023-11-08,122.65,118.74,-3.77,-2730.37,9,積分轉負
全期間2021-2026,3:3:4分批,6488,未知,2023-10-30,2023-11-09,463.85,476.83,2.18,4113.59,10,積分轉負
全期間2021-2026,3:3:4分批,2458,未知,2023-10-30,2023-11-10,129.34,124.92,-3.99,-2091.69,11,積分轉負
全期間2021-2026,3:3:4分批,4979,未知,2023-10-30,2023-11-13,161.68,167.84,3.19,1962.83,14,積分轉負
全期間2021-2026,3:3:4分批,3661,世芯-KY,2023-10-30,2023-11-16,2936.27,3030.98,2.61,2815.6,17,積分轉負
全期間2021-2026,3:3:4分批,6412,未知,2023-11-06,2023-12-08,121.24,121.65,-0.26,-350.0,32,積分轉負
全期間2021-2026,3:3:4分批,6669,緯穎,2023-11-13,2023-11-17,1801.45,1699.3,-6.23,-2767.21,4,積分轉負
全期間2021-2026,3:3:4分批,6415,未知,2023-11-13,2023-11-17,346.96,410.18,17.51,7925.1,4,15%停利
全期間2021-2026,3:3:4分批,3044,健鼎,2023-11-13,2023-11-20,177.82,173.32,-3.11,-1609.81,7,積分轉負
全期間2021-2026,3:3:4分批,2449,京元電子,2023-11-13,2023-11-20,77.18,73.98,-4.73,-2841.28,7,積分轉負
全期間2021-2026,3:3:4分批,5269,祥碩,2023-11-13,2023-11-21,1362.67,1409.82,2.84,1010.33,8,積分轉負
全期間2021-2026,3:3:4分批,2385,未知,2023-11-13,2023-12-11,131.33,144.29,9.21,19290.46,28,觸發停損
全期間2021-2026,3:3:4分批,6415,未知,2023-11-20,2023-11-24,404.79,403.81,-0.84,-332.27,4,積分轉負
全期間2021-2026,3:3:4分批,2345,智邦,2023-11-20,2023-11-24,532.88,518.48,-3.28,-1617.39,4,積分轉負
全期間2021-2026,3:3:4分批,5347,未知,2023-11-20,2023-11-28,70.41,71.41,0.8,565.97,8,積分轉負
全期間2021-2026,3:3:4分批,2313,華通,2023-11-20,2023-12-04,61.66,67.92,9.49,9488.66,14,積分轉負
全期間2021-2026,3:3:4分批,6414,樺漢,2023-11-20,2023-12-05,247.69,237.89,-4.53,-4112.27,15,積分轉負
全期間2021-2026,3:3:4分批,6510,未知,2023-11-27,2023-12-04,573.88,563.05,-2.47,-2562.01,7,積分轉負
全期間2021-2026,3:3:4分批,3034,聯詠,2023-11-27,2023-12-08,436.89,436.52,-0.68,-1491.99,11,積分轉負
全期間2021-2026,3:3:4分批,1513,未知,2023-11-27,2023-12-13,112.9,114.62,0.91,1596.47,16,積分轉負
全期間2021-2026,3:3:4分批,2492,未知,2023-12-04,2023-12-06,133.1,126.94,-5.2,-4548.2,2,積分轉負
全期間2021-2026,3:3:4分批,1519,未知,2023-12-04,2023-12-07,223.57,260.41,15.78,9979.9,3,15%停利
全期間2021-2026,3:3:4分批,6488,未知,2023-12-04,2023-12-07,546.4,533.41,-2.96,-4039.35,3,積分轉負
全期間2021-2026,3:3:4分批,8086,未知,2023-12-11,2023-12-13,137.7,133.29,-3.78,-873.87,2,積分轉負
全期間2021-2026,3:3:4分批,6239,未知,2023-12-11,2023-12-14,109.65,132.38,20.01,11579.37,3,15%停利
全期間2021-2026,3:3:4分批,6643,M31,2023-12-11,2023-12-18,928.21,809.93,-13.27,-4072.69,7,觸發停損
全期間2021-2026,3:3:4分批,8299,群聯,2023-12-11,2023-12-18,476.29,477.2,-0.41,-214.35,7,積分轉負
全期間2021-2026,3:3:4分批,3037,欣興,2023-12-11,2023-12-19,172.5,169.11,-2.55,-1223.82,8,積分轉負
全期間2021-2026,3:3:4分批,4966,譜瑞-KY,2023-12-11,2023-12-20,1104.94,1105.93,-0.51,-337.59,9,積分轉負
全期間2021-2026,3:3:4分批,6488,未知,2023-12-11,2023-12-20,563.04,568.67,0.39,430.03,9,積分轉負
全期間2021-2026,3:3:4分批,2385,未知,2023-12-18,2023-12-21,154.5,149.82,-3.61,-1629.2,3,積分轉負
全期間2021-2026,3:3:4分批,2353,宏碁,2023-12-18,2023-12-22,34.63,40.32,15.76,12153.58,4,15%停利
全期間2021-2026,3:3:4分批,6257,未知,2023-12-18,2023-12-28,61.9,59.64,-4.23,-2201.64,10,積分轉負
全期間2021-2026,3:3:4分批,3653,健策,2023-12-18,2024-01-03,703.09,689.42,-2.53,-1373.17,16,積分轉負
全期間2021-2026,3:3:4分批,2357,華碩,2023-12-18,2024-01-04,387.6,391.94,0.51,735.0,17,積分轉負
全期間2021-2026,3:3:4分批,6415,未知,2023-12-25,2023-12-29,423.41,490.06,15.05,6915.67,4,15%停利
全期間2021-2026,3:3:4分批,2458,未知,2023-12-25,2024-01-03,143.46,139.49,-3.35,-2312.72,9,積分轉負
全期間2021-2026,3:3:4分批,3231,緯創,2023-12-25,2024-01-03,87.98,85.15,-3.79,-2769.48,9,積分轉負
全期間2021-2026,3:3:4分批,6669,緯穎,2023-12-25,2024-01-03,1694.66,1573.94,-7.68,-4167.51,9,積分轉負
全期間2021-2026,3:3:4分批,1560,未知,2023-12-25,2024-01-03,179.7,182.61,1.01,583.24,9,積分轉負
全期間2021-2026,3:3:4分批,6139,亞翔,2024-01-08,2024-01-11,153.26,144.06,-6.57,-1246.45,3,積分轉負
全期間2021-2026,3:3:4分批,2301,未知,2024-01-08,2024-01-11,103.96,98.51,-5.81,-2058.43,3,積分轉負
全期間2021-2026,3:3:4分批,3189,景碩,2024-01-08,2024-01-11,95.53,93.96,-2.22,-1017.11,3,積分轉負
全期間2021-2026,3:3:4分批,2330,台積電,2024-01-08,2024-01-17,562.18,558.82,-1.19,-1750.62,9,積分轉負
全期間2021-2026,3:3:4分批,6488,未知,2024-01-08,2024-01-17,551.39,535.27,-3.5,-2599.28,9,積分轉負
全期間2021-2026,3:3:4分批,2385,未知,2024-01-08,2024-01-19,152.8,148.54,-3.37,-1003.33,11,積分轉負
全期間2021-2026,3:3:4分批,5269,祥碩,2024-01-08,2024-01-24,1778.42,1721.02,-3.81,-2710.23,16,積分轉負
全期間2021-2026,3:3:4分批,3034,聯詠,2024-01-08,2024-01-29,444.3,446.83,-0.03,-42.86,21,積分轉負
全期間2021-2026,3:3:4分批,6531,愛普*,2024-01-15,2024-01-19,513.7,494.63,-4.29,-4629.92,4,積分轉負
全期間2021-2026,3:3:4分批,1560,未知,2024-01-15,2024-01-19,191.36,188.93,-1.86,-1977.1,4,積分轉負
全期間2021-2026,3:3:4分批,6643,M31,2024-01-15,2024-01-26,1091.74,1260.89,14.8,25313.7,11,15%停利
全期間2021-2026,3:3:4分批,2059,川湖,2024-01-22,2024-01-26,1051.25,977.91,-7.53,-4661.46,4,積分轉負
全期間2021-2026,3:3:4分批,2383,台光電,2024-01-22,2024-01-26,420.36,400.09,-5.39,-3553.08,4,積分轉負
全期間2021-2026,3:3:4分批,3231,緯創,2024-01-22,2024-02-01,106.1,104.73,-1.88,-2446.93,10,積分轉負
全期間2021-2026,3:3:4分批,3017,奇鋐,2024-01-22,2024-02-01,377.64,448.25,17.99,16502.88,10,15%停利
全期間2021-2026,3:3:4分批,2376,技嘉,2024-01-22,2024-02-15,282.56,336.29,18.3,37263.39,24,15%停利
全期間2021-2026,3:3:4分批,1519,未知,2024-01-29,2024-02-01,285.69,352.51,22.65,8600.42,3,15%停利
全期間2021-2026,3:3:4分批,2330,台積電,2024-01-29,2024-02-01,623.26,604.02,-3.67,-4142.38,3,積分轉負
全期間2021-2026,3:3:4分批,2421,建準,2024-01-29,2024-02-20,112.31,121.11,7.19,5410.46,22,積分轉負
全期間2021-2026,3:3:4分批,3037,欣興,2024-01-29,2024-02-27,183.38,173.47,-5.97,-11429.63,29,觸發停損
全期間2021-2026,3:3:4分批,2313,華通,2024-01-29,2024-02-27,68.52,70.25,1.91,3427.49,29,觸發停損
全期間2021-2026,3:3:4分批,3231,緯創,2024-02-05,2024-02-20,113.38,111.11,-2.59,-2017.39,15,積分轉負
全期間2021-2026,3:3:4分批,2383,台光電,2024-02-05,2024-02-21,488.5,475.38,-3.27,-4555.17,16,積分轉負
全期間2021-2026,3:3:4分批,6274,台燿,2024-02-05,2024-03-14,143.58,144.03,-0.29,-648.66,38,積分轉負
全期間2021-2026,3:3:4分批,3081,聯亞,2024-02-05,2024-03-22,129.92,125.54,-3.95,-11167.81,46,積分轉負
全期間2021-2026,3:3:4分批,3131,弘塑,2024-02-26,2024-03-06,836.67,976.19,15.98,21082.52,9,15%停利
全期間2021-2026,3:3:4分批,1519,未知,2024-02-26,2024-03-08,388.63,362.63,-7.25,-3820.1,11,積分轉負
全期間2021-2026,3:3:4分批,3653,健策,2024-02-26,2024-03-11,924.16,929.65,-0.01,-12.74,14,積分轉負
全期間2021-2026,3:3:4分批,2454,聯發科,2024-02-26,2024-03-15,1070.06,1040.18,-3.37,-11900.93,18,積分轉負
全期間2021-2026,3:3:4分批,3017,奇鋐,2024-03-04,2024-03-08,542.79,562.39,2.99,2815.49,4,觸發停損
全期間2021-2026,3:3:4分批,2455,全新,2024-03-04,2024-03-11,172.77,163.7,-5.82,-7822.1,7,積分轉負
全期間2021-2026,3:3:4分批,2317,鴻海,2024-03-11,2024-03-15,100.04,120.6,19.83,21510.0,4,15%停利
全期間2021-2026,3:3:4分批,2404,未知,2024-03-11,2024-03-15,338.86,301.06,-11.69,-6722.51,4,觸發停損
全期間2021-2026,3:3:4分批,2385,未知,2024-03-11,2024-03-18,186.85,215.37,14.57,6137.06,7,15%停利
全期間2021-2026,3:3:4分批,3037,欣興,2024-03-11,2024-03-27,182.18,185.58,1.26,2490.2,16,積分轉負
全期間2021-2026,3:3:4分批,3324,雙鴻,2024-03-11,2024-04-03,661.88,768.32,15.39,16638.21,23,15%停利
全期間2021-2026,3:3:4分批,5269,祥碩,2024-03-18,2024-03-20,2168.96,2074.65,-4.92,-1900.53,2,積分轉負
全期間2021-2026,3:3:4分批,1503,未知,2024-03-18,2024-03-21,212.52,251.15,17.47,6039.62,3,15%停利
全期間2021-2026,3:3:4分批,3034,聯詠,2024-03-18,2024-03-25,519.87,506.12,-3.23,-2175.7,7,積分轉負
全期間2021-2026,3:3:4分批,8046,南電,2024-03-18,2024-03-25,202.59,200.19,-1.78,-1334.27,7,積分轉負
全期間2021-2026,3:3:4分批,5347,未知,2024-03-18,2024-03-27,75.74,77.82,2.13,1790.32,9,積分轉負
全期間2021-2026,3:3:4分批,3587,閎康,2024-03-25,2024-03-29,241.63,240.74,-0.97,-774.28,4,積分轉負
全期間2021-2026,3:3:4分批,2421,建準,2024-03-25,2024-04-03,117.14,116.14,-1.45,-1639.3,9,積分轉負
全期間2021-2026,3:3:4分批,6274,台燿,2024-03-25,2024-04-11,166.97,170.8,1.68,2987.66,17,積分轉負
全期間2021-2026,3:3:4分批,2317,鴻海,2024-03-25,2024-04-11,138.7,137.04,-1.79,-3929.91,17,積分轉負
全期間2021-2026,3:3:4分批,3533,嘉澤,2024-03-25,2024-04-12,1368.12,1407.61,2.27,3320.02,18,積分轉負
全期間2021-2026,3:3:4分批,2492,未知,2024-04-01,2024-04-09,117.47,111.31,-5.81,-6582.93,8,積分轉負
全期間2021-2026,3:3:4分批,3413,未知,2024-04-01,2024-04-10,272.98,265.66,-3.26,-5252.51,9,積分轉負
全期間2021-2026,3:3:4分批,6213,聯茂,2024-04-01,2024-04-15,104.7,111.21,5.59,11869.91,14,觸發停損
全期間2021-2026,3:3:4分批,6139,亞翔,2024-04-08,2024-04-12,269.23,339.21,25.24,37945.23,4,15%停利
全期間2021-2026,3:3:4分批,6415,未知,2024-04-15,2024-04-17,390.89,363.29,-7.62,-5729.71,2,積分轉負
全期間2021-2026,3:3:4分批,6515,穎崴,2024-04-15,2024-04-19,851.99,789.42,-7.9,-6105.63,4,積分轉負
全期間2021-2026,3:3:4分批,3017,奇鋐,2024-04-15,2024-04-22,603.54,555.53,-8.51,-4585.42,7,積分轉負
全期間2021-2026,3:3:4分批,5434,未知,2024-04-15,2024-04-24,223.05,228.0,1.61,1503.06,9,積分轉負
全期間2021-2026,3:3:4分批,2412,未知,2024-04-22,2024-04-26,111.92,110.14,-2.18,-4130.15,4,積分轉負
全期間2021-2026,3:3:4分批,2301,未知,2024-04-22,2024-05-03,91.66,92.44,0.25,314.12,11,積分轉負
全期間2021-2026,3:3:4分批,2492,未知,2024-04-22,2024-05-10,106.62,107.05,-0.2,-316.6,18,積分轉負
全期間2021-2026,3:3:4分批,3532,未知,2024-04-29,2024-05-02,171.55,163.51,-5.25,-3442.69,3,積分轉負
全期間2021-2026,3:3:4分批,6274,台燿,2024-04-29,2024-05-07,173.56,172.14,-1.41,-526.57,8,積分轉負
全期間2021-2026,3:3:4分批,3443,創意,2024-04-29,2024-05-10,1321.21,1233.78,-7.18,-2625.26,11,積分轉負
全期間2021-2026,3:3:4分批,6214,未知,2024-04-29,2024-05-10,110.36,107.73,-2.96,-4402.2,11,積分轉負
全期間2021-2026,3:3:4分批,2317,鴻海,2024-04-29,2024-05-20,148.81,153.03,2.22,2261.03,21,積分轉負
全期間2021-2026,3:3:4分批,8996,高力,2024-04-29,2024-05-23,400.14,468.28,16.33,11551.91,24,15%停利
全期間2021-2026,3:3:4分批,2360,致茂,2024-05-06,2024-05-10,248.63,239.65,-4.19,-4822.68,4,積分轉負
全期間2021-2026,3:3:4分批,2357,華碩,2024-05-06,2024-05-21,394.61,422.16,6.34,23451.67,15,觸發停損
全期間2021-2026,3:3:4分批,6269,未知,2024-05-13,2024-05-21,95.81,92.58,-3.94,-2613.98,8,積分轉負
全期間2021-2026,3:3:4分批,4958,未知,2024-05-13,2024-05-22,111.37,107.0,-4.5,-6104.2,9,積分轉負
全期間2021-2026,3:3:4分批,8210,勤誠,2024-05-13,2024-05-30,304.44,302.27,-1.31,-908.77,17,觸發停損
全期間2021-2026,3:3:4分批,6206,未知,2024-05-13,2024-06-07,80.22,83.59,3.59,9323.58,25,積分轉負
全期間2021-2026,3:3:4分批,2454,聯發科,2024-05-13,2024-06-13,1100.93,1269.3,14.6,25822.9,31,15%停利
全期間2021-2026,3:3:4分批,3443,創意,2024-05-20,2024-06-14,1475.35,1535.14,3.43,20536.21,25,積分轉負
全期間2021-2026,3:3:4分批,6415,未知,2024-05-27,2024-05-30,471.24,461.38,-2.68,-1318.4,3,積分轉負
全期間2021-2026,3:3:4分批,2458,未知,2024-05-27,2024-05-31,155.62,146.63,-6.34,-4545.74,4,積分轉負
全期間2021-2026,3:3:4分批,2303,聯電,2024-05-27,2024-05-31,49.52,48.12,-3.41,-3912.21,4,積分轉負
全期間2021-2026,3:3:4分批,2345,智邦,2024-05-27,2024-06-11,498.74,507.92,1.23,1583.41,15,積分轉負
全期間2021-2026,3:3:4分批,1560,未知,2024-06-03,2024-06-05,281.69,273.44,-3.51,-2122.55,2,積分轉負
全期間2021-2026,3:3:4分批,3013,晟銘電,2024-06-03,2024-06-07,93.65,90.68,-3.74,-1909.8,4,積分轉負
全期間2021-2026,3:3:4分批,5483,未知,2024-06-03,2024-06-07,193.44,189.37,-2.69,-2241.06,4,積分轉負
全期間2021-2026,3:3:4分批,6643,M31,2024-06-03,2024-06-12,932.32,911.78,-2.79,-1626.66,9,積分轉負
全期間2021-2026,3:3:4分批,3529,力旺,2024-06-17,2024-06-21,2659.64,2556.97,-4.44,-3364.11,4,積分轉負
全期間2021-2026,3:3:4分批,3081,聯亞,2024-06-17,2024-06-21,133.22,155.79,16.25,11090.41,4,15%停利
全期間2021-2026,3:3:4分批,6415,未知,2024-06-17,2024-06-25,517.58,492.93,-5.33,-3447.76,8,積分轉負
全期間2021-2026,3:3:4分批,3035,智原,2024-06-17,2024-06-25,313.35,301.82,-4.26,-3877.66,8,積分轉負
全期間2021-2026,3:3:4分批,2455,全新,2024-06-24,2024-06-26,166.78,152.76,-8.95,-3435.51,2,積分轉負
全期間2021-2026,3:3:4分批,2449,京元電子,2024-06-24,2024-07-02,102.38,99.26,-3.62,-1453.9,8,積分轉負
全期間2021-2026,3:3:4分批,5483,未知,2024-06-24,2024-07-03,196.75,196.15,-0.9,-1527.37,9,積分轉負
全期間2021-2026,3:3:4分批,1503,未知,2024-06-24,2024-07-09,273.3,272.36,-0.94,-287.52,15,積分轉負
全期間2021-2026,3:3:4分批,2368,金像電,2024-06-24,2024-07-11,205.46,213.59,3.34,5740.57,17,積分轉負
全期間2021-2026,3:3:4分批,2308,台達電,2024-06-24,2024-07-17,381.79,401.72,4.59,8378.93,23,積分轉負
全期間2021-2026,3:3:4分批,5434,未知,2024-07-01,2024-07-03,259.91,253.85,-2.92,-3643.46,2,積分轉負
全期間2021-2026,3:3:4分批,3131,弘塑,2024-07-01,2024-07-11,1377.74,1301.59,-6.09,-5951.24,10,積分轉負
全期間2021-2026,3:3:4分批,6488,未知,2024-07-01,2024-07-17,544.32,541.82,-1.06,-2663.94,16,積分轉負
全期間2021-2026,3:3:4分批,2317,鴻海,2024-07-08,2024-07-15,212.24,202.87,-4.99,-5897.11,7,積分轉負
全期間2021-2026,3:3:4分批,3105,穩懋,2024-07-08,2024-07-22,175.73,153.58,-13.13,-13459.34,14,觸發停損
全期間2021-2026,3:3:4分批,2449,京元電子,2024-07-08,2024-07-26,118.4,99.06,-16.84,-13339.24,18,觸發停損
全期間2021-2026,3:3:4分批,2395,研華,2024-07-22,2024-07-26,356.07,334.11,-6.73,-6548.31,4,觸發停損
全期間2021-2026,3:3:4分批,3131,弘塑,2024-07-22,2024-08-02,1354.23,1374.02,0.85,228.73,11,積分轉負
全期間2021-2026,3:3:4分批,2412,未知,2024-07-22,2024-09-30,113.07,116.33,2.26,13275.04,70,積分轉負
全期間2021-2026,3:3:4分批,3374,未知,2024-07-29,2024-08-01,203.55,243.48,18.9,11519.37,3,15%停利
全期間2021-2026,3:3:4分批,2404,未知,2024-07-29,2024-08-05,311.11,287.35,-8.19,-11183.1,7,觸發停損
全期間2021-2026,3:3:4分批,2308,台達電,2024-07-29,2024-08-05,387.05,343.07,-11.89,-12187.05,7,觸發停損
全期間2021-2026,3:3:4分批,6187,萬潤,2024-08-12,2024-08-15,284.59,341.42,19.25,5751.51,3,15%停利
全期間2021-2026,3:3:4分批,3231,緯創,2024-08-12,2024-08-20,95.61,94.21,-2.05,-875.01,8,積分轉負
全期間2021-2026,3:3:4分批,3583,辛耘,2024-08-12,2024-08-22,429.18,443.12,2.63,1486.19,10,積分轉負
全期間2021-2026,3:3:4分批,5347,未知,2024-08-12,2024-08-22,115.11,110.73,-4.38,-3951.96,10,積分轉負
全期間2021-2026,3:3:4分批,1609,未知,2024-08-12,2024-08-27,50.85,51.48,0.62,283.74,15,積分轉負
全期間2021-2026,3:3:4分批,3587,閎康,2024-08-12,2024-08-30,265.33,271.75,1.81,1539.1,18,積分轉負
全期間2021-2026,3:3:4分批,2303,聯電,2024-08-12,2024-09-05,51.11,49.78,-3.19,-4215.09,24,積分轉負
全期間2021-2026,3:3:4分批,3529,力旺,2024-08-19,2024-08-26,2559.8,2500.73,-2.89,-4455.43,7,積分轉負
全期間2021-2026,3:3:4分批,6415,未知,2024-08-26,2024-08-30,472.72,464.83,-2.26,-1089.77,4,積分轉負
全期間2021-2026,3:3:4分批,2353,宏碁,2024-08-26,2024-09-03,41.21,40.06,-3.37,-3385.91,8,積分轉負
全期間2021-2026,3:3:4分批,2324,仁寶,2024-08-26,2024-09-04,31.32,29.65,-5.9,-4887.48,9,積分轉負
全期間2021-2026,3:3:4分批,2357,華碩,2024-08-26,2024-09-05,488.31,465.95,-5.15,-3524.5,10,積分轉負
全期間2021-2026,3:3:4分批,6515,穎崴,2024-09-09,2024-09-16,1192.71,1392.31,16.04,14033.32,7,15%停利
全期間2021-2026,3:3:4分批,6438,未知,2024-09-09,2024-09-25,121.22,140.65,15.33,62967.34,16,15%停利
全期間2021-2026,3:3:4分批,8996,高力,2024-09-09,2024-10-04,391.37,382.56,-2.84,-5055.42,25,積分轉負
全期間2021-2026,3:3:4分批,6214,未知,2024-09-16,2024-09-25,118.2,115.79,-2.62,-3147.54,9,積分轉負
全期間2021-2026,3:3:4分批,3680,未知,2024-09-16,2024-09-25,553.76,553.76,-0.6,-308.23,9,積分轉負
全期間2021-2026,3:3:4分批,2345,智邦,2024-09-16,2024-09-26,538.64,521.01,-3.85,-2225.62,10,積分轉負
全期間2021-2026,3:3:4分批,6187,萬潤,2024-09-16,2024-09-30,458.16,456.51,-0.96,-689.4,14,積分轉負
全期間2021-2026,3:3:4分批,3711,日月光投控,2024-09-16,2024-10-01,147.05,144.66,-2.21,-1475.67,15,積分轉負
全期間2021-2026,3:3:4分批,3081,聯亞,2024-09-30,2024-10-04,267.79,313.55,16.39,15661.86,4,15%停利
全期間2021-2026,3:3:4分批,4979,未知,2024-09-30,2024-10-17,151.06,151.93,-0.03,-80.0,17,積分轉負
全期間2021-2026,3:3:4分批,8114,未知,2024-09-30,2024-10-30,196.16,192.79,-2.31,-8795.23,30,積分轉負
全期間2021-2026,3:3:4分批,3363,上詮,2024-10-07,2024-10-09,213.5,247.5,15.23,11201.31,2,15%停利
全期間2021-2026,3:3:4分批,6139,亞翔,2024-10-07,2024-10-11,228.6,212.72,-7.5,-10339.02,4,積分轉負
全期間2021-2026,3:3:4分批,6438,未知,2024-10-07,2024-10-18,170.2,200.39,17.03,30209.33,11,15%停利
全期間2021-2026,3:3:4分批,2449,京元電子,2024-10-14,2024-10-25,118.21,119.14,0.18,595.1,11,積分轉負
全期間2021-2026,3:3:4分批,6442,光聖,2024-10-14,2024-10-28,450.03,441.53,-2.48,-6797.06,14,觸發停損
全期間2021-2026,3:3:4分批,2345,智邦,2024-10-21,2024-10-24,566.06,558.22,-1.97,-1225.51,3,積分轉負
全期間2021-2026,3:3:4分批,3529,力旺,2024-10-21,2024-10-25,3180.06,3160.37,-1.21,-567.26,4,積分轉負
全期間2021-2026,3:3:4分批,3443,創意,2024-10-21,2024-11-01,1240.86,1157.48,-7.28,-4469.32,11,積分轉負
全期間2021-2026,3:3:4分批,3189,景碩,2024-10-21,2024-11-04,113.98,103.12,-10.07,-5419.44,14,積分轉負
全期間2021-2026,3:3:4分批,2382,廣達,2024-10-21,2024-11-13,289.81,294.75,1.1,2770.57,23,積分轉負
全期間2021-2026,3:3:4分批,2317,鴻海,2024-10-28,2024-11-13,203.03,201.0,-1.59,-9793.64,16,積分轉負
全期間2021-2026,3:3:4分批,3037,欣興,2024-10-28,2024-11-14,165.84,163.65,-1.91,-4409.5,17,積分轉負
全期間2021-2026,3:3:4分批,2356,英業達,2024-11-04,2024-11-11,42.79,50.38,17.03,14783.77,7,15%停利
全期間2021-2026,3:3:4分批,3661,世芯-KY,2024-11-04,2024-11-15,2278.87,2283.37,-0.4,-385.99,11,積分轉負
全期間2021-2026,3:3:4分批,3231,緯創,2024-11-04,2024-11-15,110.93,109.6,-1.79,-2214.71,11,積分轉負
全期間2021-2026,3:3:4分批,2357,華碩,2024-11-04,2024-11-18,540.96,547.34,0.57,851.14,14,積分轉負
全期間2021-2026,3:3:4分批,6442,光聖,2024-11-04,2024-11-27,514.78,485.78,-6.2,-6002.87,23,積分轉負
全期間2021-2026,3:3:4分批,3363,上詮,2024-11-25,2024-11-27,226.5,210.0,-7.84,-1869.59,2,積分轉負
全期間2021-2026,3:3:4分批,1560,未知,2024-11-25,2024-11-27,306.52,290.8,-5.7,-1840.03,2,積分轉負
全期間2021-2026,3:3:4分批,3231,緯創,2024-11-25,2024-11-28,116.13,105.87,-9.38,-3058.75,3,積分轉負
全期間2021-2026,3:3:4分批,4979,未知,2024-11-25,2024-12-02,165.74,191.39,14.79,3425.47,7,15%停利
全期間2021-2026,3:3:4分批,2412,未知,2024-11-25,2024-12-02,114.48,114.01,-1.0,-1426.49,7,積分轉負
全期間2021-2026,3:3:4分批,2059,川湖,2024-11-25,2024-12-12,1499.89,1533.02,1.6,1394.93,17,積分轉負
全期間2021-2026,3:3:4分批,3706,神達,2024-11-25,2024-12-24,76.79,63.21,-18.17,-3502.68,29,觸發停損
全期間2021-2026,3:3:4分批,3017,奇鋐,2024-12-02,2024-12-10,672.12,676.08,-0.01,-11.77,8,積分轉負
全期間2021-2026,3:3:4分批,3324,雙鴻,2024-12-02,2024-12-11,688.1,681.27,-1.58,-1532.58,9,積分轉負
全期間2021-2026,3:3:4分批,2383,台光電,2024-12-02,2024-12-16,519.18,602.1,15.28,31535.51,14,15%停利
全期間2021-2026,3:3:4分批,2368,金像電,2024-12-09,2024-12-16,198.06,233.49,17.19,19129.03,7,15%停利
全期間2021-2026,3:3:4分批,6442,光聖,2024-12-09,2024-12-16,540.72,549.48,1.01,815.93,7,觸發停損
全期間2021-2026,3:3:4分批,3661,世芯-KY,2024-12-09,2024-12-17,2810.43,3288.85,16.32,35180.67,8,15%停利
全期間2021-2026,3:3:4分批,2308,台達電,2024-12-16,2024-12-20,416.38,402.69,-3.86,-3009.42,4,積分轉負
全期間2021-2026,3:3:4分批,6274,台燿,2024-12-16,2024-12-20,172.14,166.94,-3.6,-1888.21,4,積分轉負
全期間2021-2026,3:3:4分批,3443,創意,2024-12-16,2024-12-20,1338.95,1324.24,-1.69,-651.46,4,積分轉負
全期間2021-2026,3:3:4分批,2383,台光電,2024-12-16,2024-12-25,601.11,583.35,-3.54,-3486.51,9,積分轉負
全期間2021-2026,3:3:4分批,6669,緯穎,2024-12-16,2024-12-25,2427.84,2439.34,-0.13,-100.42,9,積分轉負
全期間2021-2026,3:3:4分批,2368,金像電,2024-12-16,2025-01-06,233.49,229.12,-2.46,-2081.07,21,積分轉負
全期間2021-2026,3:3:4分批,2330,台積電,2024-12-23,2025-01-02,1061.23,1041.69,-2.43,-7102.19,10,積分轉負
全期間2021-2026,3:3:4分批,3034,聯詠,2024-12-23,2025-01-06,453.68,450.05,-1.39,-4277.19,14,積分轉負
全期間2021-2026,3:3:4分批,3044,健鼎,2024-12-30,2025-01-07,185.28,184.81,-0.85,-1971.22,8,積分轉負
全期間2021-2026,3:3:4分批,4991,未知,2024-12-30,2025-01-07,131.5,119.0,-10.05,-6802.8,8,積分轉負
全期間2021-2026,3:3:4分批,8046,南電,2025-01-06,2025-01-09,137.49,126.61,-8.46,-7176.19,3,積分轉負
全期間2021-2026,3:3:4分批,5269,祥碩,2025-01-06,2025-01-10,1969.32,1873.95,-5.41,-4785.92,4,積分轉負
全期間2021-2026,3:3:4分批,6139,亞翔,2025-01-06,2025-01-16,226.19,220.42,-3.14,-3970.65,10,積分轉負
全期間2021-2026,3:3:4分批,4979,未知,2025-01-20,2025-01-22,197.8,239.24,20.22,5168.73,2,15%停利
全期間2021-2026,3:3:4分批,3231,緯創,2025-01-20,2025-02-03,104.94,93.28,-11.64,-5183.7,14,觸發停損
全期間2021-2026,3:3:4分批,3081,聯亞,2025-01-20,2025-02-04,446.77,407.34,-9.37,-3349.66,15,觸發停損
全期間2021-2026,3:3:4分批,3529,力旺,2025-01-20,2025-02-04,3396.66,3140.68,-8.09,-2857.79,15,積分轉負
全期間2021-2026,3:3:4分批,2383,台光電,2025-01-20,2025-02-04,595.19,538.93,-9.99,-3950.05,15,觸發停損
全期間2021-2026,3:3:4分批,3661,世芯-KY,2025-01-20,2025-02-18,3283.93,3486.97,5.55,3595.98,29,積分轉負
全期間2021-2026,3:3:4分批,2454,聯發科,2025-01-20,2025-02-21,1428.12,1444.06,0.51,441.43,32,積分轉負
全期間2021-2026,3:3:4分批,6139,亞翔,2025-01-20,2025-03-10,239.65,256.51,6.4,9283.79,49,積分轉負
全期間2021-2026,3:3:4分批,2383,台光電,2025-02-10,2025-02-17,604.07,586.31,-3.52,-4423.89,7,積分轉負
全期間2021-2026,3:3:4分批,6206,未知,2025-02-10,2025-02-18,118.62,138.16,15.78,55035.6,8,15%停利
全期間2021-2026,3:3:4分批,3227,未知,2025-02-17,2025-03-04,259.58,244.1,-6.53,-4181.94,15,積分轉負
全期間2021-2026,3:3:4分批,8299,群聯,2025-02-17,2025-03-04,520.44,525.26,0.32,717.25,15,積分轉負
全期間2021-2026,3:3:4分批,2059,川湖,2025-02-17,2025-03-06,1818.21,1948.42,6.52,8033.01,17,積分轉負
全期間2021-2026,3:3:4分批,8210,勤誠,2025-02-17,2025-03-10,288.7,283.16,-2.5,-3154.19,21,積分轉負
全期間2021-2026,3:3:4分批,1519,未知,2025-02-24,2025-03-04,528.94,488.13,-8.27,-24802.9,8,積分轉負
全期間2021-2026,3:3:4分批,2376,技嘉,2025-03-10,2025-03-14,248.36,241.85,-3.2,-1559.88,4,積分轉負
全期間2021-2026,3:3:4分批,8299,群聯,2025-03-10,2025-03-24,574.41,550.32,-4.77,-1298.92,14,積分轉負
全期間2021-2026,3:3:4分批,2303,聯電,2025-03-10,2025-03-27,41.61,41.38,-1.15,-749.64,17,積分轉負
全期間2021-2026,3:3:4分批,2412,未知,2025-03-10,2025-04-07,118.65,114.94,-3.7,-5885.69,28,觸發停損
全期間2021-2026,3:3:4分批,2404,未知,2025-03-31,2025-04-09,425.21,389.35,-8.98,-26944.48,9,積分轉負
全期間2021-2026,3:3:4分批,3324,雙鴻,2025-04-14,2025-04-17,473.68,455.65,-4.38,-1294.35,3,積分轉負
全期間2021-2026,3:3:4分批,2454,聯發科,2025-04-14,2025-04-18,1338.86,1305.39,-3.08,-1352.77,4,積分轉負
全期間2021-2026,3:3:4分批,2376,技嘉,2025-04-14,2025-04-22,197.67,194.41,-2.24,-800.4,8,積分轉負
全期間2021-2026,3:3:4分批,6206,未知,2025-04-14,2025-05-06,103.5,96.67,-7.16,-4265.98,22,積分轉負
全期間2021-2026,3:3:4分批,3231,緯創,2025-04-14,2025-05-19,94.23,101.67,7.25,8964.57,35,觸發停損
全期間2021-2026,3:3:4分批,6214,未知,2025-04-14,2025-05-19,107.46,106.68,-1.32,-1797.23,35,積分轉負
全期間2021-2026,3:3:4分批,2303,聯電,2025-04-14,2025-05-26,41.86,43.5,3.3,5971.67,42,觸發停損
全期間2021-2026,3:3:4分批,2337,未知,2025-04-14,2025-06-20,20.32,21.25,3.96,3795.39,67,觸發停損
全期間2021-2026,3:3:4分批,2382,廣達,2025-04-21,2025-05-19,221.09,243.49,9.47,47386.23,28,觸發停損
全期間2021-2026,3:3:4分批,2317,鴻海,2025-04-21,2025-05-19,135.46,144.31,5.89,29445.17,28,觸發停損
全期間2021-2026,3:3:4分批,3131,弘塑,2025-04-28,2025-05-07,914.4,863.12,-6.17,-11298.47,9,積分轉負
全期間2021-2026,3:3:4分批,2383,台光電,2025-05-12,2025-05-20,666.26,667.25,-0.45,-120.38,8,積分轉負
全期間2021-2026,3:3:4分批,3017,奇鋐,2025-05-19,2025-05-26,589.84,597.77,0.74,1111.9,7,積分轉負
全期間2021-2026,3:3:4分批,1513,未知,2025-05-19,2025-05-28,142.66,142.67,-0.6,-1784.15,9,積分轉負
全期間2021-2026,3:3:4分批,2412,未知,2025-05-26,2025-05-28,123.28,122.36,-1.35,-1768.72,2,積分轉負
全期間2021-2026,3:3:4分批,3231,緯創,2025-05-26,2025-06-03,108.2,105.63,-2.96,-1255.08,8,積分轉負
全期間2021-2026,3:3:4分批,2383,台光電,2025-05-26,2025-06-10,754.68,878.47,15.71,17770.05,15,15%停利
全期間2021-2026,3:3:4分批,8210,勤誠,2025-05-26,2025-06-11,313.38,370.89,17.65,11294.37,16,15%停利
全期間2021-2026,3:3:4分批,6139,亞翔,2025-05-26,2025-06-11,249.52,251.22,0.08,96.33,16,積分轉負
全期間2021-2026,3:3:4分批,3131,弘塑,2025-05-26,2025-06-12,1237.95,1499.81,20.43,9438.35,17,15%停利
全期間2021-2026,3:3:4分批,6274,台燿,2025-06-02,2025-06-09,172.62,205.85,18.54,55618.49,7,15%停利
全期間2021-2026,3:3:4分批,2368,金像電,2025-06-09,2025-06-16,270.39,271.36,-0.24,-231.18,7,積分轉負
全期間2021-2026,3:3:4分批,6223,未知,2025-06-09,2025-07-04,876.88,1025.78,16.28,57924.62,25,15%停利
全期間2021-2026,3:3:4分批,6274,台燿,2025-06-09,2025-07-10,216.15,253.97,16.79,54553.28,31,15%停利
全期間2021-2026,3:3:4分批,3017,奇鋐,2025-06-16,2025-06-20,743.49,727.63,-2.72,-1806.31,4,積分轉負
全期間2021-2026,3:3:4分批,1519,未知,2025-06-16,2025-06-20,422.51,451.32,6.18,3890.12,4,觸發停損
全期間2021-2026,3:3:4分批,3653,健策,2025-06-16,2025-06-23,1471.27,1426.98,-3.59,-1965.87,7,積分轉負
全期間2021-2026,3:3:4分批,3131,弘塑,2025-06-16,2025-07-01,1528.84,1577.22,2.55,1129.46,15,積分轉負
全期間2021-2026,3:3:4分批,3231,緯創,2025-06-16,2025-07-02,114.79,115.76,0.24,169.09,16,積分轉負
全期間2021-2026,3:3:4分批,2360,致茂,2025-06-30,2025-07-09,438.79,421.44,-4.53,-2715.57,9,積分轉負
全期間2021-2026,3:3:4分批,3661,世芯-KY,2025-06-30,2025-07-17,3126.65,3719.76,18.26,19629.61,17,15%停利
全期間2021-2026,3:3:4分批,6196,未知,2025-06-30,2025-07-23,196.61,202.06,2.16,6254.05,23,積分轉負
全期間2021-2026,3:3:4分批,4755,未知,2025-06-30,2025-07-31,111.93,110.98,-1.45,-2870.51,31,積分轉負
全期間2021-2026,3:3:4分批,6770,未知,2025-07-07,2025-07-09,17.3,15.95,-8.35,-6602.68,2,積分轉負
全期間2021-2026,3:3:4分批,8046,南電,2025-07-07,2025-07-11,124.74,144.2,14.91,11292.99,4,15%停利
全期間2021-2026,3:3:4分批,2301,未知,2025-07-07,2025-07-17,110.32,111.28,0.27,397.54,10,積分轉負
全期間2021-2026,3:3:4分批,3017,奇鋐,2025-07-14,2025-07-23,842.58,836.68,-1.29,-4048.53,9,積分轉負
全期間2021-2026,3:3:4分批,2308,台達電,2025-07-14,2025-08-04,501.65,589.92,16.89,80891.56,21,15%停利
全期間2021-2026,3:3:4分批,2449,京元電子,2025-07-21,2025-07-23,108.63,105.79,-3.2,-4679.09,2,積分轉負
全期間2021-2026,3:3:4分批,2059,川湖,2025-07-21,2025-08-08,2523.48,2927.58,15.32,47059.97,18,15%停利
全期間2021-2026,3:3:4分批,6488,未知,2025-07-28,2025-07-31,346.96,339.53,-2.73,-4538.4,3,積分轉負
全期間2021-2026,3:3:4分批,8086,未知,2025-07-28,2025-08-20,101.95,104.41,1.8,8018.51,23,積分轉負
全期間2021-2026,3:3:4分批,2383,台光電,2025-08-04,2025-08-18,1117.39,1288.1,14.59,26863.0,14,15%停利
全期間2021-2026,3:3:4分批,2308,台達電,2025-08-04,2025-08-20,638.71,621.75,-3.24,-12290.78,16,積分轉負
全期間2021-2026,3:3:4分批,2360,致茂,2025-08-04,2025-08-22,510.25,492.83,-3.99,-12484.8,18,積分轉負
全期間2021-2026,3:3:4分批,2345,智邦,2025-08-11,2025-08-20,1040.9,948.49,-9.42,-14419.31,9,觸發停損
全期間2021-2026,3:3:4分批,6669,緯穎,2025-08-11,2025-08-20,3202.51,2900.98,-9.96,-17527.74,9,觸發停損
全期間2021-2026,3:3:4分批,2059,川湖,2025-08-11,2025-08-20,3056.18,2823.73,-8.16,-12174.85,9,積分轉負
全期間2021-2026,3:3:4分批,8996,高力,2025-08-11,2025-08-29,364.87,384.91,4.86,9787.36,18,積分轉負
全期間2021-2026,3:3:4分批,6213,聯茂,2025-08-18,2025-08-25,127.93,121.98,-5.22,-5493.57,7,積分轉負
全期間2021-2026,3:3:4分批,3653,健策,2025-08-25,2025-08-29,1778.95,2082.07,16.34,5190.79,4,15%停利
全期間2021-2026,3:3:4分批,2317,鴻海,2025-08-25,2025-08-29,201.5,197.62,-2.51,-1666.44,4,積分轉負
全期間2021-2026,3:3:4分批,2449,京元電子,2025-08-25,2025-08-29,128.56,148.01,14.44,5366.98,4,15%停利
全期間2021-2026,3:3:4分批,3443,創意,2025-08-25,2025-09-01,1294.1,1328.95,2.08,1047.12,7,積分轉負
全期間2021-2026,3:3:4分批,3706,神達,2025-08-25,2025-09-02,88.75,86.4,-3.23,-1190.57,8,積分轉負
全期間2021-2026,3:3:4分批,2404,未知,2025-08-25,2025-09-03,1129.29,1027.0,-9.6,-7003.08,9,觸發停損
全期間2021-2026,3:3:4分批,3189,景碩,2025-08-25,2025-09-03,107.32,103.82,-3.83,-1563.49,9,積分轉負
全期間2021-2026,3:3:4分批,6274,台燿,2025-09-01,2025-09-03,338.29,317.96,-6.57,-2682.42,2,積分轉負
全期間2021-2026,3:3:4分批,2360,致茂,2025-09-01,2025-09-04,554.31,538.45,-3.44,-2609.09,3,積分轉負
全期間2021-2026,3:3:4分批,6515,穎崴,2025-09-01,2025-09-05,1498.92,1732.19,14.87,9493.29,4,15%停利
全期間2021-2026,3:3:4分批,6442,光聖,2025-09-01,2025-09-08,913.11,937.9,2.1,983.51,7,積分轉負
全期間2021-2026,3:3:4分批,2059,川湖,2025-09-01,2025-09-16,3087.24,3370.0,8.51,12330.74,15,積分轉負
全期間2021-2026,3:3:4分批,6187,萬潤,2025-09-08,2025-09-10,399.92,371.28,-7.72,-3392.28,2,積分轉負
全期間2021-2026,3:3:4分批,2455,全新,2025-09-08,2025-09-11,157.43,152.46,-3.73,-1606.15,3,積分轉負
全期間2021-2026,3:3:4分批,1560,未知,2025-09-08,2025-09-12,341.71,323.83,-5.8,-2546.16,4,積分轉負
全期間2021-2026,3:3:4分批,6139,亞翔,2025-09-08,2025-09-15,366.5,360.5,-2.23,-920.08,7,積分轉負
全期間2021-2026,3:3:4分批,3227,未知,2025-09-08,2025-09-19,201.53,235.36,16.09,21191.6,11,15%停利
全期間2021-2026,3:3:4分批,3363,上詮,2025-09-08,2025-09-25,379.99,353.0,-7.66,-4582.01,17,積分轉負
全期間2021-2026,3:3:4分批,6223,未知,2025-09-08,2025-10-08,1597.81,1679.26,4.47,2855.16,30,積分轉負
全期間2021-2026,3:3:4分批,8299,群聯,2025-09-15,2025-09-24,689.69,686.14,-1.11,-1612.45,9,積分轉負
全期間2021-2026,3:3:4分批,3324,雙鴻,2025-09-15,2025-09-25,861.36,850.25,-1.88,-2650.82,10,積分轉負
全期間2021-2026,3:3:4分批,3037,欣興,2025-09-15,2025-09-26,149.49,148.7,-1.13,-1491.55,11,積分轉負
全期間2021-2026,3:3:4分批,6239,未知,2025-09-15,2025-09-26,148.08,137.3,-7.84,-14220.99,11,積分轉負
全期間2021-2026,3:3:4分批,8046,南電,2025-09-22,2025-10-15,235.01,280.91,18.82,27598.38,23,15%停利
全期間2021-2026,3:3:4分批,6488,未知,2025-09-22,2025-10-29,513.85,508.55,-1.62,-8301.33,37,積分轉負
全期間2021-2026,3:3:4分批,2330,台積電,2025-10-20,2025-10-23,1466.37,1436.65,-2.61,-1817.77,3,積分轉負
全期間2021-2026,3:3:4分批,6442,光聖,2025-10-20,2025-10-23,849.66,787.2,-7.91,-2345.49,3,積分轉負
全期間2021-2026,3:3:4分批,3189,景碩,2025-10-20,2025-10-23,150.74,144.75,-4.55,-1328.81,3,積分轉負
全期間2021-2026,3:3:4分批,3013,晟銘電,2025-10-20,2025-10-27,131.47,123.5,-6.62,-2815.52,7,積分轉負
全期間2021-2026,3:3:4分批,2313,華通,2025-10-20,2025-10-28,85.75,85.25,-1.17,-446.86,8,積分轉負
全期間2021-2026,3:3:4分批,3587,閎康,2025-10-20,2025-10-28,212.48,200.18,-6.35,-3215.01,8,積分轉負
全期間2021-2026,3:3:4分批,8210,勤誠,2025-10-20,2025-10-28,763.43,894.45,16.46,13216.76,8,15%停利
全期間2021-2026,3:3:4分批,3017,奇鋐,2025-10-27,2025-10-30,1190.0,1410.0,17.78,15133.23,3,15%停利
全期間2021-2026,3:3:4分批,6770,未知,2025-10-27,2025-11-03,31.5,30.1,-5.02,-2965.14,7,積分轉負
全期間2021-2026,3:3:4分批,8046,南電,2025-10-27,2025-11-05,281.12,271.43,-4.03,-5230.44,9,積分轉負
全期間2021-2026,3:3:4分批,6223,未知,2025-10-27,2025-11-11,1943.36,1788.89,-8.5,-7687.36,15,觸發停損
全期間2021-2026,3:3:4分批,3324,雙鴻,2025-11-03,2025-11-05,1082.59,1008.44,-7.41,-3628.22,2,積分轉負
全期間2021-2026,3:3:4分批,2345,智邦,2025-11-03,2025-11-06,1066.56,1046.71,-2.45,-1320.04,3,積分轉負
全期間2021-2026,3:3:4分批,2449,京元電子,2025-11-03,2025-11-07,212.52,202.56,-5.26,-2325.62,4,積分轉負
全期間2021-2026,3:3:4分批,6213,聯茂,2025-11-03,2025-11-10,118.5,104.13,-12.66,-7042.53,7,觸發停損
全期間2021-2026,3:3:4分批,8299,群聯,2025-11-03,2025-11-17,1169.52,1273.56,8.24,6409.38,14,積分轉負
全期間2021-2026,3:3:4分批,1519,未知,2025-11-03,2025-11-21,695.2,614.84,-12.09,-14036.75,18,觸發停損
全期間2021-2026,3:3:4分批,8210,勤誠,2025-11-10,2025-11-13,1004.28,999.33,-1.09,-1773.94,3,積分轉負
全期間2021-2026,3:3:4分批,3443,創意,2025-11-10,2025-11-28,1905.99,2249.75,17.33,47253.43,18,15%停利
全期間2021-2026,3:3:4分批,3529,力旺,2025-11-17,2025-11-20,2136.1,1992.03,-7.3,-8418.19,3,積分轉負
全期間2021-2026,3:3:4分批,6442,光聖,2025-11-17,2025-11-25,1080.67,1298.78,19.46,17857.57,8,15%停利
全期間2021-2026,3:3:4分批,2383,台光電,2025-11-17,2025-12-02,1450.0,1440.0,-1.28,-1185.83,15,積分轉負
全期間2021-2026,3:3:4分批,1519,未知,2025-12-01,2025-12-03,631.82,630.93,-0.74,-249.83,2,積分轉負
全期間2021-2026,3:3:4分批,3105,穩懋,2025-12-01,2025-12-10,145.68,172.28,17.55,10752.97,9,15%停利
全期間2021-2026,3:3:4分批,3653,健策,2025-12-01,2025-12-11,2887.91,2911.92,0.23,154.1,10,積分轉負
全期間2021-2026,3:3:4分批,2454,聯發科,2025-12-01,2025-12-12,1406.66,1370.1,-3.18,-3511.67,11,積分轉負
全期間2021-2026,3:3:4分批,2356,英業達,2025-12-01,2025-12-12,44.18,42.28,-4.88,-6437.31,11,積分轉負
全期間2021-2026,3:3:4分批,3711,日月光投控,2025-12-01,2025-12-16,228.73,226.93,-1.38,-1239.97,15,積分轉負
全期間2021-2026,3:3:4分批,3037,欣興,2025-12-01,2025-12-16,207.66,213.56,2.23,1585.97,15,積分轉負
全期間2021-2026,3:3:4分批,3706,神達,2025-12-08,2025-12-11,93.8,86.5,-8.33,-16768.31,3,觸發停損
全期間2021-2026,3:3:4分批,2337,未知,2025-12-08,2026-01-05,38.08,47.65,24.38,48173.89,28,15%停利
全期間2021-2026,3:3:4分批,2313,華通,2025-12-22,2025-12-30,95.55,97.03,0.95,345.47,8,積分轉負
全期間2021-2026,3:3:4分批,2368,金像電,2025-12-22,2026-01-02,667.95,638.48,-4.98,-4702.67,11,積分轉負
全期間2021-2026,3:3:4分批,6274,台燿,2025-12-22,2026-01-05,473.01,471.23,-0.97,-904.74,14,積分轉負
全期間2021-2026,3:3:4分批,6770,未知,2025-12-22,2026-01-07,41.9,49.2,16.73,12457.29,16,15%停利
全期間2021-2026,3:3:4分批,3324,雙鴻,2025-12-22,2026-01-07,993.88,966.91,-3.3,-3715.21,16,積分轉負
全期間2021-2026,3:3:4分批,4991,未知,2025-12-22,2026-01-08,211.5,209.5,-1.54,-696.65,17,積分轉負
全期間2021-2026,3:3:4分批,3105,穩懋,2025-12-22,2026-01-09,186.13,215.59,15.14,9344.66,18,15%停利
全期間2021-2026,3:3:4分批,6531,愛普*,2026-01-05,2026-01-08,475.74,451.9,-5.58,-4341.58,3,積分轉負
全期間2021-2026,3:3:4分批,3131,弘塑,2026-01-05,2026-01-16,1762.07,1757.65,-0.85,-1436.35,11,積分轉負
全期間2021-2026,3:3:4分批,3189,景碩,2026-01-05,2026-01-19,173.96,204.12,16.64,19629.29,14,15%停利
全期間2021-2026,3:3:4分批,3680,未知,2026-01-05,2026-01-30,420.76,399.09,-5.72,-14916.53,25,觸發停損
全期間2021-2026,3:3:4分批,2337,未知,2026-01-12,2026-01-19,61.2,73.7,19.7,26585.21,7,15%停利
全期間2021-2026,3:3:4分批,3693,營邦,2026-01-12,2026-01-22,378.0,342.5,-9.93,-16398.33,10,積分轉負
全期間2021-2026,3:3:4分批,1514,未知,2026-01-19,2026-01-21,115.22,133.94,15.55,18490.93,2,15%停利
全期間2021-2026,3:3:4分批,8046,南電,2026-01-19,2026-01-22,317.33,369.72,15.81,14883.11,3,15%停利
全期間2021-2026,3:3:4分批,3443,創意,2026-01-19,2026-01-27,2682.78,2573.28,-4.66,-4042.15,8,積分轉負
全期間2021-2026,3:3:4分批,3533,嘉澤,2026-01-26,2026-01-30,1454.21,1405.08,-3.96,-1902.31,4,積分轉負
全期間2021-2026,3:3:4分批,6274,台燿,2026-01-26,2026-01-30,507.94,499.01,-2.35,-1657.35,4,積分轉負
全期間2021-2026,3:3:4分批,8299,群聯,2026-01-26,2026-02-02,2059.96,2129.45,2.76,1131.63,7,觸發停損
全期間2021-2026,3:3:4分批,2313,華通,2026-01-26,2026-02-02,175.25,170.3,-3.41,-1493.7,7,積分轉負
全期間2021-2026,3:3:4分批,6510,未知,2026-01-26,2026-02-04,3306.2,3978.54,19.62,18526.77,9,15%停利
全期間2021-2026,3:3:4分批,3037,欣興,2026-01-26,2026-02-23,347.55,404.67,15.74,15370.67,28,15%停利
全期間2021-2026,3:3:4分批,6415,未知,2026-02-02,2026-02-05,286.98,270.63,-6.26,-5541.85,3,積分轉負
全期間2021-2026,3:3:4分批,3653,健策,2026-02-02,2026-02-06,2936.77,2951.67,-0.09,-109.74,4,積分轉負
全期間2021-2026,3:3:4分批,4958,未知,2026-02-02,2026-02-09,182.25,180.76,-1.41,-1327.2,7,積分轉負
全期間2021-2026,3:3:4分批,2337,未知,2026-02-09,2026-02-23,88.8,103.5,15.86,4458.48,14,15%停利
全期間2021-2026,3:3:4分批,2454,聯發科,2026-02-09,2026-02-24,1819.13,1814.16,-0.87,-467.03,15,積分轉負
全期間2021-2026,3:3:4分批,4979,未知,2026-02-09,2026-02-25,345.95,402.92,15.77,12191.62,16,15%停利
全期間2021-2026,3:3:4分批,8996,高力,2026-02-09,2026-02-26,878.24,874.26,-1.05,-462.17,17,積分轉負
全期間2021-2026,3:3:4分批,2368,金像電,2026-02-09,2026-03-02,801.69,781.47,-3.11,-2803.17,21,積分轉負
全期間2021-2026,3:3:4分批,2383,台光電,2026-02-09,2026-03-04,2221.09,2190.0,-1.99,-2709.97,23,觸發停損
全期間2021-2026,3:3:4分批,2345,智邦,2026-02-09,2026-03-16,1364.98,1379.08,0.43,702.54,35,積分轉負
全期間2021-2026,3:3:4分批,3037,欣興,2026-02-23,2026-02-26,404.67,480.52,18.03,25563.63,3,15%停利
全期間2021-2026,3:3:4分批,2313,華通,2026-02-23,2026-03-05,212.19,202.98,-4.92,-15554.83,10,積分轉負
全期間2021-2026,3:3:4分批,4979,未知,2026-03-02,2026-03-05,460.12,397.94,-14.03,-21510.58,3,積分轉負
全期間2021-2026,3:3:4分批,8046,南電,2026-03-02,2026-03-09,539.87,422.11,-22.28,-32681.59,7,觸發停損
全期間2021-2026,3:3:4分批,6223,未知,2026-03-30,2026-04-08,3722.28,4295.32,14.7,12468.06,9,15%停利
全期間2021-2026,3:3:4分批,4958,未知,2026-03-30,2026-04-09,224.96,261.71,15.64,11827.03,10,15%停利
全期間2021-2026,3:3:4分批,8046,南電,2026-03-30,2026-04-09,578.79,667.6,14.65,8880.21,10,15%停利
全期間2021-2026,3:3:4分批,3533,嘉澤,2026-03-30,2026-04-20,2195.96,2579.26,16.75,26356.75,21,15%停利
全期間2021-2026,3:3:4分批,3529,力旺,2026-04-13,2026-04-16,3139.56,3681.04,16.55,17312.12,3,15%停利
全期間2021-2026,3:3:4分批,2455,全新,2026-04-13,2026-04-22,309.62,362.04,16.23,29719.6,9,15%停利
全期間2021-2026,3:3:4分批,8996,高力,2026-04-13,2026-04-27,1145.1,1070.0,-7.12,-14718.77,14,積分轉負
全期間2021-2026,3:3:4分批,4979,未知,2026-04-20,2026-04-23,704.36,564.09,-20.39,-11311.72,3,觸發停損
全期間2021-2026,3:3:4分批,3105,穩懋,2026-04-20,2026-04-24,589.52,544.71,-8.15,-3637.21,4,積分轉負
全期間2021-2026,3:3:4分批,4991,未知,2026-04-20,2026-04-27,724.0,570.0,-21.74,-9999.65,7,觸發停損
全期間2021-2026,3:3:4分批,8046,南電,2026-04-20,2026-04-30,848.71,1002.9,17.46,15187.0,10,15%停利
全期間2021-2026,3:3:4分批,2308,台達電,2026-04-20,2026-05-04,1890.12,2208.45,16.14,9419.63,14,15%停利
全期間2021-2026,3:3:4分批,3653,健策,2026-04-20,2026-05-06,5124.38,4278.44,-17.01,-17645.1,16,觸發停損
全期間2021-2026,3:3:4分批,2454,聯發科,2026-04-27,2026-05-04,2420.54,2852.95,17.16,26171.16,7,15%停利
全期間2021-2026,3:3:4分批,2383,台光電,2026-04-27,2026-05-20,4784.9,4395.0,-8.7,-42587.21,23,積分轉負
全期間2021-2026,3:3:4分批,3189,景碩,2026-05-04,2026-05-07,530.09,491.66,-7.81,-6709.53,3,積分轉負
全期間2021-2026,3:3:4分批,2368,金像電,2026-05-04,2026-05-11,1429.88,1390.16,-3.36,-3522.14,7,積分轉負
全期間2021-2026,3:3:4分批,2345,智邦,2026-05-04,2026-05-18,2526.79,2475.41,-2.62,-5698.58,14,積分轉負
全期間2021-2026,3:3:4分批,6488,未知,2026-05-11,2026-05-13,831.78,747.11,-10.72,-9604.02,2,積分轉負
全期間2021-2026,3:3:4分批,2059,川湖,2026-05-11,2026-05-14,5520.0,5010.0,-9.78,-10669.33,3,積分轉負
全期間2021-2026,3:3:4分批,3443,創意,2026-05-11,2026-05-15,5704.01,4823.03,-15.95,-16093.72,4,積分轉負
全期間2021-2026,3:3:4分批,2492,未知,2026-05-25,2026-05-28,319.8,387.94,20.58,7408.1,3,15%停利
全期間2021-2026,3:3:4分批,6770,未知,2026-05-25,2026-05-28,67.6,80.7,18.66,6112.14,3,15%停利
全期間2021-2026,3:3:4分批,6223,未知,2026-05-25,2026-05-29,6178.89,5939.7,-4.45,-1277.11,4,積分轉負
全期間2021-2026,3:3:4分批,2357,華碩,2026-05-25,2026-06-01,666.46,786.78,17.35,9048.61,7,15%停利
全期間2021-2026,3:3:4分批,2313,華通,2026-05-25,2026-06-03,287.15,266.5,-7.75,-4713.3,9,積分轉負
全期間2021-2026,3:3:4分批,6412,未知,2026-05-25,2026-06-05,100.86,94.05,-7.31,-6944.94,11,積分轉負
全期間2021-2026,3:3:4分批,2458,未知,2026-05-25,2026-06-05,165.23,158.5,-4.65,-4094.75,11,積分轉負
全期間2021-2026,3:3:4分批,6274,台燿,2026-05-25,2026-06-10,1650.83,1500.0,-9.68,-5477.78,16,積分轉負
全期間2021-2026,3:3:4分批,6531,愛普*,2026-06-01,2026-06-03,1117.33,1092.5,-2.81,-1060.23,2,積分轉負
全期間2021-2026,3:3:4分批,3706,神達,2026-06-01,2026-06-05,93.5,92.4,-1.77,-1828.09,4,積分轉負
全期間2021-2026,3:3:4分批,3231,緯創,2026-06-01,2026-06-08,167.84,157.72,-6.6,-6504.08,7,觸發停損
全期間2021-2026,3:3:4分批,2492,未知,2026-06-01,2026-06-17,429.82,539.14,24.68,29687.79,16,15%停利
全期間2021-2026,3:3:4分批,2404,未知,2026-06-15,2026-06-17,1337.04,1240.16,-7.8,-3386.23,2,積分轉負
全期間2021-2026,3:3:4分批,8996,高力,2026-06-15,2026-06-17,1255.0,1515.0,19.99,6029.69,2,15%停利
全期間2021-2026,3:3:4分批,6274,台燿,2026-06-15,2026-06-18,1570.0,1835.0,16.18,4269.89,3,15%停利
全期間2021-2026,3:3:4分批,2454,聯發科,2026-06-15,2026-06-22,4443.45,4438.48,-0.71,-232.16,7,積分轉負
全期間2021-2026,3:3:4分批,2376,技嘉,2026-06-15,2026-06-22,337.04,327.39,-3.44,-1572.02,7,積分轉負
全期間2021-2026,3:3:4分批,5347,未知,2026-06-15,2026-06-25,178.38,214.91,19.76,17341.08,10,15%停利
全期間2021-2026,3:3:4分批,3034,聯詠,2026-06-15,2026-06-26,506.13,487.4,-4.28,-6629.07,11,觸發停損
全期間2021-2026,3:3:4分批,6488,未知,2026-06-22,2026-06-24,1110.71,961.28,-13.97,-7044.88,2,積分轉負
全期間2021-2026,3:3:4分批,6274,台燿,2026-06-22,2026-06-24,1900.0,1765.0,-7.66,-3180.93,2,積分轉負
全期間2021-2026,3:3:4分批,2382,廣達,2026-06-22,2026-06-24,364.44,356.77,-2.69,-1503.99,2,積分轉負
全期間2021-2026,3:3:4分批,6257,未知,2026-06-22,2026-06-29,238.73,221.01,-7.98,-4470.81,7,積分轉負
全期間2021-2026,3:3:4分批,1560,未知,2026-06-22,2026-07-06,720.45,740.04,2.1,2525.15,14,積分轉負
全期間2021-2026,3:3:4分批,2492,未知,2026-06-22,2026-07-07,613.74,499.35,-19.13,-6868.58,15,積分轉負
全期間2021-2026,3:3:4分批,5434,未知,2026-06-29,2026-07-06,525.99,509.4,-3.73,-4833.02,7,積分轉負
全期間2021-2026,3:3:4分批,6139,亞翔,2026-06-29,2026-07-08,955.0,866.0,-9.86,-8787.35,9,積分轉負
全期間2021-2026,3:3:4分批,8046,南電,2026-06-29,2026-07-13,1080.0,1270.0,16.89,13727.04,14,15%停利
全期間2021-2026,3:3:4分批,6414,樺漢,2026-07-20,2026-07-22,405.0,490.0,20.26,9947.85,2,15%停利
全期間2021-2026,3:3:4分批,3231,緯創,2026-07-20,2026-07-23,143.5,173.5,20.18,12699.36,3,15%停利
全期間2021-2026,3:3:4分批,2412,未知,2026-07-20,2026-08-04,139.75,136.5,-2.91,-8588.67,15,積分轉負
全期間2021-2026,3:3:4分批,6533,未知,2026-07-20,2026-08-07,231.0,256.0,10.16,4090.89,18,期末平倉
全期間2021-2026,3:3:4分批,2317,鴻海,2026-07-27,2026-07-29,253.0,237.0,-6.88,-8439.8,2,積分轉負
全期間2021-2026,3:3:4分批,3231,緯創,2026-07-27,2026-08-07,177.0,183.5,3.05,2483.76,11,期末平倉
全期間2021-2026,3:3:4分批,3034,聯詠,2026-07-27,2026-08-07,518.0,542.0,4.01,3848.23,11,期末平倉
2022空頭年,一次買完,6196,未知,2022-01-03,2022-01-05,149.45,147.32,-2.01,-1217.58,2,積分轉負
2022空頭年,一次買完,5388,未知,2022-01-03,2022-01-05,60.54,57.79,-5.12,-5268.07,2,積分轉負
2022空頭年,一次買完,2368,金像電,2022-01-03,2022-01-06,77.23,74.57,-4.02,-3154.26,3,積分轉負
2022空頭年,一次買完,8081,未知,2022-01-03,2022-01-06,188.57,182.16,-3.97,-4139.6,3,積分轉負
2022空頭年,一次買完,6269,未知,2022-01-03,2022-01-10,89.47,86.9,-3.45,-5943.01,7,積分轉負
2022空頭年,一次買完,2308,台達電,2022-01-03,2022-01-10,256.85,258.21,-0.07,-116.7,7,積分轉負
2022空頭年,一次買完,2330,台積電,2022-01-03,2022-01-10,581.55,592.61,1.29,3230.89,7,積分轉負
2022空頭年,一次買完,6515,穎崴,2022-01-03,2022-01-11,389.59,348.22,-11.15,-7103.08,8,積分轉負
2022空頭年,一次買完,6196,未知,2022-01-10,2022-01-14,155.82,145.2,-7.37,-3462.48,4,積分轉負
2022空頭年,一次買完,3413,未知,2022-01-10,2022-01-14,194.38,191.61,-2.02,-1222.06,4,積分轉負
2022空頭年,一次買完,2412,未知,2022-01-10,2022-01-20,96.35,96.35,-0.6,-1522.31,10,積分轉負
2022空頭年,一次買完,3661,世芯-KY,2022-01-10,2022-01-24,929.83,877.8,-6.16,-3211.0,14,積分轉負
2022空頭年,一次買完,2324,仁寶,2022-01-10,2022-01-26,19.62,19.89,0.8,2176.2,16,積分轉負
2022空頭年,一次買完,2356,英業達,2022-01-10,2022-02-15,21.04,20.83,-1.57,-3685.81,36,積分轉負
2022空頭年,一次買完,2330,台積電,2022-01-17,2022-01-21,629.47,590.77,-6.71,-10705.08,4,觸發停損
2022空頭年,一次買完,2360,致茂,2022-01-24,2022-01-26,190.74,185.92,-3.11,-1613.73,2,積分轉負
2022空頭年,一次買完,2330,台積電,2022-01-24,2022-01-26,601.83,586.16,-3.19,-1259.14,2,積分轉負
2022空頭年,一次買完,3231,緯創,2022-01-24,2022-02-11,25.59,25.23,-2.02,-3499.62,18,積分轉負
2022空頭年,一次買完,3044,健鼎,2022-01-24,2022-02-11,101.58,100.39,-1.76,-3272.6,18,積分轉負
2022空頭年,一次買完,8210,勤誠,2022-02-07,2022-02-18,79.39,77.25,-3.27,-11850.13,11,積分轉負
2022空頭年,一次買完,5269,祥碩,2022-02-14,2022-02-23,1613.37,1572.93,-3.09,-7341.88,9,積分轉負
2022空頭年,一次買完,8299,群聯,2022-02-14,2022-03-07,411.11,409.85,-0.9,-1033.81,21,觸發停損
2022空頭年,一次買完,2317,鴻海,2022-02-21,2022-02-23,87.85,87.02,-1.54,-1459.86,2,積分轉負
2022空頭年,一次買完,2353,宏碁,2022-02-21,2022-02-25,23.33,22.28,-5.05,-8415.18,4,積分轉負
2022空頭年,一次買完,2357,華碩,2022-02-21,2022-02-25,270.12,265.13,-2.44,-5066.21,4,積分轉負
2022空頭年,一次買完,2337,未知,2022-02-21,2022-03-08,39.07,36.31,-7.6,-8438.34,15,觸發停損
2022空頭年,一次買完,3005,未知,2022-03-07,2022-03-09,43.41,43.49,-0.42,-1435.9,2,積分轉負
2022空頭年,一次買完,8996,高力,2022-03-07,2022-03-11,52.73,61.16,15.29,9906.19,4,15%停利
2022空頭年,一次買完,3081,聯亞,2022-03-07,2022-03-15,161.93,152.58,-6.34,-25052.87,8,積分轉負
2022空頭年,一次買完,6669,緯穎,2022-03-14,2022-03-15,887.17,813.95,-8.8,-27353.43,1,觸發停損
2022空頭年,一次買完,2455,全新,2022-03-14,2022-03-31,105.16,101.15,-4.39,-8923.96,17,積分轉負
2022空頭年,一次買完,6182,未知,2022-03-21,2022-03-25,68.79,64.52,-6.76,-7799.76,4,積分轉負
2022空頭年,一次買完,3532,未知,2022-03-21,2022-03-28,318.29,267.62,-16.42,-12828.56,7,觸發停損
2022空頭年,一次買完,2353,宏碁,2022-03-21,2022-04-01,23.44,22.94,-2.73,-4788.11,11,積分轉負
2022空頭年,一次買完,2368,金像電,2022-03-21,2022-04-11,79.89,79.4,-1.21,-1346.24,21,積分轉負
2022空頭年,一次買完,4958,未知,2022-03-21,2022-05-10,90.57,86.39,-5.18,-8995.48,50,積分轉負
2022空頭年,一次買完,3653,健策,2022-03-28,2022-04-25,349.55,315.45,-10.3,-17794.46,28,觸發停損
2022空頭年,一次買完,2412,未知,2022-04-11,2022-05-03,107.51,105.44,-2.51,-11916.05,22,觸發停損
2022空頭年,一次買完,3374,未知,2022-04-25,2022-05-05,126.2,123.9,-2.41,-3739.63,10,積分轉負
2022空頭年,一次買完,2317,鴻海,2022-05-09,2022-05-12,86.19,84.53,-2.51,-12028.83,3,積分轉負
2022空頭年,一次買完,2356,英業達,2022-05-09,2022-05-12,21.37,20.83,-3.1,-533.37,3,積分轉負
2022空頭年,一次買完,3443,創意,2022-05-09,2022-05-19,443.03,520.04,16.68,19626.44,10,15%停利
2022空頭年,一次買完,2356,英業達,2022-05-16,2022-05-23,21.87,21.16,-3.79,-6741.42,7,積分轉負
2022空頭年,一次買完,6515,穎崴,2022-05-16,2022-05-24,336.86,319.13,-5.83,-4936.63,8,積分轉負
2022空頭年,一次買完,2303,聯電,2022-05-16,2022-05-24,37.88,37.54,-1.5,-1628.71,8,積分轉負
2022空頭年,一次買完,2353,宏碁,2022-05-16,2022-05-24,22.21,21.12,-5.45,-7971.84,8,積分轉負
2022空頭年,一次買完,6770,未知,2022-05-16,2022-05-26,55.82,54.07,-3.71,-4665.29,10,積分轉負
2022空頭年,一次買完,2317,鴻海,2022-05-16,2022-06-13,86.61,92.41,6.06,346.77,28,積分轉負
2022空頭年,一次買完,3017,奇鋐,2022-05-23,2022-06-01,103.14,103.6,-0.15,-392.59,9,積分轉負
2022空頭年,一次買完,4958,未知,2022-05-23,2022-06-07,90.99,98.5,7.61,4117.72,15,積分轉負
2022空頭年,一次買完,3680,未知,2022-05-30,2022-06-13,232.51,219.37,-6.22,-12011.82,14,積分轉負
2022空頭年,一次買完,3711,日月光投控,2022-05-30,2022-06-14,81.67,80.88,-1.56,-3951.36,15,積分轉負
2022空頭年,一次買完,3105,穩懋,2022-06-06,2022-06-09,215.62,207.33,-4.42,-7467.24,3,積分轉負
2022空頭年,一次買完,3374,未知,2022-06-06,2022-06-15,135.41,128.87,-5.4,-4587.47,9,積分轉負
2022空頭年,一次買完,2404,未知,2022-06-13,2022-06-17,139.77,137.51,-2.21,-8993.22,4,積分轉負
2022空頭年,一次買完,1503,未知,2022-06-20,2022-06-30,54.27,55.9,2.38,1500.85,10,積分轉負
2022空頭年,一次買完,2412,未知,2022-06-20,2022-07-11,103.38,106.3,2.22,14715.06,21,積分轉負
2022空頭年,一次買完,4979,未知,2022-07-04,2022-07-15,24.92,25.31,0.94,605.88,11,觸發停損
2022空頭年,一次買完,1513,未知,2022-07-11,2022-07-18,46.86,46.52,-1.32,-1387.42,7,積分轉負
2022空頭年,一次買完,2357,華碩,2022-07-11,2022-07-18,220.88,220.17,-0.92,-1765.8,7,積分轉負
2022空頭年,一次買完,2313,華通,2022-07-11,2022-07-25,38.53,42.92,10.72,13689.76,14,積分轉負
2022空頭年,一次買完,6282,康舒,2022-07-11,2022-07-26,27.76,27.67,-0.93,-1342.42,15,積分轉負
2022空頭年,一次買完,3231,緯創,2022-07-11,2022-08-10,21.72,25.0,14.44,15786.55,30,15%停利
2022空頭年,一次買完,3017,奇鋐,2022-07-18,2022-08-02,95.77,105.9,9.92,19948.1,15,積分轉負
2022空頭年,一次買完,6285,未知,2022-07-18,2022-08-15,61.68,69.4,11.84,18691.98,28,積分轉負
2022空頭年,一次買完,3380,明泰,2022-07-25,2022-09-14,27.6,29.78,7.26,10259.18,51,觸發停損
2022空頭年,一次買完,1513,未知,2022-08-01,2022-08-05,53.06,51.81,-2.95,-4234.93,4,積分轉負
2022空頭年,一次買完,3680,未知,2022-08-08,2022-08-11,228.5,222.1,-3.38,-5119.56,3,積分轉負
2022空頭年,一次買完,3529,力旺,2022-08-08,2022-08-15,1166.73,1345.86,14.66,15262.75,7,15%停利
2022空頭年,一次買完,3081,聯亞,2022-08-08,2022-08-19,137.16,158.56,14.91,15601.08,11,15%停利
2022空頭年,一次買完,1513,未知,2022-08-15,2022-08-17,58.09,55.67,-4.75,-7741.12,2,積分轉負
2022空頭年,一次買完,5347,未知,2022-08-15,2022-08-19,67.04,64.3,-4.67,-6102.0,4,積分轉負
2022空頭年,一次買完,2345,智邦,2022-08-15,2022-08-23,262.79,259.49,-1.85,-2154.02,8,積分轉負
2022空頭年,一次買完,5434,未知,2022-08-15,2022-08-30,139.96,136.99,-2.71,-4238.93,15,積分轉負
2022空頭年,一次買完,1513,未知,2022-08-22,2022-08-26,58.72,57.64,-2.42,-9694.34,4,積分轉負
2022空頭年,一次買完,3661,世芯-KY,2022-08-29,2022-09-06,841.18,815.17,-3.67,-7273.71,8,積分轉負
2022空頭年,一次買完,6533,未知,2022-08-29,2022-09-26,373.85,391.29,4.04,12407.56,28,觸發停損
2022空頭年,一次買完,2301,未知,2022-09-05,2022-09-22,57.98,57.12,-2.07,-3155.26,17,積分轉負
2022空頭年,一次買完,6285,未知,2022-09-12,2022-09-26,76.44,68.98,-10.3,-19658.78,14,觸發停損
2022空頭年,一次買完,2376,技嘉,2022-09-19,2022-09-21,84.7,79.99,-6.13,-9288.37,2,積分轉負
2022空頭年,一次買完,2368,金像電,2022-09-26,2022-09-28,89.37,82.19,-8.59,-54228.68,2,積分轉負
2022空頭年,一次買完,5227,未知,2022-09-26,2022-10-06,69.02,82.35,18.6,28079.79,10,15%停利
2022空頭年,一次買完,2353,宏碁,2022-10-03,2022-10-11,18.58,18.28,-2.19,-5261.34,8,積分轉負
2022空頭年,一次買完,5347,未知,2022-10-03,2022-10-11,55.81,52.3,-6.86,-11764.12,8,觸發停損
2022空頭年,一次買完,6770,未知,2022-10-03,2022-10-12,28.55,27.86,-3.01,-4164.65,9,積分轉負
2022空頭年,一次買完,3189,景碩,2022-10-03,2022-11-09,87.12,104.75,19.51,5285.79,37,15%停利
2022空頭年,一次買完,2337,未知,2022-10-17,2022-10-20,30.36,29.94,-1.97,-2765.89,3,積分轉負
2022空頭年,一次買完,2308,台達電,2022-10-17,2022-10-20,250.39,247.59,-1.71,-2894.1,3,積分轉負
2022空頭年,一次買完,3289,宜特,2022-10-17,2022-10-21,64.96,60.51,-7.41,-6515.49,4,積分轉負
2022空頭年,一次買完,6412,未知,2022-10-17,2022-10-25,55.48,57.03,2.18,4729.01,8,積分轉負
2022空頭年,一次買完,2454,聯發科,2022-10-17,2022-11-11,466.08,564.45,20.38,18957.14,25,15%停利
2022空頭年,一次買完,2421,建準,2022-10-24,2022-10-26,36.79,34.62,-6.44,-12646.48,2,積分轉負
2022空頭年,一次買完,6770,未知,2022-10-24,2022-10-26,30.73,30.18,-2.36,-4388.43,2,積分轉負
2022空頭年,一次買完,2303,聯電,2022-10-24,2022-11-15,32.14,38.01,17.57,579.96,22,15%停利
2022空頭年,一次買完,2412,未知,2022-10-31,2022-11-02,95.16,93.01,-2.84,-3538.59,2,積分轉負
2022空頭年,一次買完,2356,英業達,2022-10-31,2022-11-03,21.42,20.54,-4.67,-12342.91,3,積分轉負
2022空頭年,一次買完,6533,未知,2022-10-31,2022-11-10,371.85,443.63,18.59,16635.79,10,15%停利
2022空頭年,一次買完,3587,閎康,2022-10-31,2022-11-15,116.86,117.28,-0.24,-256.92,15,積分轉負
2022空頭年,一次買完,6643,M31,2022-11-07,2022-11-18,279.96,340.69,20.97,53317.1,11,15%停利
2022空頭年,一次買完,2353,宏碁,2022-11-07,2022-11-22,20.58,20.71,0.02,21.27,15,積分轉負
2022空頭年,一次買完,6488,未知,2022-11-14,2022-11-21,416.24,426.57,1.87,1234.2,7,積分轉負
2022空頭年,一次買完,3529,力旺,2022-11-14,2022-11-22,1374.9,1437.84,3.95,7272.58,8,積分轉負
2022空頭年,一次買完,3711,日月光投控,2022-11-21,2022-12-08,80.91,83.32,2.36,3923.52,17,積分轉負
2022空頭年,一次買完,3227,未知,2022-11-21,2022-12-08,78.9,81.34,2.48,4261.81,17,積分轉負
2022空頭年,一次買完,2357,華碩,2022-11-21,2022-12-08,212.04,220.26,3.25,4844.1,17,積分轉負
2022空頭年,一次買完,5269,祥碩,2022-11-28,2022-11-30,690.11,684.56,-1.4,-2470.13,2,積分轉負
2022空頭年,一次買完,3661,世芯-KY,2022-11-28,2022-12-06,868.42,872.32,-0.15,-201.71,8,積分轉負
2022空頭年,一次買完,6223,未知,2022-12-05,2022-12-14,121.44,110.27,-9.74,-16983.69,9,積分轉負
2022空頭年,一次買完,3587,閎康,2022-12-12,2022-12-15,139.81,137.68,-2.11,-172.97,3,積分轉負
2022空頭年,一次買完,8050,未知,2022-12-12,2022-12-19,69.84,68.37,-2.69,-2558.96,7,積分轉負
2022空頭年,一次買完,6412,未知,2022-12-12,2022-12-19,60.38,59.72,-1.67,-4151.69,7,積分轉負
2022空頭年,一次買完,8299,群聯,2022-12-12,2022-12-21,280.29,276.91,-1.8,-1627.09,9,積分轉負
2022空頭年,一次買完,2412,未知,2022-12-12,2022-12-30,96.44,96.87,-0.16,-298.69,18,積分轉負
2022空頭年,一次買完,3443,創意,2022-12-19,2022-12-21,781.65,721.97,-8.19,-2437.91,2,積分轉負
2022空頭年,一次買完,3231,緯創,2022-12-19,2022-12-29,27.09,26.16,-4.02,-18988.56,10,積分轉負
2022空頭年,一次買完,2356,英業達,2022-12-26,2022-12-30,22.91,64.0,177.65,206541.35,4,期末平倉
2022空頭年,3:3:4分批,6196,未知,2022-01-03,2022-01-05,149.45,147.32,-2.01,-365.28,2,積分轉負
2022空頭年,3:3:4分批,5388,未知,2022-01-03,2022-01-05,60.54,57.79,-5.12,-1580.42,2,積分轉負
2022空頭年,3:3:4分批,2368,金像電,2022-01-03,2022-01-06,77.23,74.57,-4.02,-946.28,3,積分轉負
2022空頭年,3:3:4分批,8081,未知,2022-01-03,2022-01-06,188.57,182.16,-3.97,-1241.88,3,積分轉負
2022空頭年,3:3:4分批,6269,未知,2022-01-03,2022-01-10,89.47,86.9,-3.45,-1782.9,7,積分轉負
2022空頭年,3:3:4分批,2308,台達電,2022-01-03,2022-01-10,256.85,258.21,-0.07,-35.01,7,積分轉負
2022空頭年,3:3:4分批,2330,台積電,2022-01-03,2022-01-10,581.55,592.61,1.29,969.27,7,積分轉負
2022空頭年,3:3:4分批,6515,穎崴,2022-01-03,2022-01-11,389.59,348.22,-11.15,-2130.92,8,積分轉負
2022空頭年,3:3:4分批,6196,未知,2022-01-10,2022-01-14,155.82,145.2,-7.37,-1038.74,4,積分轉負
2022空頭年,3:3:4分批,3413,未知,2022-01-10,2022-01-14,194.38,191.61,-2.02,-366.62,4,積分轉負
2022空頭年,3:3:4分批,2360,致茂,2022-01-10,2022-01-14,197.76,181.53,-8.75,-1890.01,4,觸發停損
2022空頭年,3:3:4分批,2412,未知,2022-01-10,2022-01-20,96.35,96.35,-0.6,-456.69,10,積分轉負
2022空頭年,3:3:4分批,3661,世芯-KY,2022-01-10,2022-01-24,919.11,877.8,-5.07,-1837.19,14,積分轉負
2022空頭年,3:3:4分批,2324,仁寶,2022-01-10,2022-01-26,19.91,19.89,-0.69,-1863.6,16,積分轉負
2022空頭年,3:3:4分批,2356,英業達,2022-01-10,2022-02-15,21.02,20.83,-1.5,-3504.4,36,積分轉負
2022空頭年,3:3:4分批,3711,日月光投控,2022-01-17,2022-01-20,85.64,83.65,-2.9,-1675.95,3,積分轉負
2022空頭年,3:3:4分批,2330,台積電,2022-01-17,2022-01-21,629.47,590.77,-6.71,-4657.4,4,觸發停損
2022空頭年,3:3:4分批,3231,緯創,2022-01-17,2022-02-11,25.31,25.23,-0.94,-4321.49,25,積分轉負
2022空頭年,3:3:4分批,5388,未知,2022-01-17,2022-02-14,63.2,62.13,-2.28,-2642.3,28,積分轉負
2022空頭年,3:3:4分批,2360,致茂,2022-01-24,2022-01-26,190.74,185.92,-3.11,-895.1,2,積分轉負
2022空頭年,3:3:4分批,2330,台積電,2022-01-24,2022-01-26,601.83,586.16,-3.19,-1303.11,2,積分轉負
2022空頭年,3:3:4分批,3044,健鼎,2022-01-24,2022-02-11,101.38,100.39,-1.57,-1830.8,18,積分轉負
2022空頭年,3:3:4分批,2382,廣達,2022-01-24,2022-02-14,71.56,70.59,-1.94,-972.37,21,積分轉負
2022空頭年,3:3:4分批,5269,祥碩,2022-02-14,2022-02-23,1613.37,1572.93,-3.09,-2202.56,9,積分轉負
2022空頭年,3:3:4分批,8299,群聯,2022-02-14,2022-03-07,426.1,409.85,-4.39,-9872.37,21,觸發停損
2022空頭年,3:3:4分批,2337,未知,2022-02-14,2022-03-09,38.24,36.27,-5.72,-13286.66,23,積分轉負
2022空頭年,3:3:4分批,2317,鴻海,2022-02-21,2022-02-23,87.85,87.02,-1.54,-928.66,2,積分轉負
2022空頭年,3:3:4分批,2492,未知,2022-02-21,2022-02-23,138.47,133.2,-4.38,-2028.15,2,積分轉負
2022空頭年,3:3:4分批,2353,宏碁,2022-02-21,2022-02-25,23.33,22.28,-5.05,-2839.72,4,積分轉負
2022空頭年,3:3:4分批,2357,華碩,2022-02-21,2022-02-25,270.12,265.13,-2.44,-1709.61,4,積分轉負
2022空頭年,3:3:4分批,2382,廣達,2022-02-21,2022-02-25,72.2,70.82,-2.49,-1663.62,4,積分轉負
2022空頭年,3:3:4分批,3005,未知,2022-03-07,2022-03-09,43.41,43.49,-0.42,-430.77,2,積分轉負
2022空頭年,3:3:4分批,8996,高力,2022-03-07,2022-03-11,52.73,61.16,15.29,12221.18,4,15%停利
2022空頭年,3:3:4分批,3081,聯亞,2022-03-07,2022-03-15,161.93,152.58,-6.34,-7515.86,8,積分轉負
2022空頭年,3:3:4分批,6669,緯穎,2022-03-14,2022-03-15,887.17,813.95,-8.8,-8206.03,1,觸發停損
2022空頭年,3:3:4分批,6239,未知,2022-03-14,2022-03-16,75.52,73.2,-3.65,-5227.24,2,積分轉負
2022空頭年,3:3:4分批,2455,全新,2022-03-14,2022-03-31,105.38,101.15,-4.59,-5825.24,17,積分轉負
2022空頭年,3:3:4分批,6182,未知,2022-03-21,2022-03-25,68.79,64.52,-6.76,-2339.93,4,積分轉負
2022空頭年,3:3:4分批,3532,未知,2022-03-21,2022-03-28,318.29,267.62,-16.42,-3848.57,7,觸發停損
2022空頭年,3:3:4分批,2353,宏碁,2022-03-21,2022-04-01,23.44,22.94,-2.73,-1436.43,11,積分轉負
2022空頭年,3:3:4分批,2303,聯電,2022-03-21,2022-04-06,41.03,39.15,-5.15,-4966.25,16,觸發停損
2022空頭年,3:3:4分批,2458,未知,2022-03-21,2022-04-06,124.51,122.7,-2.05,-2258.87,16,積分轉負
2022空頭年,3:3:4分批,2368,金像電,2022-03-21,2022-04-11,81.34,79.4,-2.97,-2012.71,21,積分轉負
2022空頭年,3:3:4分批,4958,未知,2022-03-21,2022-05-10,92.01,86.39,-6.66,-6941.33,50,積分轉負
2022空頭年,3:3:4分批,3653,健策,2022-03-28,2022-04-25,349.55,315.45,-10.3,-10977.45,28,觸發停損
2022空頭年,3:3:4分批,2059,川湖,2022-04-11,2022-04-18,409.35,399.08,-3.09,-1800.73,7,積分轉負
2022空頭年,3:3:4分批,6206,未知,2022-04-11,2022-04-26,57.77,57.24,-1.52,-1375.88,15,積分轉負
2022空頭年,3:3:4分批,2412,未知,2022-04-11,2022-05-03,108.0,105.44,-2.95,-14922.56,22,觸發停損
2022空頭年,3:3:4分批,6414,樺漢,2022-04-18,2022-04-25,168.73,163.78,-3.51,-2149.26,7,觸發停損
2022空頭年,3:3:4分批,3374,未知,2022-04-18,2022-05-05,122.89,123.9,0.22,376.09,17,積分轉負
2022空頭年,3:3:4分批,2395,研華,2022-04-25,2022-05-05,300.84,277.11,-8.44,-201.19,10,觸發停損
2022空頭年,3:3:4分批,6285,未知,2022-04-25,2022-05-05,63.91,58.26,-9.39,-156.68,10,觸發停損
2022空頭年,3:3:4分批,2317,鴻海,2022-05-09,2022-05-12,86.19,84.53,-2.51,-3608.65,3,積分轉負
2022空頭年,3:3:4分批,2356,英業達,2022-05-09,2022-05-12,21.37,20.83,-3.1,-3745.56,3,積分轉負
2022空頭年,3:3:4分批,3443,創意,2022-05-09,2022-05-20,466.02,544.76,16.2,11435.2,11,15%停利
2022空頭年,3:3:4分批,2356,英業達,2022-05-16,2022-05-23,21.87,21.16,-3.79,-2022.43,7,積分轉負
2022空頭年,3:3:4分批,3037,欣興,2022-05-16,2022-05-23,193.88,195.23,0.1,21.82,7,積分轉負
2022空頭年,3:3:4分批,6515,穎崴,2022-05-16,2022-05-24,336.86,319.13,-5.83,-1480.99,8,積分轉負
2022空頭年,3:3:4分批,2303,聯電,2022-05-16,2022-05-24,37.88,37.54,-1.5,-488.61,8,積分轉負
2022空頭年,3:3:4分批,2353,宏碁,2022-05-16,2022-05-24,22.21,21.12,-5.45,-2391.55,8,積分轉負
2022空頭年,3:3:4分批,6770,未知,2022-05-16,2022-05-26,55.82,54.07,-3.71,-1399.59,10,積分轉負
2022空頭年,3:3:4分批,2317,鴻海,2022-05-16,2022-06-13,89.42,92.41,2.73,7686.9,28,積分轉負
2022空頭年,3:3:4分批,3017,奇鋐,2022-05-23,2022-06-01,104.28,103.6,-1.24,-1897.96,9,積分轉負
2022空頭年,3:3:4分批,4958,未知,2022-05-23,2022-06-07,94.78,98.5,3.3,6705.79,15,積分轉負
2022空頭年,3:3:4分批,2382,廣達,2022-05-23,2022-06-14,59.59,60.91,1.61,5925.77,22,積分轉負
2022空頭年,3:3:4分批,8114,未知,2022-06-13,2022-06-16,114.43,99.31,-13.73,-9803.43,3,觸發停損
2022空頭年,3:3:4分批,1560,未知,2022-06-13,2022-06-16,152.13,142.48,-6.9,-3101.9,3,積分轉負
2022空頭年,3:3:4分批,2404,未知,2022-06-13,2022-06-17,139.77,137.51,-2.21,-3320.39,4,積分轉負
2022空頭年,3:3:4分批,1503,未知,2022-06-20,2022-06-30,55.42,55.9,0.26,519.33,10,積分轉負
2022空頭年,3:3:4分批,2412,未知,2022-06-20,2022-07-11,106.23,106.3,-0.53,-3524.87,21,積分轉負
2022空頭年,3:3:4分批,2368,金像電,2022-06-27,2022-07-01,86.52,69.32,-20.36,-6725.88,4,觸發停損
2022空頭年,3:3:4分批,6285,未知,2022-06-27,2022-07-01,58.43,53.02,-9.79,-5081.68,4,觸發停損
2022空頭年,3:3:4分批,2395,研華,2022-06-27,2022-07-01,284.75,278.72,-2.7,-982.66,4,積分轉負
2022空頭年,3:3:4分批,3653,健策,2022-06-27,2022-07-01,320.56,268.56,-16.72,-2977.96,4,觸發停損
2022空頭年,3:3:4分批,6414,樺漢,2022-06-27,2022-07-04,174.91,167.9,-4.58,-1165.94,7,積分轉負
2022空頭年,3:3:4分批,1513,未知,2022-06-27,2022-07-18,46.99,46.52,-1.59,-2718.7,21,積分轉負
2022空頭年,3:3:4分批,6214,未知,2022-07-04,2022-07-07,59.92,59.51,-1.29,-48.37,3,積分轉負
2022空頭年,3:3:4分批,6206,未知,2022-07-04,2022-07-11,69.54,69.62,-0.49,-53.23,7,積分轉負
2022空頭年,3:3:4分批,6183,未知,2022-07-04,2022-07-12,53.28,51.8,-3.36,-179.47,8,積分轉負
2022空頭年,3:3:4分批,8114,未知,2022-07-04,2022-07-20,116.73,113.78,-3.11,-1613.78,16,積分轉負
2022空頭年,3:3:4分批,4979,未知,2022-07-04,2022-07-25,25.47,29.31,14.41,6411.86,21,15%停利
2022空頭年,3:3:4分批,8050,未知,2022-07-04,2022-08-08,51.96,55.89,6.92,1760.87,35,積分轉負
2022空頭年,3:3:4分批,2357,華碩,2022-07-11,2022-07-18,220.88,220.17,-0.92,-1107.42,7,積分轉負
2022空頭年,3:3:4分批,2313,華通,2022-07-11,2022-07-25,40.57,42.92,5.16,8516.55,14,積分轉負
2022空頭年,3:3:4分批,6282,康舒,2022-07-11,2022-07-26,28.15,27.67,-2.28,-4269.79,15,積分轉負
2022空頭年,3:3:4分批,3017,奇鋐,2022-07-18,2022-08-02,99.53,105.9,5.76,10456.29,15,積分轉負
2022空頭年,3:3:4分批,6285,未知,2022-07-18,2022-08-15,62.73,69.4,9.97,27834.17,28,積分轉負
2022空頭年,3:3:4分批,3338,泰碩,2022-07-18,2022-08-24,36.02,37.04,2.23,4348.0,37,積分轉負
2022空頭年,3:3:4分批,2492,未知,2022-07-25,2022-08-02,89.68,84.4,-6.45,-2276.18,8,積分轉負
2022空頭年,3:3:4分批,3711,日月光投控,2022-07-25,2022-08-19,75.49,77.31,1.8,1481.58,25,積分轉負
2022空頭年,3:3:4分批,3380,明泰,2022-07-25,2022-09-14,27.78,29.78,6.57,11056.64,51,觸發停損
2022空頭年,3:3:4分批,3680,未知,2022-08-08,2022-08-11,228.5,222.1,-3.38,-1240.69,3,積分轉負
2022空頭年,3:3:4分批,3529,力旺,2022-08-08,2022-08-15,1166.73,1345.86,14.66,2630.9,7,15%停利
2022空頭年,3:3:4分批,3231,緯創,2022-08-08,2022-08-25,24.87,24.82,-0.76,-390.49,17,積分轉負
2022空頭年,3:3:4分批,3081,聯亞,2022-08-08,2022-09-08,147.16,141.53,-4.4,-5576.02,31,積分轉負
2022空頭年,3:3:4分批,1513,未知,2022-08-15,2022-08-17,58.09,55.67,-4.75,-4755.71,2,積分轉負
2022空頭年,3:3:4分批,5347,未知,2022-08-15,2022-08-19,67.04,64.3,-4.67,-2290.74,4,積分轉負
2022空頭年,3:3:4分批,2345,智邦,2022-08-15,2022-08-23,262.79,259.49,-1.85,-1294.17,8,積分轉負
2022空頭年,3:3:4分批,1513,未知,2022-08-22,2022-08-26,58.72,57.64,-2.42,-1920.91,4,積分轉負
2022空頭年,3:3:4分批,3680,未知,2022-08-29,2022-09-02,258.2,249.52,-3.94,-4095.29,4,積分轉負
2022空頭年,3:3:4分批,3661,世芯-KY,2022-08-29,2022-09-06,841.18,815.17,-3.67,-3817.9,8,積分轉負
2022空頭年,3:3:4分批,6533,未知,2022-08-29,2022-10-03,391.81,383.82,-2.63,-8063.68,35,積分轉負
2022空頭年,3:3:4分批,2357,華碩,2022-09-05,2022-09-07,212.04,198.89,-6.76,-2287.66,2,觸發停損
2022空頭年,3:3:4分批,2412,未知,2022-09-05,2022-09-08,104.59,103.73,-1.41,-682.82,3,積分轉負
2022空頭年,3:3:4分批,2382,廣達,2022-09-05,2022-09-19,66.14,65.9,-0.96,-1326.95,14,積分轉負
2022空頭年,3:3:4分批,2301,未知,2022-09-05,2022-09-22,58.57,57.12,-3.04,-6043.01,17,積分轉負
2022空頭年,3:3:4分批,5483,未知,2022-09-12,2022-09-16,139.88,133.24,-5.32,-699.6,4,積分轉負
2022空頭年,3:3:4分批,2376,技嘉,2022-09-12,2022-09-21,82.79,79.99,-3.96,-2127.77,9,積分轉負
2022空頭年,3:3:4分批,6285,未知,2022-09-12,2022-09-26,76.44,68.98,-10.3,-3952.3,14,觸發停損
2022空頭年,3:3:4分批,2345,智邦,2022-09-12,2022-09-26,267.97,258.08,-4.27,-801.94,14,積分轉負
2022空頭年,3:3:4分批,2308,台達電,2022-09-19,2022-09-26,250.85,242.93,-3.74,-1389.75,7,積分轉負
2022空頭年,3:3:4分批,3533,嘉澤,2022-09-19,2022-09-28,721.51,662.89,-8.67,-6579.88,9,積分轉負
2022空頭年,3:3:4分批,3017,奇鋐,2022-09-19,2022-09-29,108.51,103.25,-5.42,-2875.19,10,積分轉負
2022空頭年,3:3:4分批,2368,金像電,2022-09-26,2022-09-28,89.37,82.19,-8.59,-10799.59,2,積分轉負
2022空頭年,3:3:4分批,5227,未知,2022-09-26,2022-10-06,69.02,82.35,18.6,16368.76,10,15%停利
2022空頭年,3:3:4分批,2353,宏碁,2022-10-03,2022-10-11,18.58,18.28,-2.19,-1578.4,8,積分轉負
2022空頭年,3:3:4分批,5347,未知,2022-10-03,2022-10-11,55.81,52.3,-6.86,-3529.24,8,觸發停損
2022空頭年,3:3:4分批,2368,金像電,2022-10-03,2022-10-11,86.43,78.41,-9.82,-3388.6,8,積分轉負
2022空頭年,3:3:4分批,6770,未知,2022-10-03,2022-10-12,28.55,27.86,-3.01,-1249.4,9,積分轉負
2022空頭年,3:3:4分批,3289,宜特,2022-10-03,2022-10-12,66.91,56.86,-15.53,-4823.79,9,觸發停損
2022空頭年,3:3:4分批,6415,未知,2022-10-03,2022-10-14,412.41,404.64,-2.47,-790.4,11,積分轉負
2022空頭年,3:3:4分批,3189,景碩,2022-10-03,2022-11-11,92.48,110.29,18.54,23161.12,39,15%停利
2022空頭年,3:3:4分批,2337,未知,2022-10-17,2022-10-20,30.36,29.94,-1.97,-829.77,3,積分轉負
2022空頭年,3:3:4分批,2308,台達電,2022-10-17,2022-10-20,250.39,247.59,-1.71,-868.23,3,積分轉負
2022空頭年,3:3:4分批,3289,宜特,2022-10-17,2022-10-21,64.96,60.51,-7.41,-1954.65,4,積分轉負
2022空頭年,3:3:4分批,2492,未知,2022-10-17,2022-10-21,71.02,67.88,-4.99,-2167.92,4,積分轉負
2022空頭年,3:3:4分批,6412,未知,2022-10-17,2022-10-25,55.48,57.03,2.18,1418.7,8,積分轉負
2022空頭年,3:3:4分批,2454,聯發科,2022-10-17,2022-11-11,472.33,564.45,18.79,27062.97,25,15%停利
2022空頭年,3:3:4分批,3105,穩懋,2022-10-17,2022-11-11,121.79,142.03,15.92,15363.31,25,15%停利
2022空頭年,3:3:4分批,2421,建準,2022-10-24,2022-10-26,36.79,34.62,-6.44,-4677.5,2,積分轉負
2022空頭年,3:3:4分批,6770,未知,2022-10-24,2022-10-26,30.73,30.18,-2.36,-1623.13,2,積分轉負
2022空頭年,3:3:4分批,2308,台達電,2022-10-24,2022-10-26,250.39,238.73,-5.23,-4290.24,2,積分轉負
2022空頭年,3:3:4分批,2303,聯電,2022-10-24,2022-11-15,32.28,38.01,17.07,41252.82,22,15%停利
2022空頭年,3:3:4分批,2412,未知,2022-10-31,2022-11-02,95.16,93.01,-2.84,-1296.1,2,積分轉負
2022空頭年,3:3:4分批,2356,英業達,2022-10-31,2022-11-03,21.42,20.54,-4.67,-3691.36,3,積分轉負
2022空頭年,3:3:4分批,6533,未知,2022-10-31,2022-11-11,391.67,488.0,23.85,15295.15,11,15%停利
2022空頭年,3:3:4分批,3587,閎康,2022-10-31,2022-11-15,116.86,117.28,-0.24,-92.07,15,積分轉負
2022空頭年,3:3:4分批,6643,M31,2022-11-07,2022-11-18,294.53,340.69,14.98,8772.82,11,15%停利
2022空頭年,3:3:4分批,2353,宏碁,2022-11-07,2022-11-22,20.79,20.71,-0.99,-407.61,15,積分轉負
2022空頭年,3:3:4分批,6488,未知,2022-11-14,2022-11-21,416.24,426.57,1.87,1477.02,7,積分轉負
2022空頭年,3:3:4分批,5347,未知,2022-11-14,2022-11-21,69.27,71.76,2.97,2288.37,7,觸發停損
2022空頭年,3:3:4分批,5483,未知,2022-11-14,2022-11-21,129.09,130.33,0.36,319.35,7,積分轉負
2022空頭年,3:3:4分批,3529,力旺,2022-11-14,2022-11-22,1374.9,1437.84,3.95,2181.77,8,積分轉負
2022空頭年,3:3:4分批,3711,日月光投控,2022-11-21,2022-12-08,83.73,83.32,-1.09,-1088.18,17,積分轉負
2022空頭年,3:3:4分批,3227,未知,2022-11-21,2022-12-08,81.18,81.34,-0.4,-684.24,17,積分轉負
2022空頭年,3:3:4分批,2357,華碩,2022-11-21,2022-12-08,221.76,220.26,-1.27,-2553.16,17,積分轉負
2022空頭年,3:3:4分批,1513,未知,2022-11-21,2022-12-08,53.81,56.65,4.67,5694.0,17,積分轉負
2022空頭年,3:3:4分批,1503,未知,2022-11-21,2022-12-08,53.92,55.57,2.45,2958.31,17,積分轉負
2022空頭年,3:3:4分批,6139,亞翔,2022-11-21,2022-12-20,30.2,32.05,5.5,7928.14,29,觸發停損
2022空頭年,3:3:4分批,5269,祥碩,2022-11-28,2022-11-30,690.11,684.56,-1.4,-1651.9,2,積分轉負
2022空頭年,3:3:4分批,3661,世芯-KY,2022-11-28,2022-12-06,868.42,872.32,-0.15,-125.4,8,積分轉負
2022空頭年,3:3:4分批,3587,閎康,2022-12-12,2022-12-15,139.81,137.68,-2.11,-446.2,3,積分轉負
2022空頭年,3:3:4分批,8050,未知,2022-12-12,2022-12-19,69.84,68.37,-2.69,-767.69,7,積分轉負
2022空頭年,3:3:4分批,6412,未知,2022-12-12,2022-12-19,60.38,59.72,-1.67,-1245.51,7,積分轉負
2022空頭年,3:3:4分批,8299,群聯,2022-12-12,2022-12-21,282.45,276.91,-2.55,-1382.82,9,積分轉負
2022空頭年,3:3:4分批,1513,未知,2022-12-12,2022-12-22,57.46,59.17,2.35,576.27,10,積分轉負
2022空頭年,3:3:4分批,2385,未知,2022-12-12,2022-12-27,68.12,68.29,-0.34,-451.32,15,積分轉負
2022空頭年,3:3:4分批,2412,未知,2022-12-12,2022-12-30,96.36,96.87,-0.06,-123.16,18,積分轉負
2022空頭年,3:3:4分批,3231,緯創,2022-12-19,2022-12-29,27.09,26.16,-4.02,-5706.45,10,積分轉負
2022空頭年,3:3:4分批,2357,華碩,2022-12-26,2022-12-30,223.55,220.67,-1.88,-973.66,4,積分轉負
2022空頭年,3:3:4分批,2356,英業達,2022-12-26,2022-12-30,22.91,64.0,177.65,129053.3,4,期末平倉
2022空頭年,3:3:4分批,2324,仁寶,2022-12-26,2022-12-30,19.71,36.55,84.34,59245.31,4,期末平倉
2022空頭年,3:3:4分批,1513,未知,2022-12-26,2022-12-30,59.71,157.5,162.21,61032.35,4,期末平倉
2022空頭年,3:3:4分批,2382,廣達,2022-12-26,2022-12-30,59.29,298.0,399.64,270206.95,4,期末平倉
2024多頭年,一次買完,6139,亞翔,2024-01-08,2024-01-11,153.26,144.06,-6.57,-4154.85,3,積分轉負
2024多頭年,一次買完,2301,未知,2024-01-08,2024-01-11,103.96,98.51,-5.81,-6861.43,3,積分轉負
2024多頭年,一次買完,3189,景碩,2024-01-08,2024-01-11,95.53,93.96,-2.22,-3390.35,3,積分轉負
2024多頭年,一次買完,2330,台積電,2024-01-08,2024-01-17,560.74,558.82,-0.94,-2297.42,9,積分轉負
2024多頭年,一次買完,6488,未知,2024-01-08,2024-01-17,543.62,535.27,-2.12,-2626.65,9,積分轉負
2024多頭年,一次買完,2385,未知,2024-01-08,2024-01-19,152.8,148.54,-3.37,-3344.43,11,積分轉負
2024多頭年,一次買完,5269,祥碩,2024-01-08,2024-01-24,1673.87,1721.02,2.2,1567.66,16,積分轉負
2024多頭年,一次買完,3034,聯詠,2024-01-08,2024-01-29,429.64,446.83,3.38,4299.09,21,積分轉負
2024多頭年,一次買完,6531,愛普*,2024-01-15,2024-01-19,513.7,494.63,-4.29,-1450.46,4,積分轉負
2024多頭年,一次買完,6643,M31,2024-01-15,2024-01-26,1039.1,1260.89,20.62,58764.66,11,15%停利
2024多頭年,一次買完,2059,川湖,2024-01-22,2024-01-26,1051.25,977.91,-7.53,-15538.2,4,積分轉負
2024多頭年,一次買完,2383,台光電,2024-01-22,2024-01-26,420.36,400.09,-5.39,-3658.23,4,積分轉負
2024多頭年,一次買完,3231,緯創,2024-01-22,2024-02-01,106.1,104.73,-1.88,-4078.22,10,積分轉負
2024多頭年,一次買完,1519,未知,2024-01-29,2024-02-01,285.69,352.51,22.65,16119.47,3,15%停利
2024多頭年,一次買完,2330,台積電,2024-01-29,2024-02-01,623.26,604.02,-3.67,-7763.91,3,積分轉負
2024多頭年,一次買完,2421,建準,2024-01-29,2024-02-15,105.74,124.72,17.24,12166.56,17,15%停利
2024多頭年,一次買完,5434,未知,2024-01-29,2024-02-22,169.54,174.48,2.3,5542.49,24,積分轉負
2024多頭年,一次買完,3037,欣興,2024-01-29,2024-02-27,172.5,173.47,-0.04,-42.8,29,觸發停損
2024多頭年,一次買完,2313,華通,2024-01-29,2024-02-27,66.15,70.25,5.56,5625.49,29,觸發停損
2024多頭年,一次買完,2383,台光電,2024-02-05,2024-02-21,480.2,475.38,-1.6,-3540.66,16,積分轉負
2024多頭年,一次買完,3081,聯亞,2024-02-05,2024-02-22,118.76,140.89,17.92,50662.47,17,15%停利
2024多頭年,一次買完,2376,技嘉,2024-02-19,2024-02-21,332.66,315.42,-5.75,-4757.84,2,積分轉負
2024多頭年,一次買完,3131,弘塑,2024-02-26,2024-03-05,805.84,956.1,17.94,23502.56,8,15%停利
2024多頭年,一次買完,6719,未知,2024-02-26,2024-03-07,296.05,280.14,-5.94,-12575.73,10,積分轉負
2024多頭年,一次買完,1519,未知,2024-02-26,2024-03-08,388.63,362.63,-7.25,-7587.14,11,積分轉負
2024多頭年,一次買完,3653,健策,2024-02-26,2024-03-11,893.51,929.65,3.42,5115.82,14,積分轉負
2024多頭年,一次買完,3413,未知,2024-02-26,2024-03-11,221.16,217.15,-2.4,-1636.41,14,積分轉負
2024多頭年,一次買完,2454,聯發科,2024-02-26,2024-03-15,1021.85,1040.18,1.18,2490.41,18,積分轉負
2024多頭年,一次買完,2455,全新,2024-03-04,2024-03-11,172.77,163.7,-5.82,-12466.18,7,積分轉負
2024多頭年,一次買完,2449,京元電子,2024-03-11,2024-03-13,96.14,96.59,-0.14,-106.81,2,積分轉負
2024多頭年,一次買完,2317,鴻海,2024-03-11,2024-03-15,100.04,120.6,19.83,57106.42,4,15%停利
2024多頭年,一次買完,2404,未知,2024-03-11,2024-03-15,338.86,301.06,-11.69,-17847.45,4,觸發停損
2024多頭年,一次買完,2385,未知,2024-03-11,2024-03-18,186.85,215.37,14.57,16293.14,7,15%停利
2024多頭年,一次買完,3037,欣興,2024-03-11,2024-03-26,171.53,184.13,6.7,10575.09,15,觸發停損
2024多頭年,一次買完,3324,雙鴻,2024-03-11,2024-04-01,606.16,697.86,14.44,12435.1,21,15%停利
2024多頭年,一次買完,5269,祥碩,2024-03-18,2024-03-20,2168.96,2074.65,-4.92,-5220.57,2,積分轉負
2024多頭年,一次買完,1503,未知,2024-03-18,2024-03-21,212.52,251.15,17.47,16590.28,3,15%停利
2024多頭年,一次買完,3034,聯詠,2024-03-18,2024-03-25,519.87,506.12,-3.23,-5976.45,7,積分轉負
2024多頭年,一次買完,8046,南電,2024-03-18,2024-03-25,202.59,200.19,-1.78,-3665.12,7,積分轉負
2024多頭年,一次買完,5347,未知,2024-03-18,2024-03-27,75.74,77.82,2.13,4917.84,9,積分轉負
2024多頭年,一次買完,2317,鴻海,2024-03-18,2024-04-02,124.25,145.27,16.21,11999.85,15,15%停利
2024多頭年,一次買完,2421,建準,2024-03-25,2024-04-03,113.42,116.14,1.78,3175.75,9,積分轉負
2024多頭年,一次買完,3533,嘉澤,2024-03-25,2024-04-09,1304.38,1529.6,16.56,31045.06,15,15%停利
2024多頭年,一次買完,6274,台燿,2024-03-25,2024-04-11,155.11,170.8,9.46,21563.87,17,積分轉負
2024多頭年,一次買完,2492,未知,2024-04-01,2024-04-09,117.47,111.31,-5.81,-11924.98,8,積分轉負
2024多頭年,一次買完,6213,聯茂,2024-04-01,2024-04-10,102.58,118.88,15.19,45245.72,9,15%停利
2024多頭年,一次買完,6139,亞翔,2024-04-08,2024-04-12,269.23,339.21,25.24,67585.07,4,15%停利
2024多頭年,一次買完,6415,未知,2024-04-15,2024-04-17,390.89,363.29,-7.62,-19099.03,2,積分轉負
2024多頭年,一次買完,6515,穎崴,2024-04-15,2024-04-19,851.99,789.42,-7.9,-20352.11,4,積分轉負
2024多頭年,一次買完,3017,奇鋐,2024-04-15,2024-04-22,603.54,555.53,-8.51,-15284.73,7,積分轉負
2024多頭年,一次買完,5434,未知,2024-04-15,2024-04-24,223.05,228.0,1.61,5010.19,9,積分轉負
2024多頭年,一次買完,2412,未知,2024-04-22,2024-04-26,111.92,110.14,-2.18,-13767.17,4,積分轉負
2024多頭年,一次買完,2301,未知,2024-04-22,2024-05-03,89.75,92.44,2.38,4322.54,11,積分轉負
2024多頭年,一次買完,2492,未知,2024-04-22,2024-05-10,100.89,107.05,5.47,8782.78,18,積分轉負
2024多頭年,一次買完,3532,未知,2024-04-29,2024-05-02,171.55,163.51,-5.25,-11475.65,3,積分轉負
2024多頭年,一次買完,6274,台燿,2024-04-29,2024-05-07,173.56,172.14,-1.41,-1755.25,8,積分轉負
2024多頭年,一次買完,3443,創意,2024-04-29,2024-05-10,1321.21,1233.78,-7.18,-8750.87,11,積分轉負
2024多頭年,一次買完,6214,未知,2024-04-29,2024-05-10,109.92,107.73,-2.58,-4682.29,11,積分轉負
2024多頭年,一次買完,2317,鴻海,2024-04-29,2024-05-20,144.81,153.03,5.05,8550.42,21,積分轉負
2024多頭年,一次買完,8996,高力,2024-04-29,2024-05-23,385.98,468.28,20.59,24283.88,24,15%停利
2024多頭年,一次買完,2357,華碩,2024-05-06,2024-05-16,387.2,445.47,14.36,56432.34,10,15%停利
2024多頭年,一次買完,6269,未知,2024-05-13,2024-05-21,95.81,92.58,-3.94,-8713.27,8,積分轉負
2024多頭年,一次買完,2454,聯發科,2024-05-13,2024-05-27,1021.85,1177.65,14.56,25740.78,14,15%停利
2024多頭年,一次買完,8210,勤誠,2024-05-13,2024-05-30,285.02,302.27,5.42,6272.86,17,觸發停損
2024多頭年,一次買完,6206,未知,2024-05-13,2024-06-04,78.2,86.9,10.47,7147.81,22,觸發停損
2024多頭年,一次買完,5347,未知,2024-05-20,2024-06-04,89.28,92.98,3.52,12416.2,15,積分轉負
2024多頭年,一次買完,3443,創意,2024-05-20,2024-06-14,1418.36,1535.14,7.59,20810.76,25,積分轉負
2024多頭年,一次買完,6415,未知,2024-05-27,2024-05-30,471.24,461.38,-2.68,-5166.36,3,積分轉負
2024多頭年,一次買完,2345,智邦,2024-05-27,2024-06-11,493.51,507.92,2.3,2067.65,15,積分轉負
2024多頭年,一次買完,2454,聯發科,2024-05-27,2024-06-19,1177.65,1360.94,14.87,40703.55,23,15%停利
2024多頭年,一次買完,1560,未知,2024-06-03,2024-06-05,281.69,273.44,-3.51,-3415.86,2,積分轉負
2024多頭年,一次買完,3013,晟銘電,2024-06-03,2024-06-07,93.65,90.68,-3.74,-7959.13,4,積分轉負
2024多頭年,一次買完,3529,力旺,2024-06-17,2024-06-21,2659.64,2556.97,-4.44,-14516.13,4,積分轉負
2024多頭年,一次買完,6415,未知,2024-06-17,2024-06-25,517.58,492.93,-5.33,-14877.09,8,積分轉負
2024多頭年,一次買完,3035,智原,2024-06-17,2024-06-25,313.35,301.82,-4.26,-16732.1,8,積分轉負
2024多頭年,一次買完,2455,全新,2024-06-24,2024-06-26,166.78,152.76,-8.95,-11451.69,2,積分轉負
2024多頭年,一次買完,2449,京元電子,2024-06-24,2024-07-02,102.38,99.26,-3.62,-4846.32,8,積分轉負
2024多頭年,一次買完,5483,未知,2024-06-24,2024-07-03,192.98,196.15,1.03,2907.96,9,積分轉負
2024多頭年,一次買完,1503,未知,2024-06-24,2024-07-09,273.3,272.36,-0.94,-351.38,15,積分轉負
2024多頭年,一次買完,2368,金像電,2024-06-24,2024-07-11,195.08,213.59,8.83,15188.85,17,積分轉負
2024多頭年,一次買完,5434,未知,2024-07-01,2024-07-03,259.91,253.85,-2.92,-2397.05,2,積分轉負
2024多頭年,一次買完,3131,弘塑,2024-07-01,2024-07-11,1354.23,1301.59,-4.46,-5676.96,10,積分轉負
2024多頭年,一次買完,2308,台達電,2024-07-01,2024-07-17,381.68,401.72,4.62,10095.9,16,積分轉負
2024多頭年,一次買完,6488,未知,2024-07-01,2024-07-17,531.47,541.82,1.34,4395.65,16,積分轉負
2024多頭年,一次買完,2317,鴻海,2024-07-08,2024-07-15,212.24,202.87,-4.99,-11442.06,7,積分轉負
2024多頭年,一次買完,2449,京元電子,2024-07-08,2024-07-26,118.4,99.06,-16.84,-44464.13,18,觸發停損
2024多頭年,一次買完,2395,研華,2024-07-22,2024-07-26,356.07,334.11,-6.73,-21827.69,4,觸發停損
2024多頭年,一次買完,3131,弘塑,2024-07-22,2024-08-02,1354.23,1374.02,0.85,762.44,11,積分轉負
2024多頭年,一次買完,2412,未知,2024-07-22,2024-09-30,111.7,116.33,3.53,20669.51,70,積分轉負
2024多頭年,一次買完,3374,未知,2024-07-29,2024-08-01,203.55,243.48,18.9,36372.65,3,15%停利
2024多頭年,一次買完,2404,未知,2024-07-29,2024-08-05,311.11,287.35,-8.19,-37276.99,7,觸發停損
2024多頭年,一次買完,6187,萬潤,2024-08-12,2024-08-15,284.59,341.42,19.25,19171.71,3,15%停利
2024多頭年,一次買完,3231,緯創,2024-08-12,2024-08-20,95.61,94.21,-2.05,-599.95,8,積分轉負
2024多頭年,一次買完,3583,辛耘,2024-08-12,2024-08-22,405.46,443.12,8.63,8127.06,10,積分轉負
2024多頭年,一次買完,1609,未知,2024-08-12,2024-08-27,50.85,51.48,0.62,945.8,15,積分轉負
2024多頭年,一次買完,3587,閎康,2024-08-12,2024-08-30,264.62,271.75,2.08,2953.69,18,積分轉負
2024多頭年,一次買完,2303,聯電,2024-08-12,2024-09-05,50.52,49.78,-2.05,-4520.55,24,積分轉負
2024多頭年,一次買完,3529,力旺,2024-08-19,2024-08-26,2559.8,2500.73,-2.89,-3428.17,7,積分轉負
2024多頭年,一次買完,6415,未知,2024-08-26,2024-08-30,472.72,464.83,-2.26,-3632.55,4,積分轉負
2024多頭年,一次買完,2357,華碩,2024-08-26,2024-09-05,488.31,465.95,-5.15,-4377.67,10,積分轉負
2024多頭年,一次買完,6515,穎崴,2024-09-09,2024-09-16,1192.71,1392.31,16.04,46777.75,7,15%停利
2024多頭年,一次買完,6438,未知,2024-09-09,2024-09-23,112.42,130.3,15.21,24632.48,14,15%停利
2024多頭年,一次買完,8996,高力,2024-09-09,2024-10-04,390.88,382.56,-2.72,-8064.59,25,積分轉負
2024多頭年,一次買完,6214,未知,2024-09-16,2024-09-25,118.07,115.79,-2.52,-5500.01,9,積分轉負
2024多頭年,一次買完,6187,萬潤,2024-09-16,2024-09-30,454.58,456.51,-0.18,-212.37,14,積分轉負
2024多頭年,一次買完,3583,辛耘,2024-09-23,2024-09-27,443.12,429.92,-3.56,-6644.68,4,積分轉負
2024多頭年,一次買完,3081,聯亞,2024-09-30,2024-10-04,267.79,313.55,16.39,52206.18,4,15%停利
2024多頭年,一次買完,4979,未知,2024-09-30,2024-10-17,142.56,151.93,5.94,17857.5,17,積分轉負
2024多頭年,一次買完,8114,未知,2024-09-30,2024-10-30,192.79,192.79,-0.6,-2277.19,30,積分轉負
2024多頭年,一次買完,3363,上詮,2024-10-07,2024-10-09,213.5,247.5,15.23,37337.7,2,15%停利
2024多頭年,一次買完,6139,亞翔,2024-10-07,2024-10-11,228.6,212.72,-7.5,-17893.63,4,積分轉負
2024多頭年,一次買完,6438,未知,2024-10-07,2024-10-18,166.52,200.39,19.62,57994.17,11,15%停利
2024多頭年,一次買完,2449,京元電子,2024-10-14,2024-10-25,116.86,119.14,1.34,612.11,11,積分轉負
2024多頭年,一次買完,6442,光聖,2024-10-14,2024-10-28,451.74,441.53,-2.85,-13015.6,14,觸發停損
2024多頭年,一次買完,3529,力旺,2024-10-21,2024-10-25,3180.06,3160.37,-1.21,-1890.88,4,積分轉負
2024多頭年,一次買完,3443,創意,2024-10-21,2024-11-01,1240.86,1157.48,-7.28,-14897.73,11,積分轉負
2024多頭年,一次買完,3189,景碩,2024-10-21,2024-11-04,113.98,103.12,-10.07,-5904.52,14,積分轉負
2024多頭年,一次買完,2382,廣達,2024-10-21,2024-11-13,282.85,294.75,3.58,9043.69,23,積分轉負
2024多頭年,一次買完,2317,鴻海,2024-10-28,2024-11-13,201.47,201.0,-0.83,-2154.3,16,積分轉負
2024多頭年,一次買完,3037,欣興,2024-10-28,2024-11-14,163.65,163.65,-0.6,-2301.78,17,積分轉負
2024多頭年,一次買完,2356,英業達,2024-11-04,2024-11-11,42.79,50.38,17.03,26802.87,7,15%停利
2024多頭年,一次買完,3661,世芯-KY,2024-11-04,2024-11-15,2159.54,2283.37,5.1,8167.33,11,積分轉負
2024多頭年,一次買完,3231,緯創,2024-11-04,2024-11-15,108.2,109.6,0.69,1418.01,11,積分轉負
2024多頭年,一次買完,6442,光聖,2024-11-04,2024-11-27,505.71,485.78,-4.52,-4373.69,23,積分轉負
2024多頭年,一次買完,2059,川湖,2024-11-11,2024-11-15,1419.28,1340.16,-6.14,-11284.94,4,積分轉負
2024多頭年,一次買完,3363,上詮,2024-11-25,2024-11-27,226.5,210.0,-7.84,-6231.96,2,積分轉負
2024多頭年,一次買完,1560,未知,2024-11-25,2024-11-27,306.52,290.8,-5.7,-6133.43,2,積分轉負
2024多頭年,一次買完,3231,緯創,2024-11-25,2024-11-28,116.13,105.87,-9.38,-10195.83,3,積分轉負
2024多頭年,一次買完,4979,未知,2024-11-25,2024-12-02,165.74,191.39,14.79,11418.24,7,15%停利
2024多頭年,一次買完,2412,未知,2024-11-25,2024-12-02,114.48,114.01,-1.0,-4754.98,7,積分轉負
2024多頭年,一次買完,2059,川湖,2024-11-25,2024-12-12,1448.95,1533.02,5.17,4512.39,17,積分轉負
2024多頭年,一次買完,3706,神達,2024-11-25,2024-12-24,76.79,63.21,-18.17,-11675.59,29,觸發停損
2024多頭年,一次買完,3017,奇鋐,2024-12-02,2024-12-10,672.12,676.08,-0.01,-39.23,8,積分轉負
2024多頭年,一次買完,3324,雙鴻,2024-12-02,2024-12-11,688.1,681.27,-1.58,-5108.59,9,積分轉負
2024多頭年,一次買完,2383,台光電,2024-12-02,2024-12-13,497.47,591.24,18.14,62404.38,11,15%停利
2024多頭年,一次買完,2368,金像電,2024-12-09,2024-12-16,198.06,233.49,17.19,2567.86,7,15%停利
2024多頭年,一次買完,3661,世芯-KY,2024-12-09,2024-12-17,2649.9,3288.85,23.37,83947.56,8,15%停利
2024多頭年,一次買完,2308,台達電,2024-12-16,2024-12-20,416.38,402.69,-3.86,-10031.41,4,積分轉負
2024多頭年,一次買完,6274,台燿,2024-12-16,2024-12-20,172.14,166.94,-3.6,-6294.02,4,積分轉負
2024多頭年,一次買完,3443,創意,2024-12-16,2024-12-20,1338.95,1324.24,-1.69,-2171.54,4,積分轉負
2024多頭年,一次買完,2383,台光電,2024-12-16,2024-12-25,602.1,583.35,-3.69,-6071.16,9,積分轉負
2024多頭年,一次買完,6669,緯穎,2024-12-16,2024-12-25,2359.13,2439.34,2.78,3652.28,9,積分轉負
2024多頭年,一次買完,2368,金像電,2024-12-16,2024-12-31,233.49,982.0,318.05,448781.5,15,期末平倉
2024多頭年,一次買完,3034,聯詠,2024-12-23,2024-12-31,453.68,542.0,18.75,95941.27,8,期末平倉
2024多頭年,一次買完,2330,台積電,2024-12-23,2024-12-31,1056.37,2370.0,123.01,599602.61,8,期末平倉
2024多頭年,一次買完,3044,健鼎,2024-12-30,2024-12-31,185.28,394.0,111.38,556637.46,1,期末平倉
2024多頭年,3:3:4分批,6139,亞翔,2024-01-08,2024-01-11,153.26,144.06,-6.57,-1246.45,3,積分轉負
2024多頭年,3:3:4分批,2301,未知,2024-01-08,2024-01-11,103.96,98.51,-5.81,-2058.43,3,積分轉負
2024多頭年,3:3:4分批,3189,景碩,2024-01-08,2024-01-11,95.53,93.96,-2.22,-1017.11,3,積分轉負
2024多頭年,3:3:4分批,2330,台積電,2024-01-08,2024-01-17,562.18,558.82,-1.19,-1750.62,9,積分轉負
2024多頭年,3:3:4分批,6488,未知,2024-01-08,2024-01-17,551.39,535.27,-3.5,-2599.28,9,積分轉負
2024多頭年,3:3:4分批,2385,未知,2024-01-08,2024-01-19,152.8,148.54,-3.37,-1003.33,11,積分轉負
2024多頭年,3:3:4分批,5269,祥碩,2024-01-08,2024-01-24,1778.42,1721.02,-3.81,-2710.23,16,積分轉負
2024多頭年,3:3:4分批,3034,聯詠,2024-01-08,2024-01-29,444.3,446.83,-0.03,-42.86,21,積分轉負
2024多頭年,3:3:4分批,6531,愛普*,2024-01-15,2024-01-19,513.7,494.63,-4.29,-4629.92,4,積分轉負
2024多頭年,3:3:4分批,1560,未知,2024-01-15,2024-01-19,191.36,188.93,-1.86,-1977.1,4,積分轉負
2024多頭年,3:3:4分批,6643,M31,2024-01-15,2024-01-26,1091.74,1260.89,14.8,25313.7,11,15%停利
2024多頭年,3:3:4分批,2059,川湖,2024-01-22,2024-01-26,1051.25,977.91,-7.53,-4661.46,4,積分轉負
2024多頭年,3:3:4分批,2383,台光電,2024-01-22,2024-01-26,420.36,400.09,-5.39,-3553.08,4,積分轉負
2024多頭年,3:3:4分批,3231,緯創,2024-01-22,2024-02-01,106.1,104.73,-1.88,-2446.93,10,積分轉負
2024多頭年,3:3:4分批,3017,奇鋐,2024-01-22,2024-02-01,377.64,448.25,17.99,16502.88,10,15%停利
2024多頭年,3:3:4分批,2376,技嘉,2024-01-22,2024-02-15,282.56,336.29,18.3,37263.39,24,15%停利
2024多頭年,3:3:4分批,1519,未知,2024-01-29,2024-02-01,285.69,352.51,22.65,8600.42,3,15%停利
2024多頭年,3:3:4分批,2330,台積電,2024-01-29,2024-02-01,623.26,604.02,-3.67,-4142.38,3,積分轉負
2024多頭年,3:3:4分批,2421,建準,2024-01-29,2024-02-20,112.31,121.11,7.19,5410.46,22,積分轉負
2024多頭年,3:3:4分批,3037,欣興,2024-01-29,2024-02-27,183.38,173.47,-5.97,-11429.63,29,觸發停損
2024多頭年,3:3:4分批,2313,華通,2024-01-29,2024-02-27,68.52,70.25,1.91,3427.49,29,觸發停損
2024多頭年,3:3:4分批,3231,緯創,2024-02-05,2024-02-20,113.38,111.11,-2.59,-2017.39,15,積分轉負
2024多頭年,3:3:4分批,2383,台光電,2024-02-05,2024-02-21,488.5,475.38,-3.27,-4555.17,16,積分轉負
2024多頭年,3:3:4分批,6274,台燿,2024-02-05,2024-03-14,143.58,144.03,-0.29,-648.66,38,積分轉負
2024多頭年,3:3:4分批,3081,聯亞,2024-02-05,2024-03-22,129.92,125.54,-3.95,-11167.81,46,積分轉負
2024多頭年,3:3:4分批,2376,技嘉,2024-02-19,2024-02-21,332.66,315.42,-5.75,-4018.83,2,積分轉負
2024多頭年,3:3:4分批,3131,弘塑,2024-02-26,2024-03-06,836.67,976.19,15.98,16123.88,9,15%停利
2024多頭年,3:3:4分批,1519,未知,2024-02-26,2024-03-08,388.63,362.63,-7.25,-2560.58,11,積分轉負
2024多頭年,3:3:4分批,3653,健策,2024-02-26,2024-03-11,924.16,929.65,-0.01,-4.18,14,積分轉負
2024多頭年,3:3:4分批,2454,聯發科,2024-02-26,2024-03-15,1070.06,1040.18,-3.37,-1942.27,18,積分轉負
2024多頭年,3:3:4分批,3017,奇鋐,2024-03-04,2024-03-08,542.79,562.39,2.99,1954.25,4,觸發停損
2024多頭年,3:3:4分批,2455,全新,2024-03-04,2024-03-11,172.77,163.7,-5.82,-5429.36,7,積分轉負
2024多頭年,3:3:4分批,2317,鴻海,2024-03-11,2024-03-15,100.04,120.6,19.83,21510.0,4,15%停利
2024多頭年,3:3:4分批,2404,未知,2024-03-11,2024-03-15,338.86,301.06,-11.69,-6722.51,4,觸發停損
2024多頭年,3:3:4分批,2385,未知,2024-03-11,2024-03-18,186.85,215.37,14.57,6137.06,7,15%停利
2024多頭年,3:3:4分批,3037,欣興,2024-03-11,2024-03-27,182.18,185.58,1.26,2490.2,16,積分轉負
2024多頭年,3:3:4分批,3324,雙鴻,2024-03-11,2024-04-03,661.88,768.32,15.39,16638.21,23,15%停利
2024多頭年,3:3:4分批,5269,祥碩,2024-03-18,2024-03-20,2168.96,2074.65,-4.92,-1900.53,2,積分轉負
2024多頭年,3:3:4分批,1503,未知,2024-03-18,2024-03-21,212.52,251.15,17.47,6039.62,3,15%停利
2024多頭年,3:3:4分批,3034,聯詠,2024-03-18,2024-03-25,519.87,506.12,-3.23,-2175.7,7,積分轉負
2024多頭年,3:3:4分批,8046,南電,2024-03-18,2024-03-25,202.59,200.19,-1.78,-1334.27,7,積分轉負
2024多頭年,3:3:4分批,5347,未知,2024-03-18,2024-03-27,75.74,77.82,2.13,1790.32,9,積分轉負
2024多頭年,3:3:4分批,3587,閎康,2024-03-25,2024-03-29,241.63,240.74,-0.97,-774.28,4,積分轉負
2024多頭年,3:3:4分批,2421,建準,2024-03-25,2024-04-03,117.14,116.14,-1.45,-1639.3,9,積分轉負
2024多頭年,3:3:4分批,6274,台燿,2024-03-25,2024-04-11,166.97,170.8,1.68,2987.66,17,積分轉負
2024多頭年,3:3:4分批,2317,鴻海,2024-03-25,2024-04-11,138.7,137.04,-1.79,-3929.91,17,積分轉負
2024多頭年,3:3:4分批,3533,嘉澤,2024-03-25,2024-04-12,1368.12,1407.61,2.27,3320.02,18,積分轉負
2024多頭年,3:3:4分批,2492,未知,2024-04-01,2024-04-09,117.47,111.31,-5.81,-6582.93,8,積分轉負
2024多頭年,3:3:4分批,3413,未知,2024-04-01,2024-04-10,272.98,265.66,-3.26,-5252.51,9,積分轉負
2024多頭年,3:3:4分批,6213,聯茂,2024-04-01,2024-04-15,104.7,111.21,5.59,11869.91,14,觸發停損
2024多頭年,3:3:4分批,6139,亞翔,2024-04-08,2024-04-12,269.23,339.21,25.24,3439.83,4,15%停利
2024多頭年,3:3:4分批,3231,緯創,2024-04-08,2024-04-16,120.21,103.82,-14.15,-1350.4,8,觸發停損
2024多頭年,3:3:4分批,6415,未知,2024-04-15,2024-04-17,390.89,363.29,-7.62,-2622.26,2,積分轉負
2024多頭年,3:3:4分批,3711,日月光投控,2024-04-15,2024-04-17,148.06,144.36,-3.08,-1430.39,2,積分轉負
2024多頭年,3:3:4分批,6515,穎崴,2024-04-15,2024-04-19,851.99,789.42,-7.9,-2794.3,4,積分轉負
2024多頭年,3:3:4分批,6139,亞翔,2024-04-15,2024-04-19,305.38,287.77,-6.33,-1385.27,4,積分轉負
2024多頭年,3:3:4分批,3017,奇鋐,2024-04-15,2024-04-22,603.54,555.53,-8.51,-2098.56,7,積分轉負
2024多頭年,3:3:4分批,6182,未知,2024-04-15,2024-04-22,39.42,38.29,-3.45,-3256.62,7,積分轉負
2024多頭年,3:3:4分批,5434,未知,2024-04-15,2024-04-24,223.05,228.0,1.61,687.89,9,積分轉負
2024多頭年,3:3:4分批,2412,未知,2024-04-22,2024-04-26,111.92,110.14,-2.18,-1854.23,4,積分轉負
2024多頭年,3:3:4分批,2301,未知,2024-04-22,2024-05-03,91.66,92.44,0.25,141.02,11,積分轉負
2024多頭年,3:3:4分批,2395,研華,2024-04-22,2024-05-03,348.16,332.2,-5.16,-4270.79,11,積分轉負
2024多頭年,3:3:4分批,2492,未知,2024-04-22,2024-05-10,106.62,107.05,-0.2,-142.14,18,積分轉負
2024多頭年,3:3:4分批,6214,未知,2024-04-22,2024-05-10,108.91,107.73,-1.67,-2275.67,18,積分轉負
2024多頭年,3:3:4分批,4958,未知,2024-04-22,2024-05-22,106.47,107.0,-0.11,-79.22,30,積分轉負
2024多頭年,3:3:4分批,6183,未知,2024-04-22,2024-07-09,69.16,69.65,0.1,202.04,78,積分轉負
2024多頭年,3:3:4分批,3443,創意,2024-04-29,2024-05-10,1321.21,1233.78,-7.18,-10491.61,11,積分轉負
2024多頭年,3:3:4分批,8996,高力,2024-04-29,2024-05-23,400.14,468.28,16.33,48112.53,24,15%停利
2024多頭年,3:3:4分批,2317,鴻海,2024-05-06,2024-05-20,153.03,153.03,-0.6,-651.98,14,積分轉負
2024多頭年,3:3:4分批,2357,華碩,2024-05-06,2024-05-21,394.61,422.16,6.34,9678.23,15,觸發停損
2024多頭年,3:3:4分批,6269,未知,2024-05-13,2024-05-21,95.81,92.58,-3.94,-1889.73,8,積分轉負
2024多頭年,3:3:4分批,8210,勤誠,2024-05-13,2024-05-30,304.44,302.27,-1.31,-1768.38,17,觸發停損
2024多頭年,3:3:4分批,2454,聯發科,2024-05-13,2024-06-13,1100.93,1269.3,14.6,33250.47,31,15%停利
2024多頭年,3:3:4分批,3443,創意,2024-05-20,2024-06-14,1475.35,1535.14,3.43,2430.21,25,積分轉負
2024多頭年,3:3:4分批,6415,未知,2024-05-27,2024-05-30,471.24,461.38,-2.68,-1318.4,3,積分轉負
2024多頭年,3:3:4分批,2458,未知,2024-05-27,2024-05-31,155.62,146.63,-6.34,-4545.74,4,積分轉負
2024多頭年,3:3:4分批,2303,聯電,2024-05-27,2024-05-31,49.52,48.12,-3.41,-3176.19,4,積分轉負
2024多頭年,3:3:4分批,2345,智邦,2024-05-27,2024-06-11,498.74,507.92,1.23,1583.41,15,積分轉負
2024多頭年,3:3:4分批,1560,未知,2024-06-03,2024-06-05,281.69,273.44,-3.51,-2122.55,2,積分轉負
2024多頭年,3:3:4分批,3013,晟銘電,2024-06-03,2024-06-07,93.65,90.68,-3.74,-1909.8,4,積分轉負
2024多頭年,3:3:4分批,5483,未知,2024-06-03,2024-06-07,193.44,189.37,-2.69,-2837.21,4,積分轉負
2024多頭年,3:3:4分批,6643,M31,2024-06-03,2024-06-12,932.32,911.78,-2.79,-1673.98,9,積分轉負
2024多頭年,3:3:4分批,3529,力旺,2024-06-17,2024-06-21,2659.64,2556.97,-4.44,-1550.78,4,積分轉負
2024多頭年,3:3:4分批,3081,聯亞,2024-06-17,2024-06-21,133.22,155.79,16.25,5112.44,4,15%停利
2024多頭年,3:3:4分批,3034,聯詠,2024-06-17,2024-06-21,534.47,531.04,-1.24,-891.66,4,積分轉負
2024多頭年,3:3:4分批,4958,未知,2024-06-17,2024-06-24,115.26,119.53,3.08,1295.98,7,積分轉負
2024多頭年,3:3:4分批,6415,未知,2024-06-17,2024-06-25,517.58,492.93,-5.33,-1589.34,8,積分轉負
2024多頭年,3:3:4分批,3035,智原,2024-06-17,2024-06-25,313.35,301.82,-4.26,-1787.52,8,積分轉負
2024多頭年,3:3:4分批,2308,台達電,2024-06-17,2024-07-11,363.45,424.2,16.02,25422.67,24,15%停利
2024多頭年,3:3:4分批,2455,全新,2024-06-24,2024-06-26,166.78,152.76,-8.95,-4800.86,2,積分轉負
2024多頭年,3:3:4分批,2449,京元電子,2024-06-24,2024-07-02,102.38,99.26,-3.62,-2031.71,8,積分轉負
2024多頭年,3:3:4分批,5483,未知,2024-06-24,2024-07-03,196.75,196.15,-0.9,-2134.38,9,積分轉負
2024多頭年,3:3:4分批,2368,金像電,2024-06-24,2024-07-11,205.46,213.59,3.34,8022.02,17,積分轉負
2024多頭年,3:3:4分批,5434,未知,2024-07-01,2024-07-03,259.91,253.85,-2.92,-1657.61,2,積分轉負
2024多頭年,3:3:4分批,3131,弘塑,2024-07-01,2024-07-11,1377.74,1301.59,-6.09,-5951.24,10,積分轉負
2024多頭年,3:3:4分批,6488,未知,2024-07-01,2024-07-17,547.8,541.82,-1.68,-4554.94,16,積分轉負
2024多頭年,3:3:4分批,2317,鴻海,2024-07-08,2024-07-15,212.24,202.87,-4.99,-2615.7,7,積分轉負
2024多頭年,3:3:4分批,3105,穩懋,2024-07-08,2024-07-22,175.73,153.58,-13.13,-4820.12,14,觸發停損
2024多頭年,3:3:4分批,2449,京元電子,2024-07-08,2024-07-26,118.4,99.06,-16.84,-12617.16,18,觸發停損
2024多頭年,3:3:4分批,3013,晟銘電,2024-07-15,2024-07-17,109.15,131.87,20.09,10411.77,2,15%停利
2024多頭年,3:3:4分批,3037,欣興,2024-07-15,2024-07-18,188.29,202.1,6.69,5052.13,3,觸發停損
2024多頭年,3:3:4分批,1513,未知,2024-07-15,2024-07-19,221.04,206.96,-6.93,-4099.27,4,積分轉負
2024多頭年,3:3:4分批,6223,未知,2024-07-15,2024-07-19,623.32,579.15,-7.64,-3688.14,4,積分轉負
2024多頭年,3:3:4分批,3661,世芯-KY,2024-07-15,2024-07-22,2883.85,2712.19,-6.51,-4240.68,7,積分轉負
2024多頭年,3:3:4分批,2395,研華,2024-07-22,2024-07-26,356.07,334.11,-6.73,-2945.61,4,觸發停損
2024多頭年,3:3:4分批,6830,汎銓,2024-07-22,2024-07-29,138.59,133.64,-4.15,-1300.09,7,觸發停損
2024多頭年,3:3:4分批,3131,弘塑,2024-07-22,2024-08-02,1354.23,1374.02,0.85,102.89,11,積分轉負
2024多頭年,3:3:4分批,6183,未知,2024-07-22,2024-08-05,70.21,67.96,-3.77,-4048.11,14,觸發停損
2024多頭年,3:3:4分批,2359,所羅門,2024-07-22,2024-08-06,161.1,135.97,-16.1,-2383.08,15,積分轉負
2024多頭年,3:3:4分批,5443,均豪,2024-07-22,2024-08-16,91.38,105.16,14.4,3325.59,25,15%停利
2024多頭年,3:3:4分批,2412,未知,2024-07-22,2024-09-30,113.07,116.33,2.26,5971.48,70,積分轉負
2024多頭年,3:3:4分批,3374,未知,2024-07-29,2024-08-01,203.55,243.48,18.9,11519.37,3,15%停利
2024多頭年,3:3:4分批,2404,未知,2024-07-29,2024-08-05,311.11,287.35,-8.19,-11183.1,7,觸發停損
2024多頭年,3:3:4分批,2308,台達電,2024-07-29,2024-08-05,387.05,343.07,-11.89,-12187.05,7,觸發停損
2024多頭年,3:3:4分批,6187,萬潤,2024-08-12,2024-08-15,284.59,341.42,19.25,6769.09,3,15%停利
2024多頭年,3:3:4分批,3231,緯創,2024-08-12,2024-08-20,95.61,94.21,-2.05,-1029.82,8,積分轉負
2024多頭年,3:3:4分批,3583,辛耘,2024-08-12,2024-08-22,429.18,443.12,2.63,1749.14,10,積分轉負
2024多頭年,3:3:4分批,1609,未知,2024-08-12,2024-08-27,50.85,51.48,0.62,333.94,15,積分轉負
2024多頭年,3:3:4分批,3587,閎康,2024-08-12,2024-08-30,265.33,271.75,1.81,1811.4,18,積分轉負
2024多頭年,3:3:4分批,2303,聯電,2024-08-12,2024-09-05,51.13,49.78,-3.23,-8372.52,24,積分轉負
2024多頭年,3:3:4分批,3529,力旺,2024-08-19,2024-08-26,2559.8,2500.73,-2.89,-3592.73,7,積分轉負
2024多頭年,3:3:4分批,3289,宜特,2024-08-19,2024-09-06,146.46,138.73,-5.84,-10181.02,18,積分轉負
2024多頭年,3:3:4分批,6415,未知,2024-08-26,2024-08-30,472.72,464.83,-2.26,-1638.1,4,積分轉負
2024多頭年,3:3:4分批,2324,仁寶,2024-08-26,2024-09-04,31.32,29.65,-5.9,-4704.69,9,積分轉負
2024多頭年,3:3:4分批,2357,華碩,2024-08-26,2024-09-05,492.74,465.95,-6.0,-12350.95,10,積分轉負
2024多頭年,3:3:4分批,3380,明泰,2024-09-02,2024-09-06,34.13,31.19,-9.17,-3280.98,4,觸發停損
2024多頭年,3:3:4分批,5434,未知,2024-09-02,2024-09-06,270.18,261.31,-3.86,-676.77,4,積分轉負
2024多頭年,3:3:4分批,3227,未知,2024-09-02,2024-09-18,199.29,202.2,0.85,710.96,16,觸發停損
2024多頭年,3:3:4分批,6414,樺漢,2024-09-09,2024-09-11,264.16,258.61,-2.69,-1745.05,2,積分轉負
2024多頭年,3:3:4分批,6515,穎崴,2024-09-09,2024-09-16,1192.71,1392.31,16.04,5193.89,7,15%停利
2024多頭年,3:3:4分批,2458,未知,2024-09-09,2024-09-19,131.02,130.43,-1.04,-1236.65,10,積分轉負
2024多頭年,3:3:4分批,2324,仁寶,2024-09-09,2024-09-23,31.2,31.0,-1.24,-1606.42,14,積分轉負
2024多頭年,3:3:4分批,6438,未知,2024-09-09,2024-09-25,121.22,140.65,15.33,23304.91,16,15%停利
2024多頭年,3:3:4分批,8996,高力,2024-09-09,2024-10-04,391.37,382.56,-2.84,-1871.07,25,積分轉負
2024多頭年,3:3:4分批,6214,未知,2024-09-16,2024-09-25,118.3,115.79,-2.7,-4207.9,9,積分轉負
2024多頭年,3:3:4分批,6187,萬潤,2024-09-16,2024-09-30,458.16,456.51,-0.96,-1668.29,14,積分轉負
2024多頭年,3:3:4分批,3680,未知,2024-09-23,2024-09-25,574.02,553.76,-4.11,-2175.31,2,積分轉負
2024多頭年,3:3:4分批,3583,辛耘,2024-09-23,2024-09-27,443.12,429.92,-3.56,-2694.41,4,積分轉負
2024多頭年,3:3:4分批,1519,未知,2024-09-23,2024-10-09,521.74,492.13,-6.24,-4626.35,16,積分轉負
2024多頭年,3:3:4分批,3081,聯亞,2024-09-30,2024-10-04,267.79,313.55,16.39,5015.73,4,15%停利
2024多頭年,3:3:4分批,5483,未知,2024-09-30,2024-10-07,164.02,155.68,-5.65,-4388.51,7,積分轉負
2024多頭年,3:3:4分批,3034,聯詠,2024-09-30,2024-10-08,470.01,461.84,-2.33,-1616.22,8,積分轉負
2024多頭年,3:3:4分批,8046,南電,2024-09-30,2024-10-09,140.46,133.54,-5.5,-6242.48,9,積分轉負
2024多頭年,3:3:4分批,4979,未知,2024-09-30,2024-10-17,151.06,151.93,-0.03,-25.62,17,積分轉負
2024多頭年,3:3:4分批,8114,未知,2024-09-30,2024-10-30,196.16,192.79,-2.31,-2816.68,30,積分轉負
2024多頭年,3:3:4分批,3363,上詮,2024-10-07,2024-10-09,213.5,247.5,15.23,11201.31,2,15%停利
2024多頭年,3:3:4分批,6139,亞翔,2024-10-07,2024-10-11,228.6,212.72,-7.5,-10339.02,4,積分轉負
2024多頭年,3:3:4分批,6438,未知,2024-10-07,2024-10-18,170.2,200.39,17.03,30209.33,11,15%停利
2024多頭年,3:3:4分批,2449,京元電子,2024-10-14,2024-10-25,118.21,119.14,0.18,207.66,11,積分轉負
2024多頭年,3:3:4分批,6669,緯穎,2024-10-14,2024-10-25,1870.76,1868.43,-0.72,-922.43,11,積分轉負
2024多頭年,3:3:4分批,3017,奇鋐,2024-10-14,2024-10-25,641.39,658.24,2.01,1304.77,11,積分轉負
2024多頭年,3:3:4分批,6442,光聖,2024-10-14,2024-10-28,450.03,441.53,-2.48,-2371.79,14,觸發停損
2024多頭年,3:3:4分批,6202,未知,2024-10-14,2024-11-01,55.9,54.0,-3.98,-5289.34,18,積分轉負
2024多頭年,3:3:4分批,3529,力旺,2024-10-21,2024-10-25,3180.06,3160.37,-1.21,-1388.79,4,積分轉負
2024多頭年,3:3:4分批,2382,廣達,2024-10-21,2024-11-13,289.81,294.75,1.1,3598.33,23,積分轉負
2024多頭年,3:3:4分批,2458,未知,2024-10-28,2024-10-30,141.06,135.05,-4.83,-2810.44,2,積分轉負
2024多頭年,3:3:4分批,8050,未知,2024-10-28,2024-11-05,68.31,67.4,-1.93,-1749.8,8,積分轉負
2024多頭年,3:3:4分批,2395,研華,2024-10-28,2024-11-12,306.42,306.9,-0.44,-523.89,15,積分轉負
2024多頭年,3:3:4分批,2317,鴻海,2024-10-28,2024-11-13,203.03,201.0,-1.59,-2998.97,16,積分轉負
2024多頭年,3:3:4分批,3037,欣興,2024-10-28,2024-11-14,165.84,163.65,-1.91,-1350.26,17,積分轉負
2024多頭年,3:3:4分批,3661,世芯-KY,2024-11-04,2024-11-15,2223.79,2283.37,2.06,2954.33,11,積分轉負
2024多頭年,3:3:4分批,3231,緯創,2024-11-04,2024-11-15,108.2,109.6,0.69,750.86,11,積分轉負
2024多頭年,3:3:4分批,6442,光聖,2024-11-04,2024-11-27,514.78,485.78,-6.2,-12948.3,23,積分轉負
2024多頭年,3:3:4分批,3034,聯詠,2024-11-18,2024-11-20,445.97,436.44,-2.72,-1698.07,2,積分轉負
2024多頭年,3:3:4分批,3706,神達,2024-11-18,2024-11-21,59.88,71.84,19.25,5903.76,3,15%停利
2024多頭年,3:3:4分批,8114,未知,2024-11-18,2024-11-25,248.92,288.49,15.2,4744.31,7,15%停利
2024多頭年,3:3:4分批,5483,未知,2024-11-18,2024-11-25,150.59,146.88,-3.05,-1577.43,7,積分轉負
2024多頭年,3:3:4分批,2404,未知,2024-11-18,2024-11-26,357.68,377.24,4.84,2394.51,8,積分轉負
2024多頭年,3:3:4分批,6202,未知,2024-11-18,2024-11-28,53.15,51.0,-4.62,-3515.11,10,積分轉負
2024多頭年,3:3:4分批,2345,智邦,2024-11-18,2024-12-13,634.41,730.59,14.47,17536.69,25,15%停利
2024多頭年,3:3:4分批,3363,上詮,2024-11-25,2024-11-27,226.5,210.0,-7.84,-6061.54,2,積分轉負
2024多頭年,3:3:4分批,4979,未知,2024-11-25,2024-12-02,165.74,191.39,14.79,11106.0,7,15%停利
2024多頭年,3:3:4分批,2059,川湖,2024-11-25,2024-12-12,1499.89,1533.02,1.6,4522.6,17,積分轉負
2024多頭年,3:3:4分批,3706,神達,2024-11-25,2024-12-24,76.79,63.21,-18.17,-11356.31,29,觸發停損
2024多頭年,3:3:4分批,3017,奇鋐,2024-12-02,2024-12-10,672.12,676.08,-0.01,-5.87,8,積分轉負
2024多頭年,3:3:4分批,3324,雙鴻,2024-12-02,2024-12-11,688.1,681.27,-1.58,-764.31,9,積分轉負
2024多頭年,3:3:4分批,2383,台光電,2024-12-02,2024-12-16,519.18,602.1,15.28,15727.06,14,15%停利
2024多頭年,3:3:4分批,2454,聯發科,2024-12-02,2024-12-23,1258.66,1320.79,4.31,9780.88,21,積分轉負
2024多頭年,3:3:4分批,3044,健鼎,2024-12-02,2024-12-31,182.27,394.0,114.87,314567.93,29,期末平倉
2024多頭年,3:3:4分批,2308,台達電,2024-12-16,2024-12-20,416.38,402.69,-3.86,-3414.91,4,積分轉負
2024多頭年,3:3:4分批,6274,台燿,2024-12-16,2024-12-20,172.14,166.94,-3.6,-2142.62,4,積分轉負
2024多頭年,3:3:4分批,3661,世芯-KY,2024-12-16,2024-12-25,3130.97,3189.78,1.27,1220.38,9,積分轉負
2024多頭年,3:3:4分批,2383,台光電,2024-12-16,2024-12-25,601.11,583.35,-3.54,-3956.28,9,積分轉負
2024多頭年,3:3:4分批,2368,金像電,2024-12-16,2024-12-31,233.49,982.0,318.05,305550.03,15,期末平倉
2024多頭年,3:3:4分批,2376,技嘉,2024-12-23,2024-12-30,257.67,255.34,-1.5,-1306.96,7,積分轉負
2024多頭年,3:3:4分批,3034,聯詠,2024-12-23,2024-12-31,453.68,542.0,18.75,40793.71,8,期末平倉
2024多頭年,3:3:4分批,2330,台積電,2024-12-23,2024-12-31,1061.23,2370.0,121.99,252827.64,8,期末平倉
2024多頭年,3:3:4分批,4991,未知,2024-12-30,2024-12-31,131.5,465.0,251.5,91114.04,1,期末平倉
2024多頭年,3:3:4分批,8299,群聯,2024-12-30,2024-12-31,490.15,2020.0,309.65,257307.27,1,期末平倉
2024多頭年,3:3:4分批,8046,南電,2024-12-30,2024-12-31,121.17,1080.0,785.97,457170.26,1,期末平倉
2024多頭年,3:3:4分批,2383,台光電,2024-12-30,2024-12-31,610.98,5240.0,752.5,306392.49,1,期末平倉
